tpep_pickup_datetime,passenger_demand,taxi_demand
2025-01-01 00:00:00,9132,7344
2025-01-01 01:00:00,8996,8468
2025-01-01 02:00:00,7364,7257
2025-01-01 03:00:00,4904,4915
2025-01-01 04:00:00,3015,2918
2025-01-01 05:00:00,1305,1429
2025-01-01 06:00:00,1165,1220
2025-01-01 07:00:00,1191,1116
2025-01-01 08:00:00,1315,1116
2025-01-01 09:00:00,1923,1524
2025-01-01 10:00:00,3117,2289
2025-01-01 11:00:00,4201,3228
2025-01-01 12:00:00,5503,4087
2025-01-01 13:00:00,6571,4770
2025-01-01 14:00:00,7069,5057
2025-01-01 15:00:00,7128,5025
2025-01-01 16:00:00,6639,4587
2025-01-01 17:00:00,6775,4737
2025-01-01 18:00:00,6179,4317
2025-01-01 19:00:00,5367,3717
2025-01-01 20:00:00,4788,3331
2025-01-01 21:00:00,4767,3264
2025-01-01 22:00:00,3894,2707
2025-01-01 23:00:00,2370,1765
2025-01-02 00:00:00,1344,1051
2025-01-02 01:00:00,558,436
2025-01-02 02:00:00,295,268
2025-01-02 03:00:00,303,220
2025-01-02 04:00:00,342,277
2025-01-02 05:00:00,726,624
2025-01-02 06:00:00,1588,1341
2025-01-02 07:00:00,2468,2163
2025-01-02 08:00:00,3599,3021
2025-01-02 09:00:00,4668,3779
2025-01-02 10:00:00,5992,4394
2025-01-02 11:00:00,6653,4825
2025-01-02 12:00:00,7320,5280
2025-01-02 13:00:00,8294,5972
2025-01-02 14:00:00,8856,6344
2025-01-02 15:00:00,8819,6174
2025-01-02 16:00:00,9371,6537
2025-01-02 17:00:00,8759,6288
2025-01-02 18:00:00,8179,5853
2025-01-02 19:00:00,6734,4754
2025-01-02 20:00:00,6241,4258
2025-01-02 21:00:00,7087,4743
2025-01-02 22:00:00,5612,3792
2025-01-02 23:00:00,3379,2438
2025-01-03 00:00:00,2003,1527
2025-01-03 01:00:00,1034,851
2025-01-03 02:00:00,639,506
2025-01-03 03:00:00,432,349
2025-01-03 04:00:00,370,327
2025-01-03 05:00:00,663,551
2025-01-03 06:00:00,1377,1237
2025-01-03 07:00:00,2499,2165
2025-01-03 08:00:00,3481,2901
2025-01-03 09:00:00,4640,3679
2025-01-03 10:00:00,6069,4526
2025-01-03 11:00:00,6763,5024
2025-01-03 12:00:00,7076,5305
2025-01-03 13:00:00,7725,5626
2025-01-03 14:00:00,9028,6457
2025-01-03 15:00:00,9074,6420
2025-01-03 16:00:00,9214,6528
2025-01-03 17:00:00,9077,6481
2025-01-03 18:00:00,9083,6422
2025-01-03 19:00:00,7910,5538
2025-01-03 20:00:00,6887,4705
2025-01-03 21:00:00,7719,5184
2025-01-03 22:00:00,7711,5195
2025-01-03 23:00:00,5121,3746
2025-01-04 00:00:00,4189,3168
2025-01-04 01:00:00,2868,2193
2025-01-04 02:00:00,1866,1438
2025-01-04 03:00:00,1273,1002
2025-01-04 04:00:00,599,503
2025-01-04 05:00:00,488,391
2025-01-04 06:00:00,885,728
2025-01-04 07:00:00,1421,1132
2025-01-04 08:00:00,2299,1768
2025-01-04 09:00:00,3852,2935
2025-01-04 10:00:00,5871,4233
2025-01-04 11:00:00,7161,5110
2025-01-04 12:00:00,8184,5762
2025-01-04 13:00:00,9135,6426
2025-01-04 14:00:00,9110,6390
2025-01-04 15:00:00,10132,6826
2025-01-04 16:00:00,10344,7069
2025-01-04 17:00:00,10104,6984
2025-01-04 18:00:00,9142,6472
2025-01-04 19:00:00,8778,6144
2025-01-04 20:00:00,7887,5301
2025-01-04 21:00:00,8348,5555
2025-01-04 22:00:00,7996,5402
2025-01-04 23:00:00,6786,4872
2025-01-05 00:00:00,5084,3889
2025-01-05 01:00:00,3738,2823
2025-01-05 02:00:00,2432,1836
2025-01-05 03:00:00,1482,1182
2025-01-05 04:00:00,842,718
2025-01-05 05:00:00,555,453
2025-01-05 06:00:00,879,760
2025-01-05 07:00:00,1490,1196
2025-01-05 08:00:00,2318,1785
2025-01-05 09:00:00,3697,2788
2025-01-05 10:00:00,5284,3923
2025-01-05 11:00:00,6454,4730
2025-01-05 12:00:00,7016,5209
2025-01-05 13:00:00,7653,5523
2025-01-05 14:00:00,7653,5536
2025-01-05 15:00:00,8275,5840
2025-01-05 16:00:00,8171,5890
2025-01-05 17:00:00,7634,5505
2025-01-05 18:00:00,6758,4910
2025-01-05 19:00:00,5704,4068
2025-01-05 20:00:00,5069,3661
2025-01-05 21:00:00,4389,3234
2025-01-05 22:00:00,3156,2381
2025-01-05 23:00:00,2321,1784
2025-01-06 00:00:00,1455,1125
2025-01-06 01:00:00,590,480
2025-01-06 02:00:00,324,253
2025-01-06 03:00:00,240,194
2025-01-06 04:00:00,252,215
2025-01-06 05:00:00,744,697
2025-01-06 06:00:00,1730,1678
2025-01-06 07:00:00,3765,3606
2025-01-06 08:00:00,4573,4300
2025-01-06 09:00:00,4717,4161
2025-01-06 10:00:00,5236,4322
2025-01-06 11:00:00,5557,4519
2025-01-06 12:00:00,5991,4793
2025-01-06 13:00:00,5786,4758
2025-01-06 14:00:00,6245,4956
2025-01-06 15:00:00,6766,5351
2025-01-06 16:00:00,6774,5368
2025-01-06 17:00:00,7137,5907
2025-01-06 18:00:00,7058,5872
2025-01-06 19:00:00,5789,4777
2025-01-06 20:00:00,5186,4143
2025-01-06 21:00:00,4977,4012
2025-01-06 22:00:00,3541,2830
2025-01-06 23:00:00,2247,1809
2025-01-07 00:00:00,1459,1142
2025-01-07 01:00:00,587,475
2025-01-07 02:00:00,323,266
2025-01-07 03:00:00,226,178
2025-01-07 04:00:00,263,239
2025-01-07 05:00:00,756,684
2025-01-07 06:00:00,1794,1806
2025-01-07 07:00:00,3932,4019
2025-01-07 08:00:00,5515,5391
2025-01-07 09:00:00,5890,5344
2025-01-07 10:00:00,5625,4905
2025-01-07 11:00:00,6069,5107
2025-01-07 12:00:00,6455,5449
2025-01-07 13:00:00,6319,5281
2025-01-07 14:00:00,7154,5924
2025-01-07 15:00:00,8191,6593
2025-01-07 16:00:00,8462,6836
2025-01-07 17:00:00,8926,7574
2025-01-07 18:00:00,8642,8146
2025-01-07 19:00:00,7043,6341
2025-01-07 20:00:00,6638,6179
2025-01-07 21:00:00,6761,6327
2025-01-07 22:00:00,4462,4050
2025-01-07 23:00:00,2847,2387
2025-01-08 00:00:00,1429,1188
2025-01-08 01:00:00,491,412
2025-01-08 02:00:00,250,214
2025-01-08 03:00:00,250,190
2025-01-08 04:00:00,212,225
2025-01-08 05:00:00,661,651
2025-01-08 06:00:00,1572,1896
2025-01-08 07:00:00,3892,4577
2025-01-08 08:00:00,5470,6203
2025-01-08 09:00:00,5717,5549
2025-01-08 10:00:00,5861,5163
2025-01-08 11:00:00,6224,5414
2025-01-08 12:00:00,6468,5577
2025-01-08 13:00:00,6928,5936
2025-01-08 14:00:00,7590,6448
2025-01-08 15:00:00,8714,7229
2025-01-08 16:00:00,8633,7235
2025-01-08 17:00:00,10099,9215
2025-01-08 18:00:00,10278,9928
2025-01-08 19:00:00,8092,7408
2025-01-08 20:00:00,7452,6942
2025-01-08 21:00:00,7911,7757
2025-01-08 22:00:00,5790,5780
2025-01-08 23:00:00,3012,2760
2025-01-09 00:00:00,1582,1361
2025-01-09 01:00:00,692,580
2025-01-09 02:00:00,383,323
2025-01-09 03:00:00,407,287
2025-01-09 04:00:00,328,326
2025-01-09 05:00:00,649,692
2025-01-09 06:00:00,1739,1912
2025-01-09 07:00:00,4018,4477
2025-01-09 08:00:00,5429,6142
2025-01-09 09:00:00,5880,5737
2025-01-09 10:00:00,6140,5420
2025-01-09 11:00:00,6234,5423
2025-01-09 12:00:00,7026,6010
2025-01-09 13:00:00,7196,6076
2025-01-09 14:00:00,8031,6797
2025-01-09 15:00:00,8930,7498
2025-01-09 16:00:00,8690,7408
2025-01-09 17:00:00,10250,9389
2025-01-09 18:00:00,10421,10100
2025-01-09 19:00:00,8393,7649
2025-01-09 20:00:00,7772,6858
2025-01-09 21:00:00,8561,7706
2025-01-09 22:00:00,6015,5977
2025-01-09 23:00:00,4890,5137
2025-01-10 00:00:00,2486,2210
2025-01-10 01:00:00,1475,1218
2025-01-10 02:00:00,726,588
2025-01-10 03:00:00,401,345
2025-01-10 04:00:00,324,343
2025-01-10 05:00:00,699,767
2025-01-10 06:00:00,1500,1772
2025-01-10 07:00:00,3455,3976
2025-01-10 08:00:00,4606,4932
2025-01-10 09:00:00,4919,4543
2025-01-10 10:00:00,5510,4743
2025-01-10 11:00:00,5881,5042
2025-01-10 12:00:00,6351,5472
2025-01-10 13:00:00,6866,5785
2025-01-10 14:00:00,7390,6232
2025-01-10 15:00:00,8048,6821
2025-01-10 16:00:00,8142,6769
2025-01-10 17:00:00,9190,8079
2025-01-10 18:00:00,9472,8867
2025-01-10 19:00:00,8331,7429
2025-01-10 20:00:00,7498,5970
2025-01-10 21:00:00,8115,6177
2025-01-10 22:00:00,8148,6251
2025-01-10 23:00:00,7160,7163
2025-01-11 00:00:00,5721,6127
2025-01-11 01:00:00,4366,4747
2025-01-11 02:00:00,3057,3165
2025-01-11 03:00:00,2059,1892
2025-01-11 04:00:00,994,1000
2025-01-11 05:00:00,474,489
2025-01-11 06:00:00,795,847
2025-01-11 07:00:00,1445,1378
2025-01-11 08:00:00,2440,2175
2025-01-11 09:00:00,3847,3258
2025-01-11 10:00:00,5211,4202
2025-01-11 11:00:00,6348,5041
2025-01-11 12:00:00,7292,5826
2025-01-11 13:00:00,8104,6437
2025-01-11 14:00:00,7798,6087
2025-01-11 15:00:00,8967,6826
2025-01-11 16:00:00,10099,7728
2025-01-11 17:00:00,9946,7957
2025-01-11 18:00:00,9889,8372
2025-01-11 19:00:00,9582,8118
2025-01-11 20:00:00,8326,6580
2025-01-11 21:00:00,9060,6941
2025-01-11 22:00:00,9139,7647
2025-01-11 23:00:00,8426,9126
2025-01-12 00:00:00,6571,7636
2025-01-12 01:00:00,5309,5941
2025-01-12 02:00:00,3874,4096
2025-01-12 03:00:00,2382,2317
2025-01-12 04:00:00,1202,1372
2025-01-12 05:00:00,571,597
2025-01-12 06:00:00,768,948
2025-01-12 07:00:00,1386,1404
2025-01-12 08:00:00,2398,2268
2025-01-12 09:00:00,3649,3310
2025-01-12 10:00:00,4839,4298
2025-01-12 11:00:00,6083,5177
2025-01-12 12:00:00,7201,6107
2025-01-12 13:00:00,7518,6291
2025-01-12 14:00:00,7671,6371
2025-01-12 15:00:00,7531,6094
2025-01-12 16:00:00,7730,6360
2025-01-12 17:00:00,7730,6665
2025-01-12 18:00:00,7185,6278
2025-01-12 19:00:00,6040,4957
2025-01-12 20:00:00,5432,4549
2025-01-12 21:00:00,4892,4084
2025-01-12 22:00:00,3796,3231
2025-01-12 23:00:00,2478,2159
2025-01-13 00:00:00,1254,1136
2025-01-13 01:00:00,616,539
2025-01-13 02:00:00,320,291
2025-01-13 03:00:00,239,197
2025-01-13 04:00:00,301,343
2025-01-13 05:00:00,673,798
2025-01-13 06:00:00,1724,2093
2025-01-13 07:00:00,3741,4388
2025-01-13 08:00:00,5463,6093
2025-01-13 09:00:00,5359,5247
2025-01-13 10:00:00,5553,4832
2025-01-13 11:00:00,5659,4860
2025-01-13 12:00:00,5966,5149
2025-01-13 13:00:00,6681,5757
2025-01-13 14:00:00,7174,6136
2025-01-13 15:00:00,7827,6761
2025-01-13 16:00:00,7570,6640
2025-01-13 17:00:00,8345,7752
2025-01-13 18:00:00,8134,7742
2025-01-13 19:00:00,6877,6043
2025-01-13 20:00:00,6246,5604
2025-01-13 21:00:00,5844,5599
2025-01-13 22:00:00,4562,4327
2025-01-13 23:00:00,2375,2165
2025-01-14 00:00:00,1179,1029
2025-01-14 01:00:00,550,481
2025-01-14 02:00:00,310,294
2025-01-14 03:00:00,217,210
2025-01-14 04:00:00,276,300
2025-01-14 05:00:00,708,737
2025-01-14 06:00:00,1702,2044
2025-01-14 07:00:00,4180,4587
2025-01-14 08:00:00,5751,6506
2025-01-14 09:00:00,6103,6150
2025-01-14 10:00:00,6351,5653
2025-01-14 11:00:00,6514,5797
2025-01-14 12:00:00,7150,6260
2025-01-14 13:00:00,7408,6372
2025-01-14 14:00:00,7822,6943
2025-01-14 15:00:00,8617,7615
2025-01-14 16:00:00,9019,7959
2025-01-14 17:00:00,9820,9618
2025-01-14 18:00:00,9879,9966
2025-01-14 19:00:00,8101,7770
2025-01-14 20:00:00,7942,7762
2025-01-14 21:00:00,8139,8757
2025-01-14 22:00:00,5723,6147
2025-01-14 23:00:00,2951,2778
2025-01-15 00:00:00,1362,1271
2025-01-15 01:00:00,558,496
2025-01-15 02:00:00,306,274
2025-01-15 03:00:00,233,215
2025-01-15 04:00:00,258,320
2025-01-15 05:00:00,725,779
2025-01-15 06:00:00,1751,2193
2025-01-15 07:00:00,4106,5160
2025-01-15 08:00:00,5853,7129
2025-01-15 09:00:00,6168,6340
2025-01-15 10:00:00,6364,5742
2025-01-15 11:00:00,6654,5819
2025-01-15 12:00:00,7181,6312
2025-01-15 13:00:00,7355,6405
2025-01-15 14:00:00,8063,7095
2025-01-15 15:00:00,8752,7696
2025-01-15 16:00:00,8786,7575
2025-01-15 17:00:00,9996,9463
2025-01-15 18:00:00,10406,10198
2025-01-15 19:00:00,8814,8308
2025-01-15 20:00:00,8368,8209
2025-01-15 21:00:00,8252,8672
2025-01-15 22:00:00,6090,6577
2025-01-15 23:00:00,3307,3111
2025-01-16 00:00:00,1945,1675
2025-01-16 01:00:00,800,706
2025-01-16 02:00:00,469,433
2025-01-16 03:00:00,265,245
2025-01-16 04:00:00,335,369
2025-01-16 05:00:00,652,814
2025-01-16 06:00:00,1824,2319
2025-01-16 07:00:00,4018,4889
2025-01-16 08:00:00,5568,6677
2025-01-16 09:00:00,6052,5928
2025-01-16 10:00:00,6218,5553
2025-01-16 11:00:00,6608,5766
2025-01-16 12:00:00,7129,6161
2025-01-16 13:00:00,7674,6575
2025-01-16 14:00:00,8316,7195
2025-01-16 15:00:00,8698,7618
2025-01-16 16:00:00,9054,8205
2025-01-16 17:00:00,10974,11577
2025-01-16 18:00:00,11699,13288
2025-01-16 19:00:00,9532,10343
2025-01-16 20:00:00,10432,9372
2025-01-16 21:00:00,8887,9469
2025-01-16 22:00:00,7687,8554
2025-01-16 23:00:00,4611,4980
2025-01-17 00:00:00,2650,2597
2025-01-17 01:00:00,1409,1223
2025-01-17 02:00:00,755,626
2025-01-17 03:00:00,568,517
2025-01-17 04:00:00,428,583
2025-01-17 05:00:00,758,1054
2025-01-17 06:00:00,1465,2184
2025-01-17 07:00:00,3351,4329
2025-01-17 08:00:00,4853,5374
2025-01-17 09:00:00,5247,4858
2025-01-17 10:00:00,5747,5016
2025-01-17 11:00:00,5973,5198
2025-01-17 12:00:00,6491,5648
2025-01-17 13:00:00,6802,5986
2025-01-17 14:00:00,7972,7117
2025-01-17 15:00:00,8443,7679
2025-01-17 16:00:00,8322,7575
2025-01-17 17:00:00,9324,9164
2025-01-17 18:00:00,9855,10334
2025-01-17 19:00:00,8295,8099
2025-01-17 20:00:00,6914,5937
2025-01-17 21:00:00,7821,6212
2025-01-17 22:00:00,8287,6892
2025-01-17 23:00:00,6785,6792
2025-01-18 00:00:00,5503,6280
2025-01-18 01:00:00,4427,5005
2025-01-18 02:00:00,3324,3581
2025-01-18 03:00:00,2064,2194
2025-01-18 04:00:00,1013,1236
2025-01-18 05:00:00,530,586
2025-01-18 06:00:00,792,902
2025-01-18 07:00:00,1282,1282
2025-01-18 08:00:00,2203,2000
2025-01-18 09:00:00,3651,3195
2025-01-18 10:00:00,5178,4220
2025-01-18 11:00:00,6451,5173
2025-01-18 12:00:00,7243,5848
2025-01-18 13:00:00,8420,6832
2025-01-18 14:00:00,9213,7721
2025-01-18 15:00:00,9562,7924
2025-01-18 16:00:00,9291,7672
2025-01-18 17:00:00,8635,7216
2025-01-18 18:00:00,8071,7123
2025-01-18 19:00:00,7885,7201
2025-01-18 20:00:00,6500,5488
2025-01-18 21:00:00,7752,6053
2025-01-18 22:00:00,8040,6737
2025-01-18 23:00:00,7784,8343
2025-01-19 00:00:00,6495,7277
2025-01-19 01:00:00,5444,6109
2025-01-19 02:00:00,3833,4403
2025-01-19 03:00:00,2641,3004
2025-01-19 04:00:00,1212,1605
2025-01-19 05:00:00,584,687
2025-01-19 06:00:00,775,896
2025-01-19 07:00:00,1345,1275
2025-01-19 08:00:00,2018,1778
2025-01-19 09:00:00,3295,2808
2025-01-19 10:00:00,4673,3973
2025-01-19 11:00:00,5824,4721
2025-01-19 12:00:00,6719,5570
2025-01-19 13:00:00,7964,6601
2025-01-19 14:00:00,8221,7491
2025-01-19 15:00:00,7358,6000
2025-01-19 16:00:00,7688,6131
2025-01-19 17:00:00,7248,7017
2025-01-19 18:00:00,6794,7975
2025-01-19 19:00:00,5388,7163
2025-01-19 20:00:00,4478,6636
2025-01-19 21:00:00,4751,6960
2025-01-19 22:00:00,4552,6805
2025-01-19 23:00:00,3399,5347
2025-01-20 00:00:00,2736,4100
2025-01-20 01:00:00,1717,2446
2025-01-20 02:00:00,977,1469
2025-01-20 03:00:00,625,986
2025-01-20 04:00:00,598,966
2025-01-20 05:00:00,488,808
2025-01-20 06:00:00,791,1298
2025-01-20 07:00:00,1467,1640
2025-01-20 08:00:00,2494,2501
2025-01-20 09:00:00,3295,3150
2025-01-20 10:00:00,4397,3948
2025-01-20 11:00:00,5108,4619
2025-01-20 12:00:00,5447,4955
2025-01-20 13:00:00,5989,5486
2025-01-20 14:00:00,6637,6191
2025-01-20 15:00:00,7014,6287
2025-01-20 16:00:00,6794,6079
2025-01-20 17:00:00,6855,6247
2025-01-20 18:00:00,6379,6421
2025-01-20 19:00:00,5335,5127
2025-01-20 20:00:00,4691,4419
2025-01-20 21:00:00,4605,4423
2025-01-20 22:00:00,3391,3330
2025-01-20 23:00:00,2469,3198
2025-01-21 00:00:00,1407,1516
2025-01-21 01:00:00,617,582
2025-01-21 02:00:00,306,277
2025-01-21 03:00:00,204,194
2025-01-21 04:00:00,265,349
2025-01-21 05:00:00,652,829
2025-01-21 06:00:00,1714,2324
2025-01-21 07:00:00,4039,5322
2025-01-21 08:00:00,5490,7328
2025-01-21 09:00:00,6199,6500
2025-01-21 10:00:00,6038,5570
2025-01-21 11:00:00,5848,5209
2025-01-21 12:00:00,6481,5764
2025-01-21 13:00:00,6697,5925
2025-01-21 14:00:00,7459,6611
2025-01-21 15:00:00,7892,6979
2025-01-21 16:00:00,7787,6988
2025-01-21 17:00:00,9434,9420
2025-01-21 18:00:00,8979,9882
2025-01-21 19:00:00,7218,7153
2025-01-21 20:00:00,6716,6835
2025-01-21 21:00:00,6862,8094
2025-01-21 22:00:00,4448,5243
2025-01-21 23:00:00,2704,2698
2025-01-22 00:00:00,1299,1150
2025-01-22 01:00:00,556,505
2025-01-22 02:00:00,306,267
2025-01-22 03:00:00,224,211
2025-01-22 04:00:00,270,281
2025-01-22 05:00:00,658,784
2025-01-22 06:00:00,1739,2255
2025-01-22 07:00:00,4050,5445
2025-01-22 08:00:00,5574,7546
2025-01-22 09:00:00,5941,6380
2025-01-22 10:00:00,6115,5674
2025-01-22 11:00:00,6337,5622
2025-01-22 12:00:00,6699,5968
2025-01-22 13:00:00,6877,6065
2025-01-22 14:00:00,7315,6607
2025-01-22 15:00:00,8333,7327
2025-01-22 16:00:00,8441,7623
2025-01-22 17:00:00,10045,10211
2025-01-22 18:00:00,9871,10798
2025-01-22 19:00:00,8724,8791
2025-01-22 20:00:00,7980,8539
2025-01-22 21:00:00,7966,9188
2025-01-22 22:00:00,5683,6793
2025-01-22 23:00:00,3104,3229
2025-01-23 00:00:00,1581,1411
2025-01-23 01:00:00,730,616
2025-01-23 02:00:00,351,326
2025-01-23 03:00:00,287,262
2025-01-23 04:00:00,277,317
2025-01-23 05:00:00,642,806
2025-01-23 06:00:00,1765,2269
2025-01-23 07:00:00,4004,5016
2025-01-23 08:00:00,5629,7126
2025-01-23 09:00:00,6166,6470
2025-01-23 10:00:00,6249,5725
2025-01-23 11:00:00,6465,5768
2025-01-23 12:00:00,6825,6094
2025-01-23 13:00:00,7029,6239
2025-01-23 14:00:00,7852,6906
2025-01-23 15:00:00,8659,7693
2025-01-23 16:00:00,8897,8060
2025-01-23 17:00:00,10599,11122
2025-01-23 18:00:00,10737,12287
2025-01-23 19:00:00,9470,10053
2025-01-23 20:00:00,9047,9072
2025-01-23 21:00:00,9363,10100
2025-01-23 22:00:00,7758,9191
2025-01-23 23:00:00,4536,5207
2025-01-24 00:00:00,2757,2559
2025-01-24 01:00:00,1345,1128
2025-01-24 02:00:00,772,694
2025-01-24 03:00:00,527,462
2025-01-24 04:00:00,370,446
2025-01-24 05:00:00,654,818
2025-01-24 06:00:00,1545,1889
2025-01-24 07:00:00,3607,4399
2025-01-24 08:00:00,4870,5367
2025-01-24 09:00:00,5382,5088
2025-01-24 10:00:00,5833,5148
2025-01-24 11:00:00,6052,5407
2025-01-24 12:00:00,6644,5954
2025-01-24 13:00:00,7253,6388
2025-01-24 14:00:00,7994,7127
2025-01-24 15:00:00,8527,7596
2025-01-24 16:00:00,8554,7601
2025-01-24 17:00:00,10007,9498
2025-01-24 18:00:00,10238,11066
2025-01-24 19:00:00,9004,9590
2025-01-24 20:00:00,8288,7490
2025-01-24 21:00:00,8792,7182
2025-01-24 22:00:00,8929,8098
2025-01-24 23:00:00,7507,8551
2025-01-25 00:00:00,6531,7594
2025-01-25 01:00:00,5112,5840
2025-01-25 02:00:00,3799,4117
2025-01-25 03:00:00,2313,2317
2025-01-25 04:00:00,1071,1179
2025-01-25 05:00:00,426,479
2025-01-25 06:00:00,789,841
2025-01-25 07:00:00,1334,1244
2025-01-25 08:00:00,2445,2202
2025-01-25 09:00:00,4267,3625
2025-01-25 10:00:00,5671,4743
2025-01-25 11:00:00,7012,5784
2025-01-25 12:00:00,7851,6536
2025-01-25 13:00:00,8694,6993
2025-01-25 14:00:00,8612,6694
2025-01-25 15:00:00,9561,7282
2025-01-25 16:00:00,11128,8350
2025-01-25 17:00:00,10158,8703
2025-01-25 18:00:00,10188,9629
2025-01-25 19:00:00,9641,9580
2025-01-25 20:00:00,8016,6591
2025-01-25 21:00:00,9083,7104
2025-01-25 22:00:00,10267,9237
2025-01-25 23:00:00,8876,10152
2025-01-26 00:00:00,6985,8421
2025-01-26 01:00:00,6033,6727
2025-01-26 02:00:00,4273,4792
2025-01-26 03:00:00,2578,2966
2025-01-26 04:00:00,1342,1555
2025-01-26 05:00:00,533,600
2025-01-26 06:00:00,761,918
2025-01-26 07:00:00,1297,1234
2025-01-26 08:00:00,2080,1866
2025-01-26 09:00:00,3524,3023
2025-01-26 10:00:00,5167,4405
2025-01-26 11:00:00,6190,5263
2025-01-26 12:00:00,6860,5775
2025-01-26 13:00:00,7323,6025
2025-01-26 14:00:00,7865,6856
2025-01-26 15:00:00,7950,6721
2025-01-26 16:00:00,7600,6164
2025-01-26 17:00:00,6874,5628
2025-01-26 18:00:00,6693,5624
2025-01-26 19:00:00,5251,4243
2025-01-26 20:00:00,4896,3926
2025-01-26 21:00:00,4555,3801
2025-01-26 22:00:00,3481,3667
2025-01-26 23:00:00,2245,2028
2025-01-27 00:00:00,1204,1061
2025-01-27 01:00:00,449,382
2025-01-27 02:00:00,241,214
2025-01-27 03:00:00,252,206
2025-01-27 04:00:00,272,312
2025-01-27 05:00:00,638,790
2025-01-27 06:00:00,1642,1911
2025-01-27 07:00:00,3644,4128
2025-01-27 08:00:00,4947,5433
2025-01-27 09:00:00,5107,4809
2025-01-27 10:00:00,5124,4542
2025-01-27 11:00:00,5545,4809
2025-01-27 12:00:00,5666,4933
2025-01-27 13:00:00,6013,5206
2025-01-27 14:00:00,6579,5672
2025-01-27 15:00:00,7311,6215
2025-01-27 16:00:00,6985,6007
2025-01-27 17:00:00,7833,7065
2025-01-27 18:00:00,7678,7166
2025-01-27 19:00:00,6359,5781
2025-01-27 20:00:00,5941,5401
2025-01-27 21:00:00,5674,5474
2025-01-27 22:00:00,3701,3649
2025-01-27 23:00:00,2026,1894
2025-01-28 00:00:00,1009,941
2025-01-28 01:00:00,438,383
2025-01-28 02:00:00,249,195
2025-01-28 03:00:00,228,173
2025-01-28 04:00:00,243,223
2025-01-28 05:00:00,671,633
2025-01-28 06:00:00,1577,1752
2025-01-28 07:00:00,3754,4198
2025-01-28 08:00:00,5606,6194
2025-01-28 09:00:00,5770,5598
2025-01-28 10:00:00,5738,5143
2025-01-28 11:00:00,5902,5262
2025-01-28 12:00:00,6045,5440
2025-01-28 13:00:00,6360,5683
2025-01-28 14:00:00,7419,6501
2025-01-28 15:00:00,7803,6888
2025-01-28 16:00:00,7850,6942
2025-01-28 17:00:00,9156,8653
2025-01-28 18:00:00,9565,9638
2025-01-28 19:00:00,7887,7276
2025-01-28 20:00:00,8056,7685
2025-01-28 21:00:00,8293,8751
2025-01-28 22:00:00,5750,6507
2025-01-28 23:00:00,3182,3343
2025-01-29 00:00:00,1383,1295
2025-01-29 01:00:00,594,540
2025-01-29 02:00:00,314,287
2025-01-29 03:00:00,272,221
2025-01-29 04:00:00,266,296
2025-01-29 05:00:00,599,672
2025-01-29 06:00:00,1516,1717
2025-01-29 07:00:00,3635,3775
2025-01-29 08:00:00,5177,5485
2025-01-29 09:00:00,5664,5660
2025-01-29 10:00:00,5791,5341
2025-01-29 11:00:00,6162,5502
2025-01-29 12:00:00,6874,6145
2025-01-29 13:00:00,7053,6158
2025-01-29 14:00:00,7450,6546
2025-01-29 15:00:00,8346,7159
2025-01-29 16:00:00,8504,7425
2025-01-29 17:00:00,9580,9003
2025-01-29 18:00:00,9768,9846
2025-01-29 19:00:00,8941,8507
2025-01-29 20:00:00,8097,7730
2025-01-29 21:00:00,8965,9139
2025-01-29 22:00:00,7436,8086
2025-01-29 23:00:00,3785,4137
2025-01-30 00:00:00,1758,1676
2025-01-30 01:00:00,858,789
2025-01-30 02:00:00,453,419
2025-01-30 03:00:00,312,287
2025-01-30 04:00:00,320,358
2025-01-30 05:00:00,660,828
2025-01-30 06:00:00,1726,2120
2025-01-30 07:00:00,4000,4875
2025-01-30 08:00:00,5692,6889
2025-01-30 09:00:00,6165,6370
2025-01-30 10:00:00,6167,5693
2025-01-30 11:00:00,6312,5711
2025-01-30 12:00:00,7056,6255
2025-01-30 13:00:00,7120,6323
2025-01-30 14:00:00,7986,7104
2025-01-30 15:00:00,8660,7708
2025-01-30 16:00:00,8737,7922
2025-01-30 17:00:00,9907,10207
2025-01-30 18:00:00,10342,11557
2025-01-30 19:00:00,8885,8936
2025-01-30 20:00:00,8747,8527
2025-01-30 21:00:00,10539,8812
2025-01-30 22:00:00,7338,8562
2025-01-30 23:00:00,4812,5338
2025-01-31 00:00:00,2829,2659
2025-01-31 01:00:00,1590,1363
2025-01-31 02:00:00,869,760
2025-01-31 03:00:00,633,554
2025-01-31 04:00:00,436,532
2025-01-31 05:00:00,778,1024
2025-01-31 06:00:00,1494,1956
2025-01-31 07:00:00,3505,4186
2025-01-31 08:00:00,4987,5809
2025-01-31 09:00:00,5179,5071
2025-01-31 10:00:00,5374,4977
2025-01-31 11:00:00,5648,5146
2025-01-31 12:00:00,6330,5788
2025-01-31 13:00:00,6910,6244
2025-01-31 14:00:00,7969,7177
2025-01-31 15:00:00,8347,7849
2025-01-31 16:00:00,8331,7818
2025-01-31 17:00:00,10496,11173
2025-01-31 18:00:00,9777,11874
2025-01-31 19:00:00,8514,10191
2025-01-31 20:00:00,7386,7298
2025-01-31 21:00:00,8632,7201
2025-01-31 22:00:00,8491,8569
2025-01-31 23:00:00,6917,8360
2025-02-01 00:00:00,1,1
2025-01-31 22:00:00,2,2
2025-01-31 23:00:00,47,28
2025-02-01 00:00:00,6070,7837
2025-02-01 01:00:00,4695,5973
2025-02-01 02:00:00,3650,4238
2025-02-01 03:00:00,2456,2686
2025-02-01 04:00:00,1174,1478
2025-02-01 05:00:00,488,598
2025-02-01 06:00:00,750,892
2025-02-01 07:00:00,1260,1298
2025-02-01 08:00:00,2345,2264
2025-02-01 09:00:00,3998,3685
2025-02-01 10:00:00,5468,4880
2025-02-01 11:00:00,6588,5800
2025-02-01 12:00:00,7655,6579
2025-02-01 13:00:00,8137,7040
2025-02-01 14:00:00,8316,6799
2025-02-01 15:00:00,9472,7716
2025-02-01 16:00:00,10603,8588
2025-02-01 17:00:00,10503,9341
2025-02-01 18:00:00,10786,10975
2025-02-01 19:00:00,10552,11570
2025-02-01 20:00:00,8924,8591
2025-02-01 21:00:00,9415,8294
2025-02-01 22:00:00,9827,10180
2025-02-01 23:00:00,9401,11347
2025-02-02 00:00:00,7671,10023
2025-02-02 01:00:00,6391,7747
2025-02-02 02:00:00,4742,5498
2025-02-02 03:00:00,2850,3404
2025-02-02 04:00:00,1530,1946
2025-02-02 05:00:00,545,690
2025-02-02 06:00:00,728,963
2025-02-02 07:00:00,1329,1469
2025-02-02 08:00:00,2164,2190
2025-02-02 09:00:00,3804,3701
2025-02-02 10:00:00,5573,5186
2025-02-02 11:00:00,6199,5944
2025-02-02 12:00:00,7192,6728
2025-02-02 13:00:00,7991,7212
2025-02-02 14:00:00,8129,7285
2025-02-02 15:00:00,8175,7469
2025-02-02 16:00:00,8638,7941
2025-02-02 17:00:00,7822,7596
2025-02-02 18:00:00,7513,7475
2025-02-02 19:00:00,6508,6117
2025-02-02 20:00:00,5602,5171
2025-02-02 21:00:00,4992,5092
2025-02-02 22:00:00,3295,3966
2025-02-02 23:00:00,2363,2833
2025-02-03 00:00:00,1411,1884
2025-02-03 01:00:00,455,474
2025-02-03 02:00:00,242,247
2025-02-03 03:00:00,205,203
2025-02-03 04:00:00,257,325
2025-02-03 05:00:00,721,918
2025-02-03 06:00:00,1671,2132
2025-02-03 07:00:00,3464,4410
2025-02-03 08:00:00,4921,5962
2025-02-03 09:00:00,5576,5623
2025-02-03 10:00:00,5395,4912
2025-02-03 11:00:00,5532,4957
2025-02-03 12:00:00,5832,5162
2025-02-03 13:00:00,5878,5174
2025-02-03 14:00:00,6476,5768
2025-02-03 15:00:00,7321,6452
2025-02-03 16:00:00,7200,6225
2025-02-03 17:00:00,7819,7180
2025-02-03 18:00:00,7979,7429
2025-02-03 19:00:00,6352,5735
2025-02-03 20:00:00,5837,5425
2025-02-03 21:00:00,5562,5296
2025-02-03 22:00:00,4279,4332
2025-02-03 23:00:00,2212,2251
2025-02-04 00:00:00,1092,1073
2025-02-04 01:00:00,441,407
2025-02-04 02:00:00,214,193
2025-02-04 03:00:00,185,162
2025-02-04 04:00:00,187,222
2025-02-04 05:00:00,645,729
2025-02-04 06:00:00,1597,1898
2025-02-04 07:00:00,3561,4221
2025-02-04 08:00:00,5372,6283
2025-02-04 09:00:00,5828,5924
2025-02-04 10:00:00,5948,5502
2025-02-04 11:00:00,5921,5366
2025-02-04 12:00:00,6484,5818
2025-02-04 13:00:00,6607,5924
2025-02-04 14:00:00,7612,6766
2025-02-04 15:00:00,8361,7416
2025-02-04 16:00:00,8280,7341
2025-02-04 17:00:00,9582,8970
2025-02-04 18:00:00,9776,9651
2025-02-04 19:00:00,8396,8062
2025-02-04 20:00:00,8403,8386
2025-02-04 21:00:00,8455,9344
2025-02-04 22:00:00,5932,6988
2025-02-04 23:00:00,3026,3217
2025-02-05 00:00:00,1352,1275
2025-02-05 01:00:00,607,530
2025-02-05 02:00:00,325,282
2025-02-05 03:00:00,202,175
2025-02-05 04:00:00,301,303
2025-02-05 05:00:00,710,755
2025-02-05 06:00:00,1729,2047
2025-02-05 07:00:00,4343,4885
2025-02-05 08:00:00,5708,6804
2025-02-05 09:00:00,6115,6253
2025-02-05 10:00:00,6264,5854
2025-02-05 11:00:00,6554,5963
2025-02-05 12:00:00,6959,6179
2025-02-05 13:00:00,7004,6255
2025-02-05 14:00:00,7663,6890
2025-02-05 15:00:00,8552,7771
2025-02-05 16:00:00,8564,7659
2025-02-05 17:00:00,9548,9358
2025-02-05 18:00:00,10038,10477
2025-02-05 19:00:00,8701,8541
2025-02-05 20:00:00,8270,8043
2025-02-05 21:00:00,8743,9503
2025-02-05 22:00:00,6803,8265
2025-02-05 23:00:00,3878,4302
2025-02-06 00:00:00,1991,1775
2025-02-06 01:00:00,820,735
2025-02-06 02:00:00,461,412
2025-02-06 03:00:00,367,326
2025-02-06 04:00:00,338,353
2025-02-06 05:00:00,664,872
2025-02-06 06:00:00,1819,2345
2025-02-06 07:00:00,3926,5130
2025-02-06 08:00:00,5319,6863
2025-02-06 09:00:00,5837,6391
2025-02-06 10:00:00,5660,5438
2025-02-06 11:00:00,5954,5504
2025-02-06 12:00:00,7179,6505
2025-02-06 13:00:00,6531,5925
2025-02-06 14:00:00,7462,6615
2025-02-06 15:00:00,8110,7189
2025-02-06 16:00:00,7861,7035
2025-02-06 17:00:00,9202,8773
2025-02-06 18:00:00,9599,9778
2025-02-06 19:00:00,8327,8078
2025-02-06 20:00:00,8292,7793
2025-02-06 21:00:00,9076,8608
2025-02-06 22:00:00,7195,8102
2025-02-06 23:00:00,5034,5537
2025-02-07 00:00:00,3103,2921
2025-02-07 01:00:00,1686,1473
2025-02-07 02:00:00,961,846
2025-02-07 03:00:00,572,539
2025-02-07 04:00:00,412,574
2025-02-07 05:00:00,641,880
2025-02-07 06:00:00,1598,1911
2025-02-07 07:00:00,3482,4171
2025-02-07 08:00:00,4688,5362
2025-02-07 09:00:00,5167,5017
2025-02-07 10:00:00,5637,5160
2025-02-07 11:00:00,6261,5614
2025-02-07 12:00:00,6924,6242
2025-02-07 13:00:00,7214,6528
2025-02-07 14:00:00,8194,7457
2025-02-07 15:00:00,8921,8349
2025-02-07 16:00:00,9027,8290
2025-02-07 17:00:00,9806,9783
2025-02-07 18:00:00,10406,11670
2025-02-07 19:00:00,9342,10303
2025-02-07 20:00:00,8523,8210
2025-02-07 21:00:00,9593,8191
2025-02-07 22:00:00,9360,9036
2025-02-07 23:00:00,8185,9572
2025-02-08 00:00:00,7195,8699
2025-02-08 01:00:00,5990,6903
2025-02-08 02:00:00,4423,4857
2025-02-08 03:00:00,2682,2863
2025-02-08 04:00:00,1420,1518
2025-02-08 05:00:00,555,622
2025-02-08 06:00:00,842,908
2025-02-08 07:00:00,1404,1433
2025-02-08 08:00:00,2477,2393
2025-02-08 09:00:00,4178,3824
2025-02-08 10:00:00,5694,5053
2025-02-08 11:00:00,6574,5816
2025-02-08 12:00:00,7591,6583
2025-02-08 13:00:00,8609,7310
2025-02-08 14:00:00,8496,7186
2025-02-08 15:00:00,9319,7648
2025-02-08 16:00:00,9945,8080
2025-02-08 17:00:00,9723,8294
2025-02-08 18:00:00,9651,9179
2025-02-08 19:00:00,9529,9768
2025-02-08 20:00:00,8428,10142
2025-02-08 21:00:00,7265,8982
2025-02-08 22:00:00,7461,9197
2025-02-08 23:00:00,6852,8791
2025-02-09 00:00:00,5938,8225
2025-02-09 01:00:00,4776,6564
2025-02-09 02:00:00,3726,4854
2025-02-09 03:00:00,2405,3190
2025-02-09 04:00:00,1334,1856
2025-02-09 05:00:00,562,987
2025-02-09 06:00:00,658,1308
2025-02-09 07:00:00,1077,1501
2025-02-09 08:00:00,1769,2143
2025-02-09 09:00:00,3199,3549
2025-02-09 10:00:00,4595,5093
2025-02-09 11:00:00,5383,5813
2025-02-09 12:00:00,6440,6568
2025-02-09 13:00:00,6605,6447
2025-02-09 14:00:00,6954,6447
2025-02-09 15:00:00,6697,6250
2025-02-09 16:00:00,7182,6931
2025-02-09 17:00:00,8121,9640
2025-02-09 18:00:00,7845,9633
2025-02-09 19:00:00,4437,4368
2025-02-09 20:00:00,4179,3944
2025-02-09 21:00:00,4745,5674
2025-02-09 22:00:00,5215,8144
2025-02-09 23:00:00,3150,4302
2025-02-10 00:00:00,1430,1606
2025-02-10 01:00:00,546,603
2025-02-10 02:00:00,386,414
2025-02-10 03:00:00,254,294
2025-02-10 04:00:00,304,508
2025-02-10 05:00:00,756,1072
2025-02-10 06:00:00,1651,2290
2025-02-10 07:00:00,3791,4912
2025-02-10 08:00:00,5231,6363
2025-02-10 09:00:00,5533,5632
2025-02-10 10:00:00,5434,5132
2025-02-10 11:00:00,5803,5195
2025-02-10 12:00:00,5954,5430
2025-02-10 13:00:00,6712,6162
2025-02-10 14:00:00,7073,6406
2025-02-10 15:00:00,7638,6890
2025-02-10 16:00:00,7616,6947
2025-02-10 17:00:00,8470,8309
2025-02-10 18:00:00,8205,8479
2025-02-10 19:00:00,6887,6660
2025-02-10 20:00:00,6632,6354
2025-02-10 21:00:00,6014,6105
2025-02-10 22:00:00,4291,4357
2025-02-10 23:00:00,2455,2449
2025-02-11 00:00:00,1204,1225
2025-02-11 01:00:00,573,540
2025-02-11 02:00:00,201,212
2025-02-11 03:00:00,166,169
2025-02-11 04:00:00,272,314
2025-02-11 05:00:00,689,821
2025-02-11 06:00:00,1721,1987
2025-02-11 07:00:00,4014,4606
2025-02-11 08:00:00,5612,6597
2025-02-11 09:00:00,6026,6209
2025-02-11 10:00:00,6078,5752
2025-02-11 11:00:00,6275,5799
2025-02-11 12:00:00,6565,6046
2025-02-11 13:00:00,6884,6228
2025-02-11 14:00:00,7621,6900
2025-02-11 15:00:00,8005,7253
2025-02-11 16:00:00,7865,7173
2025-02-11 17:00:00,8974,8929
2025-02-11 18:00:00,9316,10119
2025-02-11 19:00:00,7867,8114
2025-02-11 20:00:00,8312,9602
2025-02-11 21:00:00,8278,9651
2025-02-11 22:00:00,5554,7327
2025-02-11 23:00:00,3221,3953
2025-02-12 00:00:00,1339,1499
2025-02-12 01:00:00,642,678
2025-02-12 02:00:00,254,313
2025-02-12 03:00:00,200,260
2025-02-12 04:00:00,229,401
2025-02-12 05:00:00,627,982
2025-02-12 06:00:00,1614,2266
2025-02-12 07:00:00,3805,4904
2025-02-12 08:00:00,5358,6808
2025-02-12 09:00:00,5612,6183
2025-02-12 10:00:00,5731,5441
2025-02-12 11:00:00,5945,5557
2025-02-12 12:00:00,6296,5853
2025-02-12 13:00:00,6563,6044
2025-02-12 14:00:00,7583,6954
2025-02-12 15:00:00,8092,7347
2025-02-12 16:00:00,8099,7520
2025-02-12 17:00:00,9338,9437
2025-02-12 18:00:00,9869,10786
2025-02-12 19:00:00,8124,8422
2025-02-12 20:00:00,8254,8382
2025-02-12 21:00:00,8568,9723
2025-02-12 22:00:00,6436,8229
2025-02-12 23:00:00,3961,4931
2025-02-13 00:00:00,1663,1842
2025-02-13 01:00:00,740,742
2025-02-13 02:00:00,378,398
2025-02-13 03:00:00,317,349
2025-02-13 04:00:00,315,481
2025-02-13 05:00:00,750,1181
2025-02-13 06:00:00,1911,2559
2025-02-13 07:00:00,4073,5334
2025-02-13 08:00:00,5501,7304
2025-02-13 09:00:00,5813,6709
2025-02-13 10:00:00,5963,5827
2025-02-13 11:00:00,6012,5664
2025-02-13 12:00:00,6432,6024
2025-02-13 13:00:00,6665,6241
2025-02-13 14:00:00,7929,7368
2025-02-13 15:00:00,7972,7661
2025-02-13 16:00:00,8300,8098
2025-02-13 17:00:00,9368,10116
2025-02-13 18:00:00,11127,12407
2025-02-13 19:00:00,9349,10558
2025-02-13 20:00:00,8855,9729
2025-02-13 21:00:00,9568,10271
2025-02-13 22:00:00,8420,9462
2025-02-13 23:00:00,5015,6435
2025-02-14 00:00:00,3192,3912
2025-02-14 01:00:00,1945,1904
2025-02-14 02:00:00,1080,1068
2025-02-14 03:00:00,565,617
2025-02-14 04:00:00,491,694
2025-02-14 05:00:00,752,1092
2025-02-14 06:00:00,1552,2311
2025-02-14 07:00:00,3277,4426
2025-02-14 08:00:00,4445,5510
2025-02-14 09:00:00,5210,5355
2025-02-14 10:00:00,5618,5422
2025-02-14 11:00:00,6047,5718
2025-02-14 12:00:00,6930,6577
2025-02-14 13:00:00,7335,7405
2025-02-14 14:00:00,8098,8427
2025-02-14 15:00:00,8954,9484
2025-02-14 16:00:00,9582,10491
2025-02-14 17:00:00,10687,12004
2025-02-14 18:00:00,10990,13168
2025-02-14 19:00:00,10246,12692
2025-02-14 20:00:00,9223,10942
2025-02-14 21:00:00,9577,9614
2025-02-14 22:00:00,8850,9853
2025-02-14 23:00:00,8662,9889
2025-02-15 00:00:00,6785,7498
2025-02-15 01:00:00,4969,5819
2025-02-15 02:00:00,3869,4227
2025-02-15 03:00:00,2447,2933
2025-02-15 04:00:00,1436,1833
2025-02-15 05:00:00,541,872
2025-02-15 06:00:00,773,1124
2025-02-15 07:00:00,1184,1340
2025-02-15 08:00:00,2153,2345
2025-02-15 09:00:00,3535,3591
2025-02-15 10:00:00,4857,4474
2025-02-15 11:00:00,6098,5498
2025-02-15 12:00:00,6847,6194
2025-02-15 13:00:00,8445,7203
2025-02-15 14:00:00,8364,7494
2025-02-15 15:00:00,8817,8428
2025-02-15 16:00:00,9328,8744
2025-02-15 17:00:00,8694,8980
2025-02-15 18:00:00,9171,10564
2025-02-15 19:00:00,9159,11316
2025-02-15 20:00:00,7875,8864
2025-02-15 21:00:00,7957,9033
2025-02-15 22:00:00,8317,10299
2025-02-15 23:00:00,7603,9800
2025-02-16 00:00:00,6097,8045
2025-02-16 01:00:00,4692,6061
2025-02-16 02:00:00,3550,4542
2025-02-16 03:00:00,2334,2942
2025-02-16 04:00:00,1127,1771
2025-02-16 05:00:00,506,812
2025-02-16 06:00:00,695,1016
2025-02-16 07:00:00,1254,1390
2025-02-16 08:00:00,1853,1758
2025-02-16 09:00:00,3313,3037
2025-02-16 10:00:00,5087,4951
2025-02-16 11:00:00,5710,5353
2025-02-16 12:00:00,7182,7698
2025-02-16 13:00:00,7070,7875
2025-02-16 14:00:00,6514,6031
2025-02-16 15:00:00,6424,5368
2025-02-16 16:00:00,6612,5756
2025-02-16 17:00:00,7789,7645
2025-02-16 18:00:00,6363,7180
2025-02-16 19:00:00,5679,5764
2025-02-16 20:00:00,5182,4847
2025-02-16 21:00:00,5171,4710
2025-02-16 22:00:00,4309,4730
2025-02-16 23:00:00,3548,4444
2025-02-17 00:00:00,2575,3265
2025-02-17 01:00:00,1473,1848
2025-02-17 02:00:00,889,1071
2025-02-17 03:00:00,528,687
2025-02-17 04:00:00,467,712
2025-02-17 05:00:00,453,698
2025-02-17 06:00:00,990,1182
2025-02-17 07:00:00,1718,1747
2025-02-17 08:00:00,2804,2828
2025-02-17 09:00:00,3864,3628
2025-02-17 10:00:00,4766,4262
2025-02-17 11:00:00,5994,5135
2025-02-17 12:00:00,6412,5675
2025-02-17 13:00:00,6762,5859
2025-02-17 14:00:00,7362,6342
2025-02-17 15:00:00,7633,6664
2025-02-17 16:00:00,7783,6519
2025-02-17 17:00:00,7329,6669
2025-02-17 18:00:00,7071,7120
2025-02-17 19:00:00,6260,6017
2025-02-17 20:00:00,6073,5607
2025-02-17 21:00:00,5289,4781
2025-02-17 22:00:00,3992,3848
2025-02-17 23:00:00,2390,2410
2025-02-18 00:00:00,1688,1772
2025-02-18 01:00:00,931,862
2025-02-18 02:00:00,422,408
2025-02-18 03:00:00,279,306
2025-02-18 04:00:00,273,391
2025-02-18 05:00:00,734,893
2025-02-18 06:00:00,1695,2139
2025-02-18 07:00:00,3684,4043
2025-02-18 08:00:00,5359,6089
2025-02-18 09:00:00,6100,6403
2025-02-18 10:00:00,6428,6034
2025-02-18 11:00:00,6696,5870
2025-02-18 12:00:00,7129,6195
2025-02-18 13:00:00,7481,6392
2025-02-18 14:00:00,7670,6749
2025-02-18 15:00:00,8086,6853
2025-02-18 16:00:00,8355,7328
2025-02-18 17:00:00,8830,8261
2025-02-18 18:00:00,9478,9609
2025-02-18 19:00:00,7647,7583
2025-02-18 20:00:00,7574,7498
2025-02-18 21:00:00,7319,7686
2025-02-18 22:00:00,4587,5126
2025-02-18 23:00:00,2874,2865
2025-02-19 00:00:00,1285,1311
2025-02-19 01:00:00,553,547
2025-02-19 02:00:00,342,359
2025-02-19 03:00:00,253,281
2025-02-19 04:00:00,259,349
2025-02-19 05:00:00,744,913
2025-02-19 06:00:00,1626,2097
2025-02-19 07:00:00,3980,4419
2025-02-19 08:00:00,5331,6363
2025-02-19 09:00:00,6052,6453
2025-02-19 10:00:00,6407,5859
2025-02-19 11:00:00,6896,6226
2025-02-19 12:00:00,7077,6399
2025-02-19 13:00:00,7366,6561
2025-02-19 14:00:00,8025,6973
2025-02-19 15:00:00,8291,7361
2025-02-19 16:00:00,8465,7353
2025-02-19 17:00:00,9223,8814
2025-02-19 18:00:00,9541,9846
2025-02-19 19:00:00,8658,8359
2025-02-19 20:00:00,8188,8136
2025-02-19 21:00:00,7784,8408
2025-02-19 22:00:00,6126,6981
2025-02-19 23:00:00,3256,3311
2025-02-20 00:00:00,1727,1603
2025-02-20 01:00:00,813,747
2025-02-20 02:00:00,404,411
2025-02-20 03:00:00,353,334
2025-02-20 04:00:00,338,422
2025-02-20 05:00:00,644,813
2025-02-20 06:00:00,1712,2175
2025-02-20 07:00:00,3954,4399
2025-02-20 08:00:00,5273,6152
2025-02-20 09:00:00,5973,6302
2025-02-20 10:00:00,6330,5818
2025-02-20 11:00:00,6619,5944
2025-02-20 12:00:00,7227,6377
2025-02-20 13:00:00,7703,6788
2025-02-20 14:00:00,8254,7129
2025-02-20 15:00:00,9103,7808
2025-02-20 16:00:00,9591,8418
2025-02-20 17:00:00,10549,10410
2025-02-20 18:00:00,10880,11908
2025-02-20 19:00:00,9875,10993
2025-02-20 20:00:00,8732,10303
2025-02-20 21:00:00,9025,10188
2025-02-20 22:00:00,7952,9310
2025-02-20 23:00:00,5546,7494
2025-02-21 00:00:00,3289,3971
2025-02-21 01:00:00,1670,1654
2025-02-21 02:00:00,918,932
2025-02-21 03:00:00,500,531
2025-02-21 04:00:00,430,584
2025-02-21 05:00:00,658,996
2025-02-21 06:00:00,1526,2038
2025-02-21 07:00:00,3382,3721
2025-02-21 08:00:00,4604,4979
2025-02-21 09:00:00,5481,5452
2025-02-21 10:00:00,5829,5330
2025-02-21 11:00:00,6139,5591
2025-02-21 12:00:00,6822,6225
2025-02-21 13:00:00,7113,6360
2025-02-21 14:00:00,8301,7312
2025-02-21 15:00:00,8687,7480
2025-02-21 16:00:00,9097,7717
2025-02-21 17:00:00,9326,8651
2025-02-21 18:00:00,9790,10586
2025-02-21 19:00:00,9058,9996
2025-02-21 20:00:00,8270,8047
2025-02-21 21:00:00,9284,8184
2025-02-21 22:00:00,9036,8608
2025-02-21 23:00:00,7664,9035
2025-02-22 00:00:00,6444,7990
2025-02-22 01:00:00,5050,6273
2025-02-22 02:00:00,3854,4542
2025-02-22 03:00:00,2329,2769
2025-02-22 04:00:00,1263,1606
2025-02-22 05:00:00,579,769
2025-02-22 06:00:00,794,1051
2025-02-22 07:00:00,1220,1515
2025-02-22 08:00:00,2343,2448
2025-02-22 09:00:00,4110,3910
2025-02-22 10:00:00,5268,4969
2025-02-22 11:00:00,6200,5543
2025-02-22 12:00:00,7201,6338
2025-02-22 13:00:00,7724,6762
2025-02-22 14:00:00,7960,6725
2025-02-22 15:00:00,8287,6937
2025-02-22 16:00:00,9340,7937
2025-02-22 17:00:00,8935,8230
2025-02-22 18:00:00,9514,9730
2025-02-22 19:00:00,9089,10173
2025-02-22 20:00:00,7744,7785
2025-02-22 21:00:00,8561,7829
2025-02-22 22:00:00,10045,9992
2025-02-22 23:00:00,9095,10039
2025-02-23 00:00:00,7860,9108
2025-02-23 01:00:00,6188,7319
2025-02-23 02:00:00,4639,5282
2025-02-23 03:00:00,2994,3519
2025-02-23 04:00:00,1751,2171
2025-02-23 05:00:00,656,912
2025-02-23 06:00:00,899,1216
2025-02-23 07:00:00,1348,1457
2025-02-23 08:00:00,2214,2156
2025-02-23 09:00:00,3545,3366
2025-02-23 10:00:00,5056,4679
2025-02-23 11:00:00,6066,5699
2025-02-23 12:00:00,6498,6016
2025-02-23 13:00:00,7042,6203
2025-02-23 14:00:00,7469,6629
2025-02-23 15:00:00,7186,6398
2025-02-23 16:00:00,7534,6524
2025-02-23 17:00:00,7031,6124
2025-02-23 18:00:00,6377,6031
2025-02-23 19:00:00,5281,4815
2025-02-23 20:00:00,5013,4311
2025-02-23 21:00:00,4423,3824
2025-02-23 22:00:00,3171,3012
2025-02-23 23:00:00,2240,2199
2025-02-24 00:00:00,1198,1188
2025-02-24 01:00:00,475,463
2025-02-24 02:00:00,301,288
2025-02-24 03:00:00,251,255
2025-02-24 04:00:00,311,391
2025-02-24 05:00:00,648,802
2025-02-24 06:00:00,1721,2131
2025-02-24 07:00:00,3774,4550
2025-02-24 08:00:00,4837,5712
2025-02-24 09:00:00,5004,5013
2025-02-24 10:00:00,5214,4872
2025-02-24 11:00:00,5302,4711
2025-02-24 12:00:00,5757,5120
2025-02-24 13:00:00,5916,5307
2025-02-24 14:00:00,6645,5933
2025-02-24 15:00:00,7404,6513
2025-02-24 16:00:00,7070,6378
2025-02-24 17:00:00,8067,7307
2025-02-24 18:00:00,7640,7150
2025-02-24 19:00:00,6436,6080
2025-02-24 20:00:00,6116,5765
2025-02-24 21:00:00,5521,5333
2025-02-24 22:00:00,3821,3702
2025-02-24 23:00:00,2398,2384
2025-02-25 00:00:00,1171,1190
2025-02-25 01:00:00,521,507
2025-02-25 02:00:00,243,254
2025-02-25 03:00:00,205,199
2025-02-25 04:00:00,231,269
2025-02-25 05:00:00,621,746
2025-02-25 06:00:00,1737,2012
2025-02-25 07:00:00,4016,4559
2025-02-25 08:00:00,5467,6320
2025-02-25 09:00:00,5508,5783
2025-02-25 10:00:00,5704,5232
2025-02-25 11:00:00,5770,5251
2025-02-25 12:00:00,6250,5663
2025-02-25 13:00:00,6723,6074
2025-02-25 14:00:00,7338,6652
2025-02-25 15:00:00,7832,7140
2025-02-25 16:00:00,7759,7073
2025-02-25 17:00:00,9509,9106
2025-02-25 18:00:00,9367,9473
2025-02-25 19:00:00,7867,7457
2025-02-25 20:00:00,7604,7518
2025-02-25 21:00:00,7645,8182
2025-02-25 22:00:00,5618,6041
2025-02-25 23:00:00,3125,3103
2025-02-26 00:00:00,1351,1392
2025-02-26 01:00:00,610,577
2025-02-26 02:00:00,342,337
2025-02-26 03:00:00,245,224
2025-02-26 04:00:00,295,336
2025-02-26 05:00:00,602,760
2025-02-26 06:00:00,1787,2307
2025-02-26 07:00:00,4095,4987
2025-02-26 08:00:00,5371,6643
2025-02-26 09:00:00,6012,6294
2025-02-26 10:00:00,6130,5793
2025-02-26 11:00:00,6272,5699
2025-02-26 12:00:00,6542,5946
2025-02-26 13:00:00,7206,6435
2025-02-26 14:00:00,7565,6852
2025-02-26 15:00:00,8219,7355
2025-02-26 16:00:00,8347,7653
2025-02-26 17:00:00,9738,9543
2025-02-26 18:00:00,9691,10002
2025-02-26 19:00:00,8858,8705
2025-02-26 20:00:00,8500,8410
2025-02-26 21:00:00,8971,9517
2025-02-26 22:00:00,7608,8555
2025-02-26 23:00:00,4282,4652
2025-02-27 00:00:00,2070,1914
2025-02-27 01:00:00,970,889
2025-02-27 02:00:00,489,458
2025-02-27 03:00:00,402,359
2025-02-27 04:00:00,380,478
2025-02-27 05:00:00,711,1020
2025-02-27 06:00:00,1926,2506
2025-02-27 07:00:00,4288,5342
2025-02-27 08:00:00,5900,7518
2025-02-27 09:00:00,6077,6585
2025-02-27 10:00:00,6352,5964
2025-02-27 11:00:00,6799,6205
2025-02-27 12:00:00,7431,6716
2025-02-27 13:00:00,7692,6885
2025-02-27 14:00:00,8325,7614
2025-02-27 15:00:00,9079,8477
2025-02-27 16:00:00,8986,8542
2025-02-27 17:00:00,10162,10338
2025-02-27 18:00:00,10504,11398
2025-02-27 19:00:00,9637,9822
2025-02-27 20:00:00,9063,9005
2025-02-27 21:00:00,9741,10077
2025-02-27 22:00:00,8668,9412
2025-02-27 23:00:00,5864,6528
2025-02-28 00:00:00,3281,3524
2025-02-28 01:00:00,1867,1696
2025-02-28 02:00:00,1089,935
2025-02-28 03:00:00,708,654
2025-02-28 04:00:00,535,677
2025-02-28 05:00:00,754,1160
2025-02-28 06:00:00,1832,2486
2025-02-28 07:00:00,3560,4713
2025-02-28 08:00:00,5091,6200
2025-02-28 09:00:00,5241,5345
2025-02-28 10:00:00,5771,5358
2025-02-28 11:00:00,6164,5637
2025-02-28 12:00:00,6741,6267
2025-02-28 13:00:00,7204,6827
2025-02-28 14:00:00,8430,8190
2025-02-28 15:00:00,8875,8867
2025-02-28 16:00:00,9092,8946
2025-02-28 17:00:00,9950,10509
2025-02-28 18:00:00,10880,12580
2025-02-28 19:00:00,9473,11218
2025-02-28 20:00:00,8447,8837
2025-02-28 21:00:00,9438,8508
2025-02-28 22:00:00,9617,10193
2025-02-28 23:00:00,8999,10128
2025-03-01 00:00:00,1,1
2025-02-28 22:00:00,2,2
2025-02-28 23:00:00,50,27
2025-03-01 00:00:00,7469,8585
2025-03-01 01:00:00,5583,6364
2025-03-01 02:00:00,4231,4603
2025-03-01 03:00:00,2557,2899
2025-03-01 04:00:00,1408,1886
2025-03-01 05:00:00,713,1126
2025-03-01 06:00:00,888,1041
2025-03-01 07:00:00,1687,1662
2025-03-01 08:00:00,2821,2749
2025-03-01 09:00:00,3983,3742
2025-03-01 10:00:00,5383,4735
2025-03-01 11:00:00,6528,5560
2025-03-01 12:00:00,7246,6287
2025-03-01 13:00:00,8186,6973
2025-03-01 14:00:00,9108,7604
2025-03-01 15:00:00,9767,8009
2025-03-01 16:00:00,10562,8966
2025-03-01 17:00:00,10294,10479
2025-03-01 18:00:00,10635,12276
2025-03-01 19:00:00,11007,13200
2025-03-01 20:00:00,10121,11386
2025-03-01 21:00:00,10396,10830
2025-03-01 22:00:00,11353,12031
2025-03-01 23:00:00,9804,11232
2025-03-02 00:00:00,8614,9782
2025-03-02 01:00:00,6458,7573
2025-03-02 02:00:00,4328,5251
2025-03-02 03:00:00,2659,3401
2025-03-02 04:00:00,1502,2246
2025-03-02 05:00:00,728,1126
2025-03-02 06:00:00,931,1196
2025-03-02 07:00:00,1608,1619
2025-03-02 08:00:00,2745,2615
2025-03-02 09:00:00,4169,3851
2025-03-02 10:00:00,5505,5045
2025-03-02 11:00:00,6378,5826
2025-03-02 12:00:00,7262,6492
2025-03-02 13:00:00,7889,6916
2025-03-02 14:00:00,8372,7060
2025-03-02 15:00:00,8057,6848
2025-03-02 16:00:00,8759,7738
2025-03-02 17:00:00,7598,8184
2025-03-02 18:00:00,7549,9438
2025-03-02 19:00:00,6536,7478
2025-03-02 20:00:00,5677,5808
2025-03-02 21:00:00,5430,5274
2025-03-02 22:00:00,3738,4264
2025-03-02 23:00:00,3017,3826
2025-03-03 00:00:00,1465,1529
2025-03-03 01:00:00,525,518
2025-03-03 02:00:00,246,264
2025-03-03 03:00:00,225,240
2025-03-03 04:00:00,340,506
2025-03-03 05:00:00,697,993
2025-03-03 06:00:00,1791,2154
2025-03-03 07:00:00,4067,4795
2025-03-03 08:00:00,5385,6329
2025-03-03 09:00:00,5741,5700
2025-03-03 10:00:00,5789,5250
2025-03-03 11:00:00,6000,5294
2025-03-03 12:00:00,6468,5708
2025-03-03 13:00:00,6877,5931
2025-03-03 14:00:00,7409,6482
2025-03-03 15:00:00,8011,7030
2025-03-03 16:00:00,8232,7146
2025-03-03 17:00:00,8736,8262
2025-03-03 18:00:00,8728,9255
2025-03-03 19:00:00,7340,7359
2025-03-03 20:00:00,6449,6633
2025-03-03 21:00:00,6454,6767
2025-03-03 22:00:00,4581,4511
2025-03-03 23:00:00,2892,2663
2025-03-04 00:00:00,1319,1305
2025-03-04 01:00:00,558,519
2025-03-04 02:00:00,292,286
2025-03-04 03:00:00,228,244
2025-03-04 04:00:00,279,352
2025-03-04 05:00:00,660,815
2025-03-04 06:00:00,1754,2058
2025-03-04 07:00:00,4157,4781
2025-03-04 08:00:00,5869,6714
2025-03-04 09:00:00,6152,6318
2025-03-04 10:00:00,6065,5602
2025-03-04 11:00:00,6224,5541
2025-03-04 12:00:00,6641,5942
2025-03-04 13:00:00,7035,6322
2025-03-04 14:00:00,7671,6877
2025-03-04 15:00:00,8204,7323
2025-03-04 16:00:00,8455,7571
2025-03-04 17:00:00,8971,8919
2025-03-04 18:00:00,9972,10723
2025-03-04 19:00:00,8345,9080
2025-03-04 20:00:00,7948,8975
2025-03-04 21:00:00,8215,9062
2025-03-04 22:00:00,6776,7215
2025-03-04 23:00:00,3401,3343
2025-03-05 00:00:00,1576,1593
2025-03-05 01:00:00,787,744
2025-03-05 02:00:00,348,352
2025-03-05 03:00:00,249,268
2025-03-05 04:00:00,286,440
2025-03-05 05:00:00,664,940
2025-03-05 06:00:00,1837,2143
2025-03-05 07:00:00,4139,4777
2025-03-05 08:00:00,5737,6614
2025-03-05 09:00:00,6036,6120
2025-03-05 10:00:00,6189,5689
2025-03-05 11:00:00,6480,5849
2025-03-05 12:00:00,6663,5983
2025-03-05 13:00:00,7519,6598
2025-03-05 14:00:00,7742,6883
2025-03-05 15:00:00,10195,9181
2025-03-05 16:00:00,10549,11285
2025-03-05 17:00:00,10923,12604
2025-03-05 18:00:00,10942,13661
2025-03-05 19:00:00,8031,11480
2025-03-05 20:00:00,9111,11761
2025-03-05 21:00:00,7728,9838
2025-03-05 22:00:00,6466,8704
2025-03-05 23:00:00,3543,4595
2025-03-06 00:00:00,2084,2077
2025-03-06 01:00:00,998,992
2025-03-06 02:00:00,448,442
2025-03-06 03:00:00,302,332
2025-03-06 04:00:00,406,595
2025-03-06 05:00:00,758,1157
2025-03-06 06:00:00,1901,2258
2025-03-06 07:00:00,4209,4956
2025-03-06 08:00:00,5511,6558
2025-03-06 09:00:00,6001,6151
2025-03-06 10:00:00,5978,5547
2025-03-06 11:00:00,6788,6072
2025-03-06 12:00:00,7277,6467
2025-03-06 13:00:00,7685,6812
2025-03-06 14:00:00,8169,7264
2025-03-06 15:00:00,9025,7999
2025-03-06 16:00:00,9069,8316
2025-03-06 17:00:00,10391,10647
2025-03-06 18:00:00,11337,12290
2025-03-06 19:00:00,10012,11309
2025-03-06 20:00:00,9713,10918
2025-03-06 21:00:00,10238,10988
2025-03-06 22:00:00,8474,9777
2025-03-06 23:00:00,5583,6476
2025-03-07 00:00:00,3522,3437
2025-03-07 01:00:00,1914,1705
2025-03-07 02:00:00,1031,957
2025-03-07 03:00:00,548,657
2025-03-07 04:00:00,605,878
2025-03-07 05:00:00,806,1172
2025-03-07 06:00:00,1672,2028
2025-03-07 07:00:00,3694,4288
2025-03-07 08:00:00,4878,5477
2025-03-07 09:00:00,5292,5195
2025-03-07 10:00:00,5715,5329
2025-03-07 11:00:00,6466,5939
2025-03-07 12:00:00,6783,6300
2025-03-07 13:00:00,7447,6805
2025-03-07 14:00:00,8168,7443
2025-03-07 15:00:00,8777,7977
2025-03-07 16:00:00,8505,7740
2025-03-07 17:00:00,9534,9469
2025-03-07 18:00:00,10324,11762
2025-03-07 19:00:00,9590,11267
2025-03-07 20:00:00,8163,8384
2025-03-07 21:00:00,8829,7470
2025-03-07 22:00:00,8620,7731
2025-03-07 23:00:00,7926,8467
2025-03-08 00:00:00,7040,8062
2025-03-08 01:00:00,5651,6352
2025-03-08 02:00:00,3911,4186
2025-03-08 03:00:00,2394,2879
2025-03-08 04:00:00,1299,1752
2025-03-08 05:00:00,564,934
2025-03-08 06:00:00,891,1022
2025-03-08 07:00:00,1419,1463
2025-03-08 08:00:00,2369,2413
2025-03-08 09:00:00,3905,3657
2025-03-08 10:00:00,5322,4661
2025-03-08 11:00:00,6696,5736
2025-03-08 12:00:00,7620,6454
2025-03-08 13:00:00,8359,6991
2025-03-08 14:00:00,8206,6812
2025-03-08 15:00:00,8961,7301
2025-03-08 16:00:00,9957,8085
2025-03-08 17:00:00,10137,9319
2025-03-08 18:00:00,10439,11152
2025-03-08 19:00:00,10639,12302
2025-03-08 20:00:00,8555,9177
2025-03-08 21:00:00,8867,7855
2025-03-08 22:00:00,9388,8745
2025-03-08 23:00:00,9116,10388
2025-03-09 00:00:00,8309,9565
2025-03-09 01:00:00,6579,7889
2025-03-09 02:00:00,0,0
2025-03-09 03:00:00,5312,6196
2025-03-09 04:00:00,3170,3926
2025-03-09 05:00:00,1247,2048
2025-03-09 06:00:00,899,1641
2025-03-09 07:00:00,1325,1631
2025-03-09 08:00:00,2131,2250
2025-03-09 09:00:00,3513,3492
2025-03-09 10:00:00,4975,4645
2025-03-09 11:00:00,5717,5285
2025-03-09 12:00:00,6802,6058
2025-03-09 13:00:00,6999,6292
2025-03-09 14:00:00,7539,6549
2025-03-09 15:00:00,7516,6331
2025-03-09 16:00:00,7696,6486
2025-03-09 17:00:00,7538,6495
2025-03-09 18:00:00,6684,6313
2025-03-09 19:00:00,6035,6579
2025-03-09 20:00:00,5886,6275
2025-03-09 21:00:00,5016,5111
2025-03-09 22:00:00,3821,3783
2025-03-09 23:00:00,2569,2562
2025-03-10 00:00:00,1585,1515
2025-03-10 01:00:00,703,667
2025-03-10 02:00:00,345,331
2025-03-10 03:00:00,260,280
2025-03-10 04:00:00,249,368
2025-03-10 05:00:00,601,925
2025-03-10 06:00:00,1591,2129
2025-03-10 07:00:00,3686,4573
2025-03-10 08:00:00,5228,6163
2025-03-10 09:00:00,5384,5318
2025-03-10 10:00:00,5482,4951
2025-03-10 11:00:00,5675,5080
2025-03-10 12:00:00,6068,5329
2025-03-10 13:00:00,6341,5566
2025-03-10 14:00:00,7208,6185
2025-03-10 15:00:00,7685,6545
2025-03-10 16:00:00,7829,6632
2025-03-10 17:00:00,8128,7212
2025-03-10 18:00:00,7970,7315
2025-03-10 19:00:00,7056,6560
2025-03-10 20:00:00,6519,6340
2025-03-10 21:00:00,6096,6124
2025-03-10 22:00:00,5519,5724
2025-03-10 23:00:00,3134,3381
2025-03-11 00:00:00,1637,1644
2025-03-11 01:00:00,749,744
2025-03-11 02:00:00,310,332
2025-03-11 03:00:00,275,258
2025-03-11 04:00:00,210,292
2025-03-11 05:00:00,642,813
2025-03-11 06:00:00,1699,2158
2025-03-11 07:00:00,3961,4888
2025-03-11 08:00:00,5650,6723
2025-03-11 09:00:00,6044,6295
2025-03-11 10:00:00,6214,5747
2025-03-11 11:00:00,6334,5737
2025-03-11 12:00:00,6904,6066
2025-03-11 13:00:00,7256,6454
2025-03-11 14:00:00,7815,6976
2025-03-11 15:00:00,8647,7441
2025-03-11 16:00:00,8688,7587
2025-03-11 17:00:00,9515,8746
2025-03-11 18:00:00,9985,9486
2025-03-11 19:00:00,8655,8403
2025-03-11 20:00:00,8349,8895
2025-03-11 21:00:00,8080,9101
2025-03-11 22:00:00,6832,7564
2025-03-11 23:00:00,3727,3631
2025-03-12 00:00:00,1651,1583
2025-03-12 01:00:00,819,785
2025-03-12 02:00:00,369,373
2025-03-12 03:00:00,267,289
2025-03-12 04:00:00,308,394
2025-03-12 05:00:00,606,772
2025-03-12 06:00:00,1770,2193
2025-03-12 07:00:00,4190,4949
2025-03-12 08:00:00,5850,6968
2025-03-12 09:00:00,6504,6653
2025-03-12 10:00:00,6766,6194
2025-03-12 11:00:00,6819,6116
2025-03-12 12:00:00,7677,6743
2025-03-12 13:00:00,7835,6886
2025-03-12 14:00:00,8486,7522
2025-03-12 15:00:00,8935,7742
2025-03-12 16:00:00,9173,8031
2025-03-12 17:00:00,10182,9494
2025-03-12 18:00:00,10802,10586
2025-03-12 19:00:00,9712,9874
2025-03-12 20:00:00,9695,10377
2025-03-12 21:00:00,9730,10484
2025-03-12 22:00:00,8136,9024
2025-03-12 23:00:00,4727,4836
2025-03-13 00:00:00,2299,2140
2025-03-13 01:00:00,1039,981
2025-03-13 02:00:00,547,514
2025-03-13 03:00:00,398,403
2025-03-13 04:00:00,349,499
2025-03-13 05:00:00,715,1114
2025-03-13 06:00:00,1759,2463
2025-03-13 07:00:00,4182,5346
2025-03-13 08:00:00,5851,7427
2025-03-13 09:00:00,6386,6713
2025-03-13 10:00:00,6876,6285
2025-03-13 11:00:00,7235,6409
2025-03-13 12:00:00,7663,6924
2025-03-13 13:00:00,7934,7140
2025-03-13 14:00:00,9004,8055
2025-03-13 15:00:00,9704,8709
2025-03-13 16:00:00,10062,9055
2025-03-13 17:00:00,11061,10579
2025-03-13 18:00:00,11666,12162
2025-03-13 19:00:00,10806,12398
2025-03-13 20:00:00,10367,11733
2025-03-13 21:00:00,11034,11973
2025-03-13 22:00:00,9361,10387
2025-03-13 23:00:00,6548,7484
2025-03-14 00:00:00,4427,4252
2025-03-14 01:00:00,2319,2091
2025-03-14 02:00:00,1204,1086
2025-03-14 03:00:00,814,791
2025-03-14 04:00:00,616,876
2025-03-14 05:00:00,855,1209
2025-03-14 06:00:00,1656,2334
2025-03-14 07:00:00,3551,4544
2025-03-14 08:00:00,5108,5715
2025-03-14 09:00:00,5668,5442
2025-03-14 10:00:00,6028,5467
2025-03-14 11:00:00,6682,5945
2025-03-14 12:00:00,7414,6597
2025-03-14 13:00:00,7313,6685
2025-03-14 14:00:00,8448,7617
2025-03-14 15:00:00,9263,8200
2025-03-14 16:00:00,9250,7964
2025-03-14 17:00:00,10070,9336
2025-03-14 18:00:00,10619,10692
2025-03-14 19:00:00,9694,10785
2025-03-14 20:00:00,8770,9292
2025-03-14 21:00:00,9929,8868
2025-03-14 22:00:00,9782,9374
2025-03-14 23:00:00,9068,9901
2025-03-15 00:00:00,6901,8028
2025-03-15 01:00:00,5275,5577
2025-03-15 02:00:00,3646,3376
2025-03-15 03:00:00,2139,2112
2025-03-15 04:00:00,1137,1593
2025-03-15 05:00:00,578,897
2025-03-15 06:00:00,917,1197
2025-03-15 07:00:00,1521,1669
2025-03-15 08:00:00,2636,2656
2025-03-15 09:00:00,4166,4009
2025-03-15 10:00:00,5972,5355
2025-03-15 11:00:00,7231,6249
2025-03-15 12:00:00,8125,7164
2025-03-15 13:00:00,8521,7525
2025-03-15 14:00:00,8771,7396
2025-03-15 15:00:00,9564,7767
2025-03-15 16:00:00,10365,8358
2025-03-15 17:00:00,10680,8899
2025-03-15 18:00:00,11070,10618
2025-03-15 19:00:00,10051,10718
2025-03-15 20:00:00,9111,10047
2025-03-15 21:00:00,9916,10212
2025-03-15 22:00:00,10040,10819
2025-03-15 23:00:00,8880,10669
2025-03-16 00:00:00,6943,8617
2025-03-16 01:00:00,5597,6334
2025-03-16 02:00:00,4205,4809
2025-03-16 03:00:00,2516,3013
2025-03-16 04:00:00,1497,2210
2025-03-16 05:00:00,773,1368
2025-03-16 06:00:00,1037,1674
2025-03-16 07:00:00,1567,2061
2025-03-16 08:00:00,2459,2608
2025-03-16 09:00:00,4050,3993
2025-03-16 10:00:00,5465,5098
2025-03-16 11:00:00,6144,5769
2025-03-16 12:00:00,6977,6494
2025-03-16 13:00:00,7211,6763
2025-03-16 14:00:00,8164,7228
2025-03-16 15:00:00,7580,6508
2025-03-16 16:00:00,7602,6380
2025-03-16 17:00:00,7910,6741
2025-03-16 18:00:00,7866,7362
2025-03-16 19:00:00,6230,6738
2025-03-16 20:00:00,5385,5672
2025-03-16 21:00:00,5301,5170
2025-03-16 22:00:00,3781,3858
2025-03-16 23:00:00,2506,2452
2025-03-17 00:00:00,2024,1874
2025-03-17 01:00:00,1251,1146
2025-03-17 02:00:00,620,611
2025-03-17 03:00:00,525,558
2025-03-17 04:00:00,375,655
2025-03-17 05:00:00,839,1258
2025-03-17 06:00:00,1723,2781
2025-03-17 07:00:00,3377,4905
2025-03-17 08:00:00,4611,6228
2025-03-17 09:00:00,5110,5462
2025-03-17 10:00:00,5100,4687
2025-03-17 11:00:00,5429,4873
2025-03-17 12:00:00,6055,5334
2025-03-17 13:00:00,6162,5347
2025-03-17 14:00:00,6891,6005
2025-03-17 15:00:00,7283,6268
2025-03-17 16:00:00,7891,6839
2025-03-17 17:00:00,8596,7644
2025-03-17 18:00:00,8787,7963
2025-03-17 19:00:00,7631,7087
2025-03-17 20:00:00,7402,7371
2025-03-17 21:00:00,7264,7672
2025-03-17 22:00:00,6093,6545
2025-03-17 23:00:00,3391,3479
2025-03-18 00:00:00,2104,2055
2025-03-18 01:00:00,845,826
2025-03-18 02:00:00,442,443
2025-03-18 03:00:00,350,377
2025-03-18 04:00:00,326,438
2025-03-18 05:00:00,752,960
2025-03-18 06:00:00,1819,2307
2025-03-18 07:00:00,3653,4644
2025-03-18 08:00:00,5653,6828
2025-03-18 09:00:00,6363,6587
2025-03-18 10:00:00,6352,5933
2025-03-18 11:00:00,6601,5853
2025-03-18 12:00:00,7079,6333
2025-03-18 13:00:00,7159,6402
2025-03-18 14:00:00,7857,6899
2025-03-18 15:00:00,7988,6888
2025-03-18 16:00:00,8084,7122
2025-03-18 17:00:00,9038,8272
2025-03-18 18:00:00,9347,8771
2025-03-18 19:00:00,7960,7819
2025-03-18 20:00:00,7695,8328
2025-03-18 21:00:00,8299,9399
2025-03-18 22:00:00,6804,7778
2025-03-18 23:00:00,3748,3796
2025-03-19 00:00:00,1735,1661
2025-03-19 01:00:00,854,781
2025-03-19 02:00:00,446,396
2025-03-19 03:00:00,229,252
2025-03-19 04:00:00,295,401
2025-03-19 05:00:00,740,915
2025-03-19 06:00:00,1635,2164
2025-03-19 07:00:00,3742,4581
2025-03-19 08:00:00,5500,6816
2025-03-19 09:00:00,6233,6507
2025-03-19 10:00:00,6221,5608
2025-03-19 11:00:00,6470,5680
2025-03-19 12:00:00,7019,6198
2025-03-19 13:00:00,7315,6442
2025-03-19 14:00:00,7866,6797
2025-03-19 15:00:00,8050,6901
2025-03-19 16:00:00,8266,7171
2025-03-19 17:00:00,9540,8776
2025-03-19 18:00:00,9931,9268
2025-03-19 19:00:00,8808,8645
2025-03-19 20:00:00,8763,9324
2025-03-19 21:00:00,9081,9844
2025-03-19 22:00:00,7904,8500
2025-03-19 23:00:00,4415,4664
2025-03-20 00:00:00,2201,2058
2025-03-20 01:00:00,1169,1035
2025-03-20 02:00:00,608,548
2025-03-20 03:00:00,362,369
2025-03-20 04:00:00,320,471
2025-03-20 05:00:00,803,1153
2025-03-20 06:00:00,1871,2462
2025-03-20 07:00:00,3864,4862
2025-03-20 08:00:00,5694,6956
2025-03-20 09:00:00,6406,6698
2025-03-20 10:00:00,6586,6072
2025-03-20 11:00:00,6980,6230
2025-03-20 12:00:00,7632,6747
2025-03-20 13:00:00,7758,6804
2025-03-20 14:00:00,8373,7421
2025-03-20 15:00:00,8735,7604
2025-03-20 16:00:00,8942,7935
2025-03-20 17:00:00,10484,9873
2025-03-20 18:00:00,10420,10595
2025-03-20 19:00:00,9217,9720
2025-03-20 20:00:00,11111,12570
2025-03-20 21:00:00,11691,13917
2025-03-20 22:00:00,8688,12178
2025-03-20 23:00:00,5750,8961
2025-03-21 00:00:00,3734,4781
2025-03-21 01:00:00,2091,2051
2025-03-21 02:00:00,1549,1369
2025-03-21 03:00:00,804,787
2025-03-21 04:00:00,554,786
2025-03-21 05:00:00,871,1245
2025-03-21 06:00:00,1646,2220
2025-03-21 07:00:00,3193,4041
2025-03-21 08:00:00,4481,5195
2025-03-21 09:00:00,5352,5177
2025-03-21 10:00:00,5939,5357
2025-03-21 11:00:00,6592,5861
2025-03-21 12:00:00,6827,6247
2025-03-21 13:00:00,7247,6558
2025-03-21 14:00:00,7891,7043
2025-03-21 15:00:00,8435,7198
2025-03-21 16:00:00,8691,7439
2025-03-21 17:00:00,9364,8013
2025-03-21 18:00:00,10298,9682
2025-03-21 19:00:00,9138,9813
2025-03-21 20:00:00,8291,8507
2025-03-21 21:00:00,9255,8083
2025-03-21 22:00:00,9471,8605
2025-03-21 23:00:00,7800,8523
2025-03-22 00:00:00,6965,8107
2025-03-22 01:00:00,5019,5517
2025-03-22 02:00:00,3652,3649
2025-03-22 03:00:00,2446,2681
2025-03-22 04:00:00,1261,1880
2025-03-22 05:00:00,645,1063
2025-03-22 06:00:00,865,1126
2025-03-22 07:00:00,1401,1515
2025-03-22 08:00:00,2394,2416
2025-03-22 09:00:00,3883,3714
2025-03-22 10:00:00,5440,4670
2025-03-22 11:00:00,6619,5518
2025-03-22 12:00:00,7007,5834
2025-03-22 13:00:00,7617,6296
2025-03-22 14:00:00,8931,7007
2025-03-22 15:00:00,9188,7161
2025-03-22 16:00:00,9817,7427
2025-03-22 17:00:00,10169,8030
2025-03-22 18:00:00,10025,8672
2025-03-22 19:00:00,9638,9945
2025-03-22 20:00:00,9367,9812
2025-03-22 21:00:00,9930,8978
2025-03-22 22:00:00,10884,10167
2025-03-22 23:00:00,9433,10919
2025-03-23 00:00:00,8254,9591
2025-03-23 01:00:00,6308,7216
2025-03-23 02:00:00,4812,5430
2025-03-23 03:00:00,3049,3677
2025-03-23 04:00:00,1673,2388
2025-03-23 05:00:00,643,1179
2025-03-23 06:00:00,962,1405
2025-03-23 07:00:00,1611,1740
2025-03-23 08:00:00,2527,2461
2025-03-23 09:00:00,4049,3796
2025-03-23 10:00:00,5530,5062
2025-03-23 11:00:00,6572,5823
2025-03-23 12:00:00,7335,6266
2025-03-23 13:00:00,7421,6334
2025-03-23 14:00:00,7691,6414
2025-03-23 15:00:00,7649,6267
2025-03-23 16:00:00,7919,6421
2025-03-23 17:00:00,7866,6504
2025-03-23 18:00:00,7546,6634
2025-03-23 19:00:00,6690,6961
2025-03-23 20:00:00,6210,6395
2025-03-23 21:00:00,5629,5608
2025-03-23 22:00:00,4201,4398
2025-03-23 23:00:00,2990,3095
2025-03-24 00:00:00,1439,1537
2025-03-24 01:00:00,909,858
2025-03-24 02:00:00,324,380
2025-03-24 03:00:00,215,274
2025-03-24 04:00:00,359,528
2025-03-24 05:00:00,762,1115
2025-03-24 06:00:00,1986,2660
2025-03-24 07:00:00,3532,4719
2025-03-24 08:00:00,5275,6755
2025-03-24 09:00:00,6226,6437
2025-03-24 10:00:00,6967,6375
2025-03-24 11:00:00,6616,5888
2025-03-24 12:00:00,6724,5889
2025-03-24 13:00:00,7739,6739
2025-03-24 14:00:00,8141,7365
2025-03-24 15:00:00,8247,7367
2025-03-24 16:00:00,7977,7364
2025-03-24 17:00:00,7834,7341
2025-03-24 18:00:00,7652,6991
2025-03-24 19:00:00,6328,5984
2025-03-24 20:00:00,5831,5679
2025-03-24 21:00:00,5782,5577
2025-03-24 22:00:00,4698,4433
2025-03-24 23:00:00,2734,2663
2025-03-25 00:00:00,1674,1524
2025-03-25 01:00:00,695,665
2025-03-25 02:00:00,224,267
2025-03-25 03:00:00,235,258
2025-03-25 04:00:00,282,372
2025-03-25 05:00:00,664,821
2025-03-25 06:00:00,1721,2133
2025-03-25 07:00:00,3627,4277
2025-03-25 08:00:00,5333,6246
2025-03-25 09:00:00,6087,6182
2025-03-25 10:00:00,6179,5758
2025-03-25 11:00:00,6648,5927
2025-03-25 12:00:00,6838,6101
2025-03-25 13:00:00,7091,6306
2025-03-25 14:00:00,7927,6869
2025-03-25 15:00:00,8111,6998
2025-03-25 16:00:00,8111,7045
2025-03-25 17:00:00,9002,8076
2025-03-25 18:00:00,9346,8465
2025-03-25 19:00:00,7685,7416
2025-03-25 20:00:00,8273,8625
2025-03-25 21:00:00,8440,8885
2025-03-25 22:00:00,6989,7190
2025-03-25 23:00:00,3627,3528
2025-03-26 00:00:00,1767,1667
2025-03-26 01:00:00,851,770
2025-03-26 02:00:00,431,401
2025-03-26 03:00:00,258,284
2025-03-26 04:00:00,265,418
2025-03-26 05:00:00,735,911
2025-03-26 06:00:00,1730,2219
2025-03-26 07:00:00,3559,4365
2025-03-26 08:00:00,5356,6268
2025-03-26 09:00:00,6433,6589
2025-03-26 10:00:00,6285,5755
2025-03-26 11:00:00,6460,5819
2025-03-26 12:00:00,7278,6476
2025-03-26 13:00:00,8542,7528
2025-03-26 14:00:00,8406,7363
2025-03-26 15:00:00,8523,7357
2025-03-26 16:00:00,8727,7471
2025-03-26 17:00:00,9894,8771
2025-03-26 18:00:00,10474,9693
2025-03-26 19:00:00,8983,8543
2025-03-26 20:00:00,8952,8966
2025-03-26 21:00:00,9741,10051
2025-03-26 22:00:00,8478,8842
2025-03-26 23:00:00,4526,5010
2025-03-27 00:00:00,2470,2403
2025-03-27 01:00:00,1038,985
2025-03-27 02:00:00,545,565
2025-03-27 03:00:00,310,375
2025-03-27 04:00:00,394,614
2025-03-27 05:00:00,765,1108
2025-03-27 06:00:00,1887,2498
2025-03-27 07:00:00,3719,4630
2025-03-27 08:00:00,5336,6497
2025-03-27 09:00:00,6037,6349
2025-03-27 10:00:00,6607,6026
2025-03-27 11:00:00,7210,6353
2025-03-27 12:00:00,7676,6753
2025-03-27 13:00:00,8106,7171
2025-03-27 14:00:00,8441,7398
2025-03-27 15:00:00,8903,7772
2025-03-27 16:00:00,9197,7992
2025-03-27 17:00:00,10005,9247
2025-03-27 18:00:00,10717,10032
2025-03-27 19:00:00,10014,10130
2025-03-27 20:00:00,9658,10531
2025-03-27 21:00:00,9967,11040
2025-03-27 22:00:00,8904,9722
2025-03-27 23:00:00,6268,6643
2025-03-28 00:00:00,3652,3539
2025-03-28 01:00:00,2270,2020
2025-03-28 02:00:00,1094,1033
2025-03-28 03:00:00,634,700
2025-03-28 04:00:00,545,820
2025-03-28 05:00:00,749,1097
2025-03-28 06:00:00,1643,2218
2025-03-28 07:00:00,3116,3744
2025-03-28 08:00:00,4576,5015
2025-03-28 09:00:00,5312,5122
2025-03-28 10:00:00,5796,5192
2025-03-28 11:00:00,6142,5469
2025-03-28 12:00:00,6770,6085
2025-03-28 13:00:00,7379,6558
2025-03-28 14:00:00,8394,7193
2025-03-28 15:00:00,8643,7442
2025-03-28 16:00:00,8930,7659
2025-03-28 17:00:00,9558,8350
2025-03-28 18:00:00,10271,9448
2025-03-28 19:00:00,9475,9570
2025-03-28 20:00:00,10991,11528
2025-03-28 21:00:00,9582,9160
2025-03-28 22:00:00,9691,8579
2025-03-28 23:00:00,8171,8821
2025-03-29 00:00:00,6912,8007
2025-03-29 01:00:00,5276,5602
2025-03-29 02:00:00,3512,3541
2025-03-29 03:00:00,2121,2324
2025-03-29 04:00:00,1018,1563
2025-03-29 05:00:00,552,810
2025-03-29 06:00:00,919,1103
2025-03-29 07:00:00,1609,1618
2025-03-29 08:00:00,2483,2419
2025-03-29 09:00:00,4029,3764
2025-03-29 10:00:00,5527,4835
2025-03-29 11:00:00,6902,5950
2025-03-29 12:00:00,7899,6811
2025-03-29 13:00:00,8668,7665
2025-03-29 14:00:00,9356,7896
2025-03-29 15:00:00,9410,7738
2025-03-29 16:00:00,10822,8812
2025-03-29 17:00:00,12510,11029
2025-03-29 18:00:00,12923,12970
2025-03-29 19:00:00,11622,12603
2025-03-29 20:00:00,10031,11536
2025-03-29 21:00:00,10372,11084
2025-03-29 22:00:00,10852,11845
2025-03-29 23:00:00,9853,11571
2025-03-30 00:00:00,8113,10196
2025-03-30 01:00:00,6429,7864
2025-03-30 02:00:00,4784,5906
2025-03-30 03:00:00,2955,3909
2025-03-30 04:00:00,1850,2504
2025-03-30 05:00:00,769,1319
2025-03-30 06:00:00,952,1510
2025-03-30 07:00:00,1509,1999
2025-03-30 08:00:00,2253,2788
2025-03-30 09:00:00,3441,3967
2025-03-30 10:00:00,5015,5690
2025-03-30 11:00:00,6016,6664
2025-03-30 12:00:00,6786,7224
2025-03-30 13:00:00,7338,7506
2025-03-30 14:00:00,7558,7700
2025-03-30 15:00:00,7700,7578
2025-03-30 16:00:00,7933,7631
2025-03-30 17:00:00,8163,7866
2025-03-30 18:00:00,7243,6896
2025-03-30 19:00:00,6394,6503
2025-03-30 20:00:00,6074,6621
2025-03-30 21:00:00,5760,6550
2025-03-30 22:00:00,4319,6425
2025-03-30 23:00:00,2462,3965
2025-03-31 00:00:00,1992,2798
2025-03-31 01:00:00,1220,1479
2025-03-31 02:00:00,685,812
2025-03-31 03:00:00,340,449
2025-03-31 04:00:00,462,618
2025-03-31 05:00:00,688,978
2025-03-31 06:00:00,1781,2180
2025-03-31 07:00:00,3339,3711
2025-03-31 08:00:00,4674,4914
2025-03-31 09:00:00,5444,5331
2025-03-31 10:00:00,5672,5129
2025-03-31 11:00:00,5974,5393
2025-03-31 12:00:00,6412,5677
2025-03-31 13:00:00,6936,6110
2025-03-31 14:00:00,7534,6469
2025-03-31 15:00:00,7736,6727
2025-03-31 16:00:00,7537,6414
2025-03-31 17:00:00,9628,8706
2025-03-31 18:00:00,10118,9705
2025-03-31 19:00:00,7063,6821
2025-03-31 20:00:00,5903,5716
2025-03-31 21:00:00,6622,7938
2025-03-31 22:00:00,4835,6567
2025-03-31 23:00:00,3143,4574
2025-04-01 00:00:00,6,2
2025-03-31 23:00:00,5,4
2025-04-01 00:00:00,1766,2666
2025-04-01 01:00:00,1246,1376
2025-04-01 02:00:00,956,907
2025-04-01 03:00:00,340,375
2025-04-01 04:00:00,363,429
2025-04-01 05:00:00,664,824
2025-04-01 06:00:00,1834,2156
2025-04-01 07:00:00,4287,5103
2025-04-01 08:00:00,5546,6776
2025-04-01 09:00:00,6206,6503
2025-04-01 10:00:00,6480,6073
2025-04-01 11:00:00,6637,6050
2025-04-01 12:00:00,7123,6479
2025-04-01 13:00:00,7354,6633
2025-04-01 14:00:00,8265,7299
2025-04-01 15:00:00,8400,7446
2025-04-01 16:00:00,8832,7851
2025-04-01 17:00:00,9801,9046
2025-04-01 18:00:00,10447,9550
2025-04-01 19:00:00,8604,7750
2025-04-01 20:00:00,8191,7550
2025-04-01 21:00:00,8421,8524
2025-04-01 22:00:00,6742,7567
2025-04-01 23:00:00,3795,4022
2025-04-02 00:00:00,1802,1824
2025-04-02 01:00:00,703,760
2025-04-02 02:00:00,342,384
2025-04-02 03:00:00,266,275
2025-04-02 04:00:00,302,353
2025-04-02 05:00:00,652,842
2025-04-02 06:00:00,1850,2426
2025-04-02 07:00:00,4173,5135
2025-04-02 08:00:00,5857,7096
2025-04-02 09:00:00,6304,6700
2025-04-02 10:00:00,6557,6181
2025-04-02 11:00:00,7033,6386
2025-04-02 12:00:00,7252,6525
2025-04-02 13:00:00,7588,6813
2025-04-02 14:00:00,8318,7495
2025-04-02 15:00:00,9268,8213
2025-04-02 16:00:00,9886,8772
2025-04-02 17:00:00,10714,9995
2025-04-02 18:00:00,11012,10429
2025-04-02 19:00:00,11139,10582
2025-04-02 20:00:00,8685,8344
2025-04-02 21:00:00,9155,9473
2025-04-02 22:00:00,7308,8167
2025-04-02 23:00:00,4204,4223
2025-04-03 00:00:00,2159,2049
2025-04-03 01:00:00,980,961
2025-04-03 02:00:00,545,582
2025-04-03 03:00:00,366,377
2025-04-03 04:00:00,403,518
2025-04-03 05:00:00,802,1169
2025-04-03 06:00:00,1900,2559
2025-04-03 07:00:00,4204,5400
2025-04-03 08:00:00,5377,7002
2025-04-03 09:00:00,6127,6701
2025-04-03 10:00:00,6503,6215
2025-04-03 11:00:00,6845,6218
2025-04-03 12:00:00,7256,6547
2025-04-03 13:00:00,7531,6787
2025-04-03 14:00:00,8438,7502
2025-04-03 15:00:00,9311,8077
2025-04-03 16:00:00,9346,8449
2025-04-03 17:00:00,10701,10036
2025-04-03 18:00:00,10994,10520
2025-04-03 19:00:00,9119,8343
2025-04-03 20:00:00,9527,8337
2025-04-03 21:00:00,10116,8965
2025-04-03 22:00:00,8786,8688
2025-04-03 23:00:00,6085,6409
2025-04-04 00:00:00,3686,3525
2025-04-04 01:00:00,2124,1918
2025-04-04 02:00:00,1165,1141
2025-04-04 03:00:00,821,754
2025-04-04 04:00:00,582,716
2025-04-04 05:00:00,927,1331
2025-04-04 06:00:00,1769,2635
2025-04-04 07:00:00,3823,4954
2025-04-04 08:00:00,5056,6117
2025-04-04 09:00:00,5629,5656
2025-04-04 10:00:00,6197,5668
2025-04-04 11:00:00,6551,5925
2025-04-04 12:00:00,7317,6505
2025-04-04 13:00:00,7348,6646
2025-04-04 14:00:00,8505,7598
2025-04-04 15:00:00,9175,8085
2025-04-04 16:00:00,8831,7643
2025-04-04 17:00:00,9895,8708
2025-04-04 18:00:00,10781,9369
2025-04-04 19:00:00,9464,8457
2025-04-04 20:00:00,8691,7359
2025-04-04 21:00:00,9392,7444
2025-04-04 22:00:00,9932,8153
2025-04-04 23:00:00,8561,8777
2025-04-05 00:00:00,7329,8500
2025-04-05 01:00:00,5935,6663
2025-04-05 02:00:00,4667,4824
2025-04-05 03:00:00,2756,2791
2025-04-05 04:00:00,1299,1548
2025-04-05 05:00:00,596,816
2025-04-05 06:00:00,939,1141
2025-04-05 07:00:00,1661,1802
2025-04-05 08:00:00,2842,2858
2025-04-05 09:00:00,4202,4014
2025-04-05 10:00:00,6026,5384
2025-04-05 11:00:00,8629,7758
2025-04-05 12:00:00,8657,8597
2025-04-05 13:00:00,8510,8401
2025-04-05 14:00:00,8574,7460
2025-04-05 15:00:00,9235,7770
2025-04-05 16:00:00,10782,8754
2025-04-05 17:00:00,11258,10282
2025-04-05 18:00:00,11331,10174
2025-04-05 19:00:00,9486,8956
2025-04-05 20:00:00,8669,7637
2025-04-05 21:00:00,9323,7808
2025-04-05 22:00:00,10390,8921
2025-04-05 23:00:00,9650,10378
2025-04-06 00:00:00,8428,10603
2025-04-06 01:00:00,5710,7934
2025-04-06 02:00:00,4147,5791
2025-04-06 03:00:00,2777,3244
2025-04-06 04:00:00,1589,2191
2025-04-06 05:00:00,655,1049
2025-04-06 06:00:00,1013,1288
2025-04-06 07:00:00,1643,1787
2025-04-06 08:00:00,2592,2558
2025-04-06 09:00:00,4038,3858
2025-04-06 10:00:00,5670,5388
2025-04-06 11:00:00,6760,6369
2025-04-06 12:00:00,7226,6635
2025-04-06 13:00:00,7858,7344
2025-04-06 14:00:00,8151,7623
2025-04-06 15:00:00,7831,6795
2025-04-06 16:00:00,7998,6619
2025-04-06 17:00:00,7897,6604
2025-04-06 18:00:00,7708,6370
2025-04-06 19:00:00,6279,5386
2025-04-06 20:00:00,6061,5291
2025-04-06 21:00:00,5756,5027
2025-04-06 22:00:00,4026,4057
2025-04-06 23:00:00,2825,3110
2025-04-07 00:00:00,1462,1577
2025-04-07 01:00:00,669,729
2025-04-07 02:00:00,376,412
2025-04-07 03:00:00,289,316
2025-04-07 04:00:00,363,479
2025-04-07 05:00:00,763,1009
2025-04-07 06:00:00,1956,2515
2025-04-07 07:00:00,3854,4962
2025-04-07 08:00:00,5409,6860
2025-04-07 09:00:00,6005,6352
2025-04-07 10:00:00,6801,6323
2025-04-07 11:00:00,6853,6051
2025-04-07 12:00:00,7326,6668
2025-04-07 13:00:00,7448,6573
2025-04-07 14:00:00,7954,7021
2025-04-07 15:00:00,8585,7328
2025-04-07 16:00:00,8609,7472
2025-04-07 17:00:00,9761,8968
2025-04-07 18:00:00,9339,8478
2025-04-07 19:00:00,7223,6318
2025-04-07 20:00:00,6568,5867
2025-04-07 21:00:00,6730,6191
2025-04-07 22:00:00,5154,4616
2025-04-07 23:00:00,2986,2744
2025-04-08 00:00:00,1548,1446
2025-04-08 01:00:00,614,577
2025-04-08 02:00:00,345,340
2025-04-08 03:00:00,218,237
2025-04-08 04:00:00,298,352
2025-04-08 05:00:00,622,731
2025-04-08 06:00:00,1783,2117
2025-04-08 07:00:00,4177,4914
2025-04-08 08:00:00,5795,7004
2025-04-08 09:00:00,6357,6816
2025-04-08 10:00:00,6371,5939
2025-04-08 11:00:00,6927,6255
2025-04-08 12:00:00,7356,6602
2025-04-08 13:00:00,7633,6889
2025-04-08 14:00:00,8454,7633
2025-04-08 15:00:00,9224,8089
2025-04-08 16:00:00,8990,8097
2025-04-08 17:00:00,10385,9577
2025-04-08 18:00:00,10809,9927
2025-04-08 19:00:00,8953,7977
2025-04-08 20:00:00,9080,8358
2025-04-08 21:00:00,9005,9450
2025-04-08 22:00:00,7342,8061
2025-04-08 23:00:00,4072,4186
2025-04-09 00:00:00,1872,1902
2025-04-09 01:00:00,715,694
2025-04-09 02:00:00,407,402
2025-04-09 03:00:00,277,322
2025-04-09 04:00:00,348,487
2025-04-09 05:00:00,713,1058
2025-04-09 06:00:00,1911,2613
2025-04-09 07:00:00,4350,5640
2025-04-09 08:00:00,6043,7751
2025-04-09 09:00:00,6626,7295
2025-04-09 10:00:00,6569,6258
2025-04-09 11:00:00,7317,6674
2025-04-09 12:00:00,7497,6809
2025-04-09 13:00:00,7842,7055
2025-04-09 14:00:00,8326,7507
2025-04-09 15:00:00,8908,7822
2025-04-09 16:00:00,9094,7996
2025-04-09 17:00:00,10221,9463
2025-04-09 18:00:00,11152,10327
2025-04-09 19:00:00,9681,8679
2025-04-09 20:00:00,9284,8412
2025-04-09 21:00:00,9694,9443
2025-04-09 22:00:00,8288,8529
2025-04-09 23:00:00,4452,4508
2025-04-10 00:00:00,2222,2192
2025-04-10 01:00:00,953,980
2025-04-10 02:00:00,576,567
2025-04-10 03:00:00,410,430
2025-04-10 04:00:00,383,516
2025-04-10 05:00:00,725,1117
2025-04-10 06:00:00,1913,2612
2025-04-10 07:00:00,4379,5605
2025-04-10 08:00:00,5676,7121
2025-04-10 09:00:00,6387,6658
2025-04-10 10:00:00,6573,6086
2025-04-10 11:00:00,7085,6400
2025-04-10 12:00:00,7834,7061
2025-04-10 13:00:00,8295,7355
2025-04-10 14:00:00,9142,8127
2025-04-10 15:00:00,9775,8648
2025-04-10 16:00:00,11534,10601
2025-04-10 17:00:00,12063,12050
2025-04-10 18:00:00,11767,11392
2025-04-10 19:00:00,9688,8962
2025-04-10 20:00:00,9503,8680
2025-04-10 21:00:00,10248,9509
2025-04-10 22:00:00,9112,9169
2025-04-10 23:00:00,5747,5810
2025-04-11 00:00:00,3816,3956
2025-04-11 01:00:00,1762,1698
2025-04-11 02:00:00,989,929
2025-04-11 03:00:00,690,718
2025-04-11 04:00:00,480,747
2025-04-11 05:00:00,730,1042
2025-04-11 06:00:00,1751,2362
2025-04-11 07:00:00,3618,4394
2025-04-11 08:00:00,4769,5288
2025-04-11 09:00:00,5648,5613
2025-04-11 10:00:00,7205,6594
2025-04-11 11:00:00,6830,6220
2025-04-11 12:00:00,7929,7267
2025-04-11 13:00:00,8076,7737
2025-04-11 14:00:00,8936,8718
2025-04-11 15:00:00,9463,9122
2025-04-11 16:00:00,9125,8388
2025-04-11 17:00:00,10122,9526
2025-04-11 18:00:00,12185,12231
2025-04-11 19:00:00,10659,11925
2025-04-11 20:00:00,9461,9944
2025-04-11 21:00:00,9938,9303
2025-04-11 22:00:00,9637,10493
2025-04-11 23:00:00,7789,10543
2025-04-12 00:00:00,6587,9110
2025-04-12 01:00:00,4724,6498
2025-04-12 02:00:00,3512,4749
2025-04-12 03:00:00,2251,2826
2025-04-12 04:00:00,1141,1578
2025-04-12 05:00:00,442,693
2025-04-12 06:00:00,855,1137
2025-04-12 07:00:00,1447,1626
2025-04-12 08:00:00,2399,2596
2025-04-12 09:00:00,4500,4280
2025-04-12 10:00:00,5981,5459
2025-04-12 11:00:00,7107,6343
2025-04-12 12:00:00,8158,7106
2025-04-12 13:00:00,9215,8260
2025-04-12 14:00:00,9637,8455
2025-04-12 15:00:00,10078,9062
2025-04-12 16:00:00,10454,9677
2025-04-12 17:00:00,10478,9741
2025-04-12 18:00:00,9927,8991
2025-04-12 19:00:00,9020,8350
2025-04-12 20:00:00,8057,7170
2025-04-12 21:00:00,9022,7820
2025-04-12 22:00:00,9538,9034
2025-04-12 23:00:00,7731,8830
2025-04-13 00:00:00,5967,7203
2025-04-13 01:00:00,5388,6518
2025-04-13 02:00:00,3880,4599
2025-04-13 03:00:00,2654,3099
2025-04-13 04:00:00,1565,2192
2025-04-13 05:00:00,587,1020
2025-04-13 06:00:00,878,1183
2025-04-13 07:00:00,1490,1658
2025-04-13 08:00:00,2295,2130
2025-04-13 09:00:00,3762,3449
2025-04-13 10:00:00,5241,4863
2025-04-13 11:00:00,6297,5648
2025-04-13 12:00:00,7054,6143
2025-04-13 13:00:00,7607,6547
2025-04-13 14:00:00,7912,6737
2025-04-13 15:00:00,7666,6187
2025-04-13 16:00:00,7930,6158
2025-04-13 17:00:00,8103,6406
2025-04-13 18:00:00,7652,5811
2025-04-13 19:00:00,6231,5015
2025-04-13 20:00:00,6276,5146
2025-04-13 21:00:00,6056,5258
2025-04-13 22:00:00,4312,3997
2025-04-13 23:00:00,2789,2813
2025-04-14 00:00:00,1663,1643
2025-04-14 01:00:00,607,608
2025-04-14 02:00:00,308,329
2025-04-14 03:00:00,257,314
2025-04-14 04:00:00,299,469
2025-04-14 05:00:00,730,925
2025-04-14 06:00:00,1675,1999
2025-04-14 07:00:00,3392,3557
2025-04-14 08:00:00,4341,4527
2025-04-14 09:00:00,5087,4860
2025-04-14 10:00:00,5724,5051
2025-04-14 11:00:00,6242,5337
2025-04-14 12:00:00,7036,5926
2025-04-14 13:00:00,7216,6015
2025-04-14 14:00:00,7643,6392
2025-04-14 15:00:00,8175,6581
2025-04-14 16:00:00,8119,6626
2025-04-14 17:00:00,8743,7255
2025-04-14 18:00:00,8655,7129
2025-04-14 19:00:00,7339,5991
2025-04-14 20:00:00,6986,5741
2025-04-14 21:00:00,6465,5685
2025-04-14 22:00:00,4630,4252
2025-04-14 23:00:00,2643,2583
2025-04-15 00:00:00,1571,1578
2025-04-15 01:00:00,588,656
2025-04-15 02:00:00,300,318
2025-04-15 03:00:00,181,225
2025-04-15 04:00:00,294,371
2025-04-15 05:00:00,664,833
2025-04-15 06:00:00,1728,2026
2025-04-15 07:00:00,3714,3929
2025-04-15 08:00:00,5007,5532
2025-04-15 09:00:00,5814,5777
2025-04-15 10:00:00,6331,5617
2025-04-15 11:00:00,6862,5950
2025-04-15 12:00:00,7550,6328
2025-04-15 13:00:00,7846,6551
2025-04-15 14:00:00,8737,7263
2025-04-15 15:00:00,9331,7601
2025-04-15 16:00:00,9635,7943
2025-04-15 17:00:00,10111,8569
2025-04-15 18:00:00,10516,9057
2025-04-15 19:00:00,8931,7538
2025-04-15 20:00:00,8826,7497
2025-04-15 21:00:00,9238,8772
2025-04-15 22:00:00,7505,7602
2025-04-15 23:00:00,4694,4549
2025-04-16 00:00:00,2218,2090
2025-04-16 01:00:00,847,886
2025-04-16 02:00:00,396,421
2025-04-16 03:00:00,276,323
2025-04-16 04:00:00,332,454
2025-04-16 05:00:00,713,894
2025-04-16 06:00:00,1804,2093
2025-04-16 07:00:00,3948,4282
2025-04-16 08:00:00,5826,6112
2025-04-16 09:00:00,6569,6355
2025-04-16 10:00:00,7016,6182
2025-04-16 11:00:00,7779,6693
2025-04-16 12:00:00,8357,7165
2025-04-16 13:00:00,8900,7443
2025-04-16 14:00:00,9537,7925
2025-04-16 15:00:00,9762,8020
2025-04-16 16:00:00,10332,8525
2025-04-16 17:00:00,11356,9879
2025-04-16 18:00:00,11470,9941
2025-04-16 19:00:00,10187,8490
2025-04-16 20:00:00,9382,7867
2025-04-16 21:00:00,9643,8646
2025-04-16 22:00:00,8158,7941
2025-04-16 23:00:00,5569,5342
2025-04-17 00:00:00,2437,2360
2025-04-17 01:00:00,1150,1098
2025-04-17 02:00:00,578,589
2025-04-17 03:00:00,514,504
2025-04-17 04:00:00,362,564
2025-04-17 05:00:00,778,1127
2025-04-17 06:00:00,1731,2200
2025-04-17 07:00:00,3945,4137
2025-04-17 08:00:00,5306,5672
2025-04-17 09:00:00,6120,6063
2025-04-17 10:00:00,6856,6107
2025-04-17 11:00:00,7517,6386
2025-04-17 12:00:00,8047,6814
2025-04-17 13:00:00,8517,7227
2025-04-17 14:00:00,9395,7683
2025-04-17 15:00:00,9934,8166
2025-04-17 16:00:00,10081,8248
2025-04-17 17:00:00,10906,9709
2025-04-17 18:00:00,11647,10583
2025-04-17 19:00:00,9936,8391
2025-04-17 20:00:00,9332,7783
2025-04-17 21:00:00,10384,8542
2025-04-17 22:00:00,9270,8785
2025-04-17 23:00:00,6303,6784
2025-04-18 00:00:00,4029,4310
2025-04-18 01:00:00,2481,2297
2025-04-18 02:00:00,1406,1432
2025-04-18 03:00:00,1023,1024
2025-04-18 04:00:00,665,1001
2025-04-18 05:00:00,760,1167
2025-04-18 06:00:00,1223,1682
2025-04-18 07:00:00,2242,2432
2025-04-18 08:00:00,3600,3730
2025-04-18 09:00:00,5110,4742
2025-04-18 10:00:00,6328,5521
2025-04-18 11:00:00,7302,6283
2025-04-18 12:00:00,7701,6711
2025-04-18 13:00:00,7929,6951
2025-04-18 14:00:00,9507,7843
2025-04-18 15:00:00,9848,8004
2025-04-18 16:00:00,10280,8186
2025-04-18 17:00:00,10355,8441
2025-04-18 18:00:00,10499,8398
2025-04-18 19:00:00,9162,7466
2025-04-18 20:00:00,8517,6614
2025-04-18 21:00:00,8936,6776
2025-04-18 22:00:00,8998,7336
2025-04-18 23:00:00,7484,7234
2025-04-19 00:00:00,6235,6573
2025-04-19 01:00:00,4752,4916
2025-04-19 02:00:00,3211,3279
2025-04-19 03:00:00,2216,2330
2025-04-19 04:00:00,1104,1356
2025-04-19 05:00:00,529,676
2025-04-19 06:00:00,785,1013
2025-04-19 07:00:00,1362,1445
2025-04-19 08:00:00,2436,2389
2025-04-19 09:00:00,4049,3809
2025-04-19 10:00:00,5986,5130
2025-04-19 11:00:00,6897,6006
2025-04-19 12:00:00,8088,6800
2025-04-19 13:00:00,8992,7520
2025-04-19 14:00:00,9527,7703
2025-04-19 15:00:00,9841,7968
2025-04-19 16:00:00,10538,8483
2025-04-19 17:00:00,10954,8797
2025-04-19 18:00:00,10269,8645
2025-04-19 19:00:00,9698,7989
2025-04-19 20:00:00,8266,6826
2025-04-19 21:00:00,9218,7568
2025-04-19 22:00:00,9249,8159
2025-04-19 23:00:00,8104,8669
2025-04-20 00:00:00,6183,7336
2025-04-20 01:00:00,4545,5207
2025-04-20 02:00:00,3485,4261
2025-04-20 03:00:00,2235,2944
2025-04-20 04:00:00,1320,1913
2025-04-20 05:00:00,709,990
2025-04-20 06:00:00,1006,1221
2025-04-20 07:00:00,1433,1507
2025-04-20 08:00:00,2763,2517
2025-04-20 09:00:00,4077,3921
2025-04-20 10:00:00,6032,5592
2025-04-20 11:00:00,6733,6049
2025-04-20 12:00:00,7244,6430
2025-04-20 13:00:00,7901,7389
2025-04-20 14:00:00,8470,7587
2025-04-20 15:00:00,7978,6553
2025-04-20 16:00:00,8110,6406
2025-04-20 17:00:00,8093,6290
2025-04-20 18:00:00,7490,5991
2025-04-20 19:00:00,7257,5844
2025-04-20 20:00:00,6985,6147
2025-04-20 21:00:00,6398,5916
2025-04-20 22:00:00,4568,4507
2025-04-20 23:00:00,2833,2986
2025-04-21 00:00:00,1555,1811
2025-04-21 01:00:00,699,748
2025-04-21 02:00:00,334,387
2025-04-21 03:00:00,296,346
2025-04-21 04:00:00,404,509
2025-04-21 05:00:00,728,951
2025-04-21 06:00:00,1667,2029
2025-04-21 07:00:00,3677,4195
2025-04-21 08:00:00,4934,5484
2025-04-21 09:00:00,5635,5349
2025-04-21 10:00:00,6126,5332
2025-04-21 11:00:00,6221,5299
2025-04-21 12:00:00,7091,5906
2025-04-21 13:00:00,7311,6119
2025-04-21 14:00:00,8201,6814
2025-04-21 15:00:00,8729,7220
2025-04-21 16:00:00,8721,7308
2025-04-21 17:00:00,9432,8076
2025-04-21 18:00:00,9331,8155
2025-04-21 19:00:00,7729,6459
2025-04-21 20:00:00,6659,5622
2025-04-21 21:00:00,6303,5433
2025-04-21 22:00:00,6173,5448
2025-04-21 23:00:00,2925,2881
2025-04-22 00:00:00,1474,1445
2025-04-22 01:00:00,631,631
2025-04-22 02:00:00,276,315
2025-04-22 03:00:00,194,227
2025-04-22 04:00:00,277,351
2025-04-22 05:00:00,708,842
2025-04-22 06:00:00,1883,2248
2025-04-22 07:00:00,4057,4638
2025-04-22 08:00:00,5537,6359
2025-04-22 09:00:00,6198,6181
2025-04-22 10:00:00,6716,5964
2025-04-22 11:00:00,6859,6005
2025-04-22 12:00:00,7544,6489
2025-04-22 13:00:00,8003,6872
2025-04-22 14:00:00,8623,7359
2025-04-22 15:00:00,9222,7682
2025-04-22 16:00:00,9510,8044
2025-04-22 17:00:00,10302,9135
2025-04-22 18:00:00,10713,9455
2025-04-22 19:00:00,8625,7469
2025-04-22 20:00:00,8718,7635
2025-04-22 21:00:00,8907,8416
2025-04-22 22:00:00,7085,7070
2025-04-22 23:00:00,4242,4011
2025-04-23 00:00:00,1863,1834
2025-04-23 01:00:00,857,835
2025-04-23 02:00:00,391,426
2025-04-23 03:00:00,260,306
2025-04-23 04:00:00,292,387
2025-04-23 05:00:00,734,912
2025-04-23 06:00:00,1811,2243
2025-04-23 07:00:00,4454,5288
2025-04-23 08:00:00,5652,6698
2025-04-23 09:00:00,6427,6486
2025-04-23 10:00:00,6664,6089
2025-04-23 11:00:00,7388,6489
2025-04-23 12:00:00,7880,6830
2025-04-23 13:00:00,8047,6920
2025-04-23 14:00:00,8635,7547
2025-04-23 15:00:00,9129,7824
2025-04-23 16:00:00,9911,8419
2025-04-23 17:00:00,11301,9974
2025-04-23 18:00:00,11240,10139
2025-04-23 19:00:00,9752,8392
2025-04-23 20:00:00,9803,8518
2025-04-23 21:00:00,10036,9680
2025-04-23 22:00:00,8543,8780
2025-04-23 23:00:00,5001,4827
2025-04-24 00:00:00,2445,2363
2025-04-24 01:00:00,1122,1078
2025-04-24 02:00:00,607,576
2025-04-24 03:00:00,362,395
2025-04-24 04:00:00,364,549
2025-04-24 05:00:00,713,1080
2025-04-24 06:00:00,1908,2571
2025-04-24 07:00:00,4284,5221
2025-04-24 08:00:00,5823,6950
2025-04-24 09:00:00,6596,6548
2025-04-24 10:00:00,7146,6396
2025-04-24 11:00:00,7683,6767
2025-04-24 12:00:00,8403,7114
2025-04-24 13:00:00,8680,7411
2025-04-24 14:00:00,9471,8111
2025-04-24 15:00:00,10123,8657
2025-04-24 16:00:00,10417,8924
2025-04-24 17:00:00,11275,10643
2025-04-24 18:00:00,11877,11555
2025-04-24 19:00:00,10513,9188
2025-04-24 20:00:00,10120,8728
2025-04-24 21:00:00,11066,9774
2025-04-24 22:00:00,9983,10284
2025-04-24 23:00:00,7077,7504
2025-04-25 00:00:00,3932,3933
2025-04-25 01:00:00,2167,2117
2025-04-25 02:00:00,1372,1309
2025-04-25 03:00:00,855,841
2025-04-25 04:00:00,592,823
2025-04-25 05:00:00,923,1369
2025-04-25 06:00:00,1699,2326
2025-04-25 07:00:00,3616,4530
2025-04-25 08:00:00,5015,5728
2025-04-25 09:00:00,5834,5637
2025-04-25 10:00:00,6485,5693
2025-04-25 11:00:00,7005,6124
2025-04-25 12:00:00,7588,6786
2025-04-25 13:00:00,8100,7252
2025-04-25 14:00:00,9218,8456
2025-04-25 15:00:00,9364,8638
2025-04-25 16:00:00,9911,8879
2025-04-25 17:00:00,10953,9876
2025-04-25 18:00:00,12202,11151
2025-04-25 19:00:00,10792,9849
2025-04-25 20:00:00,9488,8052
2025-04-25 21:00:00,10871,8765
2025-04-25 22:00:00,10527,9370
2025-04-25 23:00:00,9047,10085
2025-04-26 00:00:00,7516,8875
2025-04-26 01:00:00,6081,7042
2025-04-26 02:00:00,4825,5420
2025-04-26 03:00:00,2661,3546
2025-04-26 04:00:00,1422,2007
2025-04-26 05:00:00,602,928
2025-04-26 06:00:00,943,1257
2025-04-26 07:00:00,1645,1780
2025-04-26 08:00:00,2942,3108
2025-04-26 09:00:00,4614,4482
2025-04-26 10:00:00,6471,5563
2025-04-26 11:00:00,7841,6314
2025-04-26 12:00:00,9195,7210
2025-04-26 13:00:00,10106,7887
2025-04-26 14:00:00,9076,7578
2025-04-26 15:00:00,9575,7888
2025-04-26 16:00:00,11129,9137
2025-04-26 17:00:00,10471,8980
2025-04-26 18:00:00,11308,9249
2025-04-26 19:00:00,12905,12954
2025-04-26 20:00:00,8636,8143
2025-04-26 21:00:00,9920,8473
2025-04-26 22:00:00,10798,9704
2025-04-26 23:00:00,9673,10981
2025-04-27 00:00:00,7751,9673
2025-04-27 01:00:00,6273,7826
2025-04-27 02:00:00,4696,5576
2025-04-27 03:00:00,2990,3546
2025-04-27 04:00:00,1544,2138
2025-04-27 05:00:00,883,1465
2025-04-27 06:00:00,1275,2079
2025-04-27 07:00:00,1877,2644
2025-04-27 08:00:00,2813,3348
2025-04-27 09:00:00,4516,5336
2025-04-27 10:00:00,6357,6781
2025-04-27 11:00:00,7408,7851
2025-04-27 12:00:00,8158,8523
2025-04-27 13:00:00,8953,9093
2025-04-27 14:00:00,9141,9196
2025-04-27 15:00:00,8935,8300
2025-04-27 16:00:00,9002,8135
2025-04-27 17:00:00,9059,7937
2025-04-27 18:00:00,8569,7238
2025-04-27 19:00:00,7088,6162
2025-04-27 20:00:00,6432,5761
2025-04-27 21:00:00,5856,5383
2025-04-27 22:00:00,4565,4579
2025-04-27 23:00:00,2936,2939
2025-04-28 00:00:00,1721,1921
2025-04-28 01:00:00,654,782
2025-04-28 02:00:00,393,455
2025-04-28 03:00:00,248,307
2025-04-28 04:00:00,347,506
2025-04-28 05:00:00,821,1059
2025-04-28 06:00:00,1859,2323
2025-04-28 07:00:00,3932,4753
2025-04-28 08:00:00,5109,5968
2025-04-28 09:00:00,5557,5551
2025-04-28 10:00:00,5768,5300
2025-04-28 11:00:00,5937,5323
2025-04-28 12:00:00,6614,5870
2025-04-28 13:00:00,6887,6033
2025-04-28 14:00:00,7504,6571
2025-04-28 15:00:00,8209,7158
2025-04-28 16:00:00,8232,7081
2025-04-28 17:00:00,8899,7914
2025-04-28 18:00:00,9162,8050
2025-04-28 19:00:00,7450,6430
2025-04-28 20:00:00,7487,6535
2025-04-28 21:00:00,6979,6497
2025-04-28 22:00:00,4960,4779
2025-04-28 23:00:00,3098,2939
2025-04-29 00:00:00,1556,1557
2025-04-29 01:00:00,706,764
2025-04-29 02:00:00,345,378
2025-04-29 03:00:00,167,213
2025-04-29 04:00:00,237,332
2025-04-29 05:00:00,706,857
2025-04-29 06:00:00,1935,2306
2025-04-29 07:00:00,4333,5083
2025-04-29 08:00:00,5449,6468
2025-04-29 09:00:00,5991,6166
2025-04-29 10:00:00,6032,5650
2025-04-29 11:00:00,6665,5973
2025-04-29 12:00:00,6966,6305
2025-04-29 13:00:00,7522,6578
2025-04-29 14:00:00,8264,7306
2025-04-29 15:00:00,8614,7652
2025-04-29 16:00:00,8837,7753
2025-04-29 17:00:00,9744,8942
2025-04-29 18:00:00,10424,9574
2025-04-29 19:00:00,8509,7528
2025-04-29 20:00:00,8575,7595
2025-04-29 21:00:00,9038,8641
2025-04-29 22:00:00,7684,8245
2025-04-29 23:00:00,4310,4600
2025-04-30 00:00:00,2001,1969
2025-04-30 01:00:00,942,955
2025-04-30 02:00:00,447,492
2025-04-30 03:00:00,284,331
2025-04-30 04:00:00,352,467
2025-04-30 05:00:00,670,834
2025-04-30 06:00:00,2013,2452
2025-04-30 07:00:00,4180,5187
2025-04-30 08:00:00,5814,7068
2025-04-30 09:00:00,6299,6650
2025-04-30 10:00:00,6433,6084
2025-04-30 11:00:00,7012,6321
2025-04-30 12:00:00,7917,7229
2025-04-30 13:00:00,8256,7313
2025-04-30 14:00:00,8559,7719
2025-04-30 15:00:00,8915,8122
2025-04-30 16:00:00,9592,8660
2025-04-30 17:00:00,10575,10305
2025-04-30 18:00:00,10966,10725
2025-04-30 19:00:00,9361,8450
2025-04-30 20:00:00,9378,8570
2025-04-30 21:00:00,10034,9759
2025-04-30 22:00:00,8691,9011
2025-04-30 23:00:00,5203,5615
2025-05-01 00:00:00,5,3
2025-04-30 22:00:00,2,2
2025-04-30 23:00:00,26,18
2025-05-01 00:00:00,2764,2655
2025-05-01 01:00:00,1417,1348
2025-05-01 02:00:00,782,758
2025-05-01 03:00:00,459,474
2025-05-01 04:00:00,406,583
2025-05-01 05:00:00,811,1221
2025-05-01 06:00:00,1964,2746
2025-05-01 07:00:00,4483,5759
2025-05-01 08:00:00,5716,7155
2025-05-01 09:00:00,6379,6952
2025-05-01 10:00:00,6683,6349
2025-05-01 11:00:00,7289,6476
2025-05-01 12:00:00,7673,6986
2025-05-01 13:00:00,7932,7269
2025-05-01 14:00:00,9292,8405
2025-05-01 15:00:00,10106,9029
2025-05-01 16:00:00,10022,9361
2025-05-01 17:00:00,11361,11317
2025-05-01 18:00:00,12022,12323
2025-05-01 19:00:00,10912,10284
2025-05-01 20:00:00,9974,9533
2025-05-01 21:00:00,11011,11059
2025-05-01 22:00:00,10314,11019
2025-05-01 23:00:00,7023,8079
2025-05-02 00:00:00,4351,4593
2025-05-02 01:00:00,2390,2209
2025-05-02 02:00:00,1339,1212
2025-05-02 03:00:00,774,759
2025-05-02 04:00:00,517,786
2025-05-02 05:00:00,823,1220
2025-05-02 06:00:00,1674,2341
2025-05-02 07:00:00,3701,4440
2025-05-02 08:00:00,5050,5713
2025-05-02 09:00:00,5736,5580
2025-05-02 10:00:00,6422,5792
2025-05-02 11:00:00,6830,6119
2025-05-02 12:00:00,7634,6929
2025-05-02 13:00:00,7975,7370
2025-05-02 14:00:00,8795,8227
2025-05-02 15:00:00,9388,8882
2025-05-02 16:00:00,9812,9200
2025-05-02 17:00:00,10464,10393
2025-05-02 18:00:00,11291,10828
2025-05-02 19:00:00,10064,9217
2025-05-02 20:00:00,8930,7658
2025-05-02 21:00:00,9729,8215
2025-05-02 22:00:00,10255,9578
2025-05-02 23:00:00,8850,9825
2025-05-03 00:00:00,7757,8983
2025-05-03 01:00:00,6004,6966
2025-05-03 02:00:00,4737,5277
2025-05-03 03:00:00,2752,3142
2025-05-03 04:00:00,1457,1927
2025-05-03 05:00:00,607,923
2025-05-03 06:00:00,995,1439
2025-05-03 07:00:00,1664,2138
2025-05-03 08:00:00,2884,3161
2025-05-03 09:00:00,4429,4582
2025-05-03 10:00:00,5964,5839
2025-05-03 11:00:00,7454,6858
2025-05-03 12:00:00,8395,7743
2025-05-03 13:00:00,8813,8194
2025-05-03 14:00:00,8977,8020
2025-05-03 15:00:00,9514,8529
2025-05-03 16:00:00,10346,9200
2025-05-03 17:00:00,10836,9794
2025-05-03 18:00:00,11139,10485
2025-05-03 19:00:00,10538,10199
2025-05-03 20:00:00,9431,9132
2025-05-03 21:00:00,9690,9060
2025-05-03 22:00:00,11225,11518
2025-05-03 23:00:00,8220,10895
2025-05-04 00:00:00,7246,8888
2025-05-04 01:00:00,6322,7493
2025-05-04 02:00:00,4708,5315
2025-05-04 03:00:00,2926,3533
2025-05-04 04:00:00,1682,2312
2025-05-04 05:00:00,710,1203
2025-05-04 06:00:00,1029,1570
2025-05-04 07:00:00,1683,2191
2025-05-04 08:00:00,2652,3177
2025-05-04 09:00:00,4183,4787
2025-05-04 10:00:00,5583,6096
2025-05-04 11:00:00,6888,7194
2025-05-04 12:00:00,8282,8856
2025-05-04 13:00:00,7862,8959
2025-05-04 14:00:00,8208,8772
2025-05-04 15:00:00,8127,8380
2025-05-04 16:00:00,8869,8185
2025-05-04 17:00:00,8956,9917
2025-05-04 18:00:00,8531,8860
2025-05-04 19:00:00,7429,7341
2025-05-04 20:00:00,5996,6293
2025-05-04 21:00:00,5169,5406
2025-05-04 22:00:00,3995,4578
2025-05-04 23:00:00,2770,3376
2025-05-05 00:00:00,1933,2301
2025-05-05 01:00:00,1071,1210
2025-05-05 02:00:00,501,569
2025-05-05 03:00:00,257,333
2025-05-05 04:00:00,348,546
2025-05-05 05:00:00,756,1073
2025-05-05 06:00:00,1833,2436
2025-05-05 07:00:00,3837,4886
2025-05-05 08:00:00,5281,6504
2025-05-05 09:00:00,5748,6087
2025-05-05 10:00:00,6191,5912
2025-05-05 11:00:00,6591,6201
2025-05-05 12:00:00,7953,7530
2025-05-05 13:00:00,7775,7608
2025-05-05 14:00:00,8666,8707
2025-05-05 15:00:00,8281,8304
2025-05-05 16:00:00,9318,9547
2025-05-05 17:00:00,9805,11558
2025-05-05 18:00:00,9631,11621
2025-05-05 19:00:00,7989,8650
2025-05-05 20:00:00,7446,8028
2025-05-05 21:00:00,6546,7581
2025-05-05 22:00:00,4923,6004
2025-05-05 23:00:00,3397,3992
2025-05-06 00:00:00,2462,2915
2025-05-06 01:00:00,1699,2039
2025-05-06 02:00:00,828,1049
2025-05-06 03:00:00,373,556
2025-05-06 04:00:00,367,619
2025-05-06 05:00:00,720,1149
2025-05-06 06:00:00,1926,2641
2025-05-06 07:00:00,4102,5315
2025-05-06 08:00:00,5515,7225
2025-05-06 09:00:00,6233,7674
2025-05-06 10:00:00,6577,6756
2025-05-06 11:00:00,6858,6697
2025-05-06 12:00:00,7043,6745
2025-05-06 13:00:00,7546,7099
2025-05-06 14:00:00,8215,7858
2025-05-06 15:00:00,8805,8233
2025-05-06 16:00:00,9231,8876
2025-05-06 17:00:00,10910,11304
2025-05-06 18:00:00,10500,11539
2025-05-06 19:00:00,8590,8420
2025-05-06 20:00:00,8178,8305
2025-05-06 21:00:00,8410,9226
2025-05-06 22:00:00,6986,8278
2025-05-06 23:00:00,4082,4403
2025-05-07 00:00:00,2622,2725
2025-05-07 01:00:00,1324,1351
2025-05-07 02:00:00,525,620
2025-05-07 03:00:00,305,391
2025-05-07 04:00:00,366,473
2025-05-07 05:00:00,697,990
2025-05-07 06:00:00,1936,2619
2025-05-07 07:00:00,4270,5327
2025-05-07 08:00:00,5704,7147
2025-05-07 09:00:00,6211,6954
2025-05-07 10:00:00,6797,6683
2025-05-07 11:00:00,7169,6766
2025-05-07 12:00:00,7626,7067
2025-05-07 13:00:00,8113,7628
2025-05-07 14:00:00,9090,8508
2025-05-07 15:00:00,9354,8818
2025-05-07 16:00:00,9856,9380
2025-05-07 17:00:00,10863,11226
2025-05-07 18:00:00,11314,11868
2025-05-07 19:00:00,9615,9063
2025-05-07 20:00:00,9152,8611
2025-05-07 21:00:00,9673,9960
2025-05-07 22:00:00,8404,9405
2025-05-07 23:00:00,5073,5871
2025-05-08 00:00:00,2749,2978
2025-05-08 01:00:00,1311,1486
2025-05-08 02:00:00,734,794
2025-05-08 03:00:00,537,615
2025-05-08 04:00:00,392,672
2025-05-08 05:00:00,823,1160
2025-05-08 06:00:00,2026,2774
2025-05-08 07:00:00,4147,5373
2025-05-08 08:00:00,5869,7305
2025-05-08 09:00:00,6230,7068
2025-05-08 10:00:00,7176,7087
2025-05-08 11:00:00,7367,6922
2025-05-08 12:00:00,7922,7361
2025-05-08 13:00:00,8744,8091
2025-05-08 14:00:00,9515,9020
2025-05-08 15:00:00,9761,9446
2025-05-08 16:00:00,9938,9755
2025-05-08 17:00:00,11715,12114
2025-05-08 18:00:00,12803,14039
2025-05-08 19:00:00,11594,12172
2025-05-08 20:00:00,10357,10764
2025-05-08 21:00:00,10487,10671
2025-05-08 22:00:00,9625,10178
2025-05-08 23:00:00,7137,7979
2025-05-09 00:00:00,4763,5509
2025-05-09 01:00:00,2558,2711
2025-05-09 02:00:00,1375,1426
2025-05-09 03:00:00,755,874
2025-05-09 04:00:00,607,878
2025-05-09 05:00:00,831,1255
2025-05-09 06:00:00,1867,2596
2025-05-09 07:00:00,3987,5178
2025-05-09 08:00:00,5943,7553
2025-05-09 09:00:00,6056,7206
2025-05-09 10:00:00,7461,7731
2025-05-09 11:00:00,7022,7629
2025-05-09 12:00:00,6826,7401
2025-05-09 13:00:00,7131,7298
2025-05-09 14:00:00,8298,8419
2025-05-09 15:00:00,9312,9369
2025-05-09 16:00:00,9947,10446
2025-05-09 17:00:00,11045,11847
2025-05-09 18:00:00,11303,12762
2025-05-09 19:00:00,9667,10717
2025-05-09 20:00:00,8526,8206
2025-05-09 21:00:00,9770,8477
2025-05-09 22:00:00,9495,8828
2025-05-09 23:00:00,8733,9375
2025-05-10 00:00:00,7319,8324
2025-05-10 01:00:00,5615,6463
2025-05-10 02:00:00,3971,4333
2025-05-10 03:00:00,2488,2733
2025-05-10 04:00:00,1362,1691
2025-05-10 05:00:00,626,909
2025-05-10 06:00:00,1051,1364
2025-05-10 07:00:00,1617,1931
2025-05-10 08:00:00,2818,3186
2025-05-10 09:00:00,4761,4881
2025-05-10 10:00:00,6225,6081
2025-05-10 11:00:00,7417,6988
2025-05-10 12:00:00,8021,7758
2025-05-10 13:00:00,8805,8183
2025-05-10 14:00:00,9285,8549
2025-05-10 15:00:00,10130,9256
2025-05-10 16:00:00,9919,9227
2025-05-10 17:00:00,10334,9641
2025-05-10 18:00:00,11370,10659
2025-05-10 19:00:00,10174,9821
2025-05-10 20:00:00,9176,8595
2025-05-10 21:00:00,9116,8425
2025-05-10 22:00:00,9629,9947
2025-05-10 23:00:00,9049,10442
2025-05-11 00:00:00,6962,8876
2025-05-11 01:00:00,5747,6948
2025-05-11 02:00:00,3983,4726
2025-05-11 03:00:00,2643,3079
2025-05-11 04:00:00,1467,2074
2025-05-11 05:00:00,717,1168
2025-05-11 06:00:00,1025,1399
2025-05-11 07:00:00,1639,1871
2025-05-11 08:00:00,2585,2872
2025-05-11 09:00:00,4339,4569
2025-05-11 10:00:00,5958,6436
2025-05-11 11:00:00,7497,8159
2025-05-11 12:00:00,8429,8844
2025-05-11 13:00:00,8927,9158
2025-05-11 14:00:00,9559,9388
2025-05-11 15:00:00,9402,9230
2025-05-11 16:00:00,9548,9349
2025-05-11 17:00:00,9493,9226
2025-05-11 18:00:00,9196,8921
2025-05-11 19:00:00,7856,7474
2025-05-11 20:00:00,7211,7259
2025-05-11 21:00:00,6725,7215
2025-05-11 22:00:00,5138,5869
2025-05-11 23:00:00,2952,3425
2025-05-12 00:00:00,1707,1990
2025-05-12 01:00:00,717,898
2025-05-12 02:00:00,365,491
2025-05-12 03:00:00,294,440
2025-05-12 04:00:00,333,574
2025-05-12 05:00:00,804,1223
2025-05-12 06:00:00,1917,2553
2025-05-12 07:00:00,3957,5041
2025-05-12 08:00:00,5271,6492
2025-05-12 09:00:00,5840,6204
2025-05-12 10:00:00,6016,5753
2025-05-12 11:00:00,6499,6032
2025-05-12 12:00:00,7095,6597
2025-05-12 13:00:00,7183,6653
2025-05-12 14:00:00,8162,7607
2025-05-12 15:00:00,8738,8190
2025-05-12 16:00:00,8634,8153
2025-05-12 17:00:00,9384,9299
2025-05-12 18:00:00,9972,9604
2025-05-12 19:00:00,8087,7525
2025-05-12 20:00:00,7599,7446
2025-05-12 21:00:00,7013,7222
2025-05-12 22:00:00,6600,7881
2025-05-12 23:00:00,3826,4813
2025-05-13 00:00:00,1828,2088
2025-05-13 01:00:00,852,1045
2025-05-13 02:00:00,349,444
2025-05-13 03:00:00,207,302
2025-05-13 04:00:00,235,382
2025-05-13 05:00:00,740,1013
2025-05-13 06:00:00,1837,2523
2025-05-13 07:00:00,4362,5403
2025-05-13 08:00:00,5548,6941
2025-05-13 09:00:00,6461,7224
2025-05-13 10:00:00,6808,6704
2025-05-13 11:00:00,7080,6760
2025-05-13 12:00:00,8021,7478
2025-05-13 13:00:00,7939,7588
2025-05-13 14:00:00,9452,9079
2025-05-13 15:00:00,10117,9797
2025-05-13 16:00:00,9624,9504
2025-05-13 17:00:00,10812,11150
2025-05-13 18:00:00,11164,11619
2025-05-13 19:00:00,9186,8894
2025-05-13 20:00:00,9399,9305
2025-05-13 21:00:00,10092,10783
2025-05-13 22:00:00,8460,9668
2025-05-13 23:00:00,4319,5804
2025-05-14 00:00:00,2024,2459
2025-05-14 01:00:00,950,1116
2025-05-14 02:00:00,394,515
2025-05-14 03:00:00,272,371
2025-05-14 04:00:00,293,469
2025-05-14 05:00:00,753,1098
2025-05-14 06:00:00,2029,2709
2025-05-14 07:00:00,4489,6045
2025-05-14 08:00:00,5622,8123
2025-05-14 09:00:00,5920,7972
2025-05-14 10:00:00,6767,7287
2025-05-14 11:00:00,7221,7428
2025-05-14 12:00:00,7586,7427
2025-05-14 13:00:00,8330,8177
2025-05-14 14:00:00,9110,9664
2025-05-14 15:00:00,9554,10038
2025-05-14 16:00:00,9224,9482
2025-05-14 17:00:00,10255,11020
2025-05-14 18:00:00,10664,12396
2025-05-14 19:00:00,9808,11216
2025-05-14 20:00:00,9220,10645
2025-05-14 21:00:00,9428,10878
2025-05-14 22:00:00,7949,9861
2025-05-14 23:00:00,5233,6558
2025-05-15 00:00:00,3288,3663
2025-05-15 01:00:00,1695,1729
2025-05-15 02:00:00,764,881
2025-05-15 03:00:00,442,555
2025-05-15 04:00:00,494,721
2025-05-15 05:00:00,810,1261
2025-05-15 06:00:00,1950,2870
2025-05-15 07:00:00,4339,5810
2025-05-15 08:00:00,5835,7524
2025-05-15 09:00:00,6164,7277
2025-05-15 10:00:00,6796,6954
2025-05-15 11:00:00,7349,7081
2025-05-15 12:00:00,7905,7537
2025-05-15 13:00:00,8091,7764
2025-05-15 14:00:00,9737,9723
2025-05-15 15:00:00,10411,10413
2025-05-15 16:00:00,10432,10455
2025-05-15 17:00:00,11286,12030
2025-05-15 18:00:00,11920,13066
2025-05-15 19:00:00,10233,10535
2025-05-15 20:00:00,10280,10226
2025-05-15 21:00:00,10590,11023
2025-05-15 22:00:00,10052,10829
2025-05-15 23:00:00,7749,8877
2025-05-16 00:00:00,4950,5824
2025-05-16 01:00:00,2896,3026
2025-05-16 02:00:00,1839,1820
2025-05-16 03:00:00,1056,1224
2025-05-16 04:00:00,747,1106
2025-05-16 05:00:00,1040,1473
2025-05-16 06:00:00,1737,2656
2025-05-16 07:00:00,3606,4842
2025-05-16 08:00:00,5036,6203
2025-05-16 09:00:00,5504,6045
2025-05-16 10:00:00,6480,6260
2025-05-16 11:00:00,7068,6817
2025-05-16 12:00:00,8789,8874
2025-05-16 13:00:00,7752,8989
2025-05-16 14:00:00,8053,8924
2025-05-16 15:00:00,8571,9153
2025-05-16 16:00:00,9164,9429
2025-05-16 17:00:00,10137,10487
2025-05-16 18:00:00,10877,11428
2025-05-16 19:00:00,9986,10869
2025-05-16 20:00:00,8926,8910
2025-05-16 21:00:00,9195,8251
2025-05-16 22:00:00,10518,10197
2025-05-16 23:00:00,10432,10825
2025-05-17 00:00:00,8421,9431
2025-05-17 01:00:00,6388,7555
2025-05-17 02:00:00,4430,5334
2025-05-17 03:00:00,2795,3488
2025-05-17 04:00:00,1461,2245
2025-05-17 05:00:00,825,1587
2025-05-17 06:00:00,1129,2127
2025-05-17 07:00:00,1693,2462
2025-05-17 08:00:00,2952,3678
2025-05-17 09:00:00,4530,5426
2025-05-17 10:00:00,5946,6884
2025-05-17 11:00:00,6928,7664
2025-05-17 12:00:00,7876,8215
2025-05-17 13:00:00,8176,8497
2025-05-17 14:00:00,8770,8975
2025-05-17 15:00:00,9548,9733
2025-05-17 16:00:00,10887,10809
2025-05-17 17:00:00,10780,11223
2025-05-17 18:00:00,11355,11406
2025-05-17 19:00:00,11129,11501
2025-05-17 20:00:00,9330,9557
2025-05-17 21:00:00,9610,9624
2025-05-17 22:00:00,9983,10831
2025-05-17 23:00:00,9345,10874
2025-05-18 00:00:00,7598,9561
2025-05-18 01:00:00,5892,7535
2025-05-18 02:00:00,4555,5609
2025-05-18 03:00:00,3033,4013
2025-05-18 04:00:00,1799,2593
2025-05-18 05:00:00,786,1346
2025-05-18 06:00:00,1123,1599
2025-05-18 07:00:00,1725,2243
2025-05-18 08:00:00,2733,3256
2025-05-18 09:00:00,4216,4841
2025-05-18 10:00:00,5458,6174
2025-05-18 11:00:00,6211,6729
2025-05-18 12:00:00,7026,7300
2025-05-18 13:00:00,7384,7557
2025-05-18 14:00:00,7918,7952
2025-05-18 15:00:00,7820,7912
2025-05-18 16:00:00,7951,7994
2025-05-18 17:00:00,8555,8641
2025-05-18 18:00:00,8527,8787
2025-05-18 19:00:00,7382,7365
2025-05-18 20:00:00,6721,6875
2025-05-18 21:00:00,6194,6999
2025-05-18 22:00:00,5289,6423
2025-05-18 23:00:00,3424,4467
2025-05-19 00:00:00,2032,2303
2025-05-19 01:00:00,980,1172
2025-05-19 02:00:00,438,569
2025-05-19 03:00:00,353,476
2025-05-19 04:00:00,433,661
2025-05-19 05:00:00,882,1275
2025-05-19 06:00:00,1949,2776
2025-05-19 07:00:00,4026,5208
2025-05-19 08:00:00,5244,6541
2025-05-19 09:00:00,5664,6313
2025-05-19 10:00:00,6113,5930
2025-05-19 11:00:00,6467,6217
2025-05-19 12:00:00,7229,6793
2025-05-19 13:00:00,7665,7110
2025-05-19 14:00:00,8244,7793
2025-05-19 15:00:00,8964,8651
2025-05-19 16:00:00,8676,8409
2025-05-19 17:00:00,9340,9669
2025-05-19 18:00:00,9914,10320
2025-05-19 19:00:00,8605,8314
2025-05-19 20:00:00,7926,7831
2025-05-19 21:00:00,8195,8745
2025-05-19 22:00:00,6712,7843
2025-05-19 23:00:00,4065,4660
2025-05-20 00:00:00,1926,2415
2025-05-20 01:00:00,943,1100
2025-05-20 02:00:00,356,459
2025-05-20 03:00:00,257,368
2025-05-20 04:00:00,264,481
2025-05-20 05:00:00,789,1078
2025-05-20 06:00:00,2120,2753
2025-05-20 07:00:00,4327,5302
2025-05-20 08:00:00,5780,6989
2025-05-20 09:00:00,6180,6882
2025-05-20 10:00:00,6495,6556
2025-05-20 11:00:00,7160,6883
2025-05-20 12:00:00,7662,7323
2025-05-20 13:00:00,8009,7630
2025-05-20 14:00:00,9088,8608
2025-05-20 15:00:00,9084,8855
2025-05-20 16:00:00,9479,9232
2025-05-20 17:00:00,10457,10837
2025-05-20 18:00:00,10939,11605
2025-05-20 19:00:00,9345,9226
2025-05-20 20:00:00,9062,9459
2025-05-20 21:00:00,9688,11181
2025-05-20 22:00:00,7746,9582
2025-05-20 23:00:00,5133,6497
2025-05-21 00:00:00,2451,3165
2025-05-21 01:00:00,1126,1290
2025-05-21 02:00:00,473,646
2025-05-21 03:00:00,340,481
2025-05-21 04:00:00,325,549
2025-05-21 05:00:00,961,1243
2025-05-21 06:00:00,1906,2573
2025-05-21 07:00:00,4450,5669
2025-05-21 08:00:00,6104,7596
2025-05-21 09:00:00,6716,7404
2025-05-21 10:00:00,7820,7755
2025-05-21 11:00:00,7666,7656
2025-05-21 12:00:00,7843,7820
2025-05-21 13:00:00,8370,8412
2025-05-21 14:00:00,8775,8787
2025-05-21 15:00:00,9681,9625
2025-05-21 16:00:00,9846,9697
2025-05-21 17:00:00,10895,11780
2025-05-21 18:00:00,11359,12512
2025-05-21 19:00:00,10576,11450
2025-05-21 20:00:00,10618,10842
2025-05-21 21:00:00,9725,10463
2025-05-21 22:00:00,8026,9057
2025-05-21 23:00:00,6858,8321
2025-05-22 00:00:00,3311,4306
2025-05-22 01:00:00,1530,1933
2025-05-22 02:00:00,684,951
2025-05-22 03:00:00,521,739
2025-05-22 04:00:00,502,950
2025-05-22 05:00:00,888,1482
2025-05-22 06:00:00,2224,3215
2025-05-22 07:00:00,4545,6225
2025-05-22 08:00:00,5666,7815
2025-05-22 09:00:00,6178,7674
2025-05-22 10:00:00,6776,7200
2025-05-22 11:00:00,7271,7442
2025-05-22 12:00:00,7839,7832
2025-05-22 13:00:00,8153,8036
2025-05-22 14:00:00,8809,8542
2025-05-22 15:00:00,10163,9953
2025-05-22 16:00:00,10491,11051
2025-05-22 17:00:00,11055,12038
2025-05-22 18:00:00,10959,12359
2025-05-22 19:00:00,9457,9971
2025-05-22 20:00:00,8811,9057
2025-05-22 21:00:00,8690,8849
2025-05-22 22:00:00,7940,8703
2025-05-22 23:00:00,5773,6617
2025-05-23 00:00:00,4129,4668
2025-05-23 01:00:00,2132,2207
2025-05-23 02:00:00,1104,1157
2025-05-23 03:00:00,716,857
2025-05-23 04:00:00,644,993
2025-05-23 05:00:00,963,1434
2025-05-23 06:00:00,1682,2595
2025-05-23 07:00:00,3358,4338
2025-05-23 08:00:00,4359,5258
2025-05-23 09:00:00,5179,5535
2025-05-23 10:00:00,6242,6027
2025-05-23 11:00:00,6681,6253
2025-05-23 12:00:00,7529,7190
2025-05-23 13:00:00,7697,7370
2025-05-23 14:00:00,8247,8213
2025-05-23 15:00:00,8255,8198
2025-05-23 16:00:00,8334,8148
2025-05-23 17:00:00,8982,8893
2025-05-23 18:00:00,9730,9106
2025-05-23 19:00:00,9859,9495
2025-05-23 20:00:00,7363,6881
2025-05-23 21:00:00,6854,6132
2025-05-23 22:00:00,7363,6836
2025-05-23 23:00:00,7088,7755
2025-05-24 00:00:00,4921,6212
2025-05-24 01:00:00,3672,4691
2025-05-24 02:00:00,2747,3340
2025-05-24 03:00:00,1803,2460
2025-05-24 04:00:00,1053,1750
2025-05-24 05:00:00,598,968
2025-05-24 06:00:00,998,1389
2025-05-24 07:00:00,1441,1770
2025-05-24 08:00:00,2287,2523
2025-05-24 09:00:00,3295,3577
2025-05-24 10:00:00,4950,4913
2025-05-24 11:00:00,5731,5618
2025-05-24 12:00:00,6809,6201
2025-05-24 13:00:00,7289,6505
2025-05-24 14:00:00,6973,6068
2025-05-24 15:00:00,7583,6351
2025-05-24 16:00:00,8707,7129
2025-05-24 17:00:00,9114,7688
2025-05-24 18:00:00,8667,7187
2025-05-24 19:00:00,7793,6910
2025-05-24 20:00:00,7032,6259
2025-05-24 21:00:00,7073,6430
2025-05-24 22:00:00,7539,7194
2025-05-24 23:00:00,6401,7368
2025-05-25 00:00:00,4982,6394
2025-05-25 01:00:00,3741,4714
2025-05-25 02:00:00,2750,3319
2025-05-25 03:00:00,1879,2545
2025-05-25 04:00:00,1134,1810
2025-05-25 05:00:00,606,979
2025-05-25 06:00:00,853,1311
2025-05-25 07:00:00,1319,1681
2025-05-25 08:00:00,1961,2273
2025-05-25 09:00:00,3270,3353
2025-05-25 10:00:00,4496,4385
2025-05-25 11:00:00,5624,5184
2025-05-25 12:00:00,6437,5640
2025-05-25 13:00:00,6759,6165
2025-05-25 14:00:00,7370,6787
2025-05-25 15:00:00,7068,6793
2025-05-25 16:00:00,7790,7220
2025-05-25 17:00:00,7346,7151
2025-05-25 18:00:00,7381,7193
2025-05-25 19:00:00,6726,6186
2025-05-25 20:00:00,5831,5276
2025-05-25 21:00:00,5542,5360
2025-05-25 22:00:00,4954,5704
2025-05-25 23:00:00,4495,6486
2025-05-26 00:00:00,2843,4587
2025-05-26 01:00:00,1752,2846
2025-05-26 02:00:00,1024,1767
2025-05-26 03:00:00,746,1275
2025-05-26 04:00:00,645,1046
2025-05-26 05:00:00,611,850
2025-05-26 06:00:00,1001,1246
2025-05-26 07:00:00,1408,1494
2025-05-26 08:00:00,1915,1894
2025-05-26 09:00:00,3092,2938
2025-05-26 10:00:00,4071,4025
2025-05-26 11:00:00,4589,4608
2025-05-26 12:00:00,5765,5497
2025-05-26 13:00:00,6192,6033
2025-05-26 14:00:00,6827,6279
2025-05-26 15:00:00,7222,6510
2025-05-26 16:00:00,7403,6450
2025-05-26 17:00:00,7203,6456
2025-05-26 18:00:00,6706,6170
2025-05-26 19:00:00,6632,6217
2025-05-26 20:00:00,5766,5830
2025-05-26 21:00:00,5749,6013
2025-05-26 22:00:00,4193,4999
2025-05-26 23:00:00,2924,3684
2025-05-27 00:00:00,1591,2020
2025-05-27 01:00:00,707,912
2025-05-27 02:00:00,316,502
2025-05-27 03:00:00,173,337
2025-05-27 04:00:00,254,415
2025-05-27 05:00:00,767,1170
2025-05-27 06:00:00,1983,2707
2025-05-27 07:00:00,3885,4894
2025-05-27 08:00:00,5212,6345
2025-05-27 09:00:00,5695,6135
2025-05-27 10:00:00,6026,5784
2025-05-27 11:00:00,6361,5884
2025-05-27 12:00:00,6822,6196
2025-05-27 13:00:00,7538,6693
2025-05-27 14:00:00,8327,7619
2025-05-27 15:00:00,8688,7975
2025-05-27 16:00:00,9351,8614
2025-05-27 17:00:00,9804,9535
2025-05-27 18:00:00,9642,9249
2025-05-27 19:00:00,8223,7593
2025-05-27 20:00:00,7600,7001
2025-05-27 21:00:00,8203,7443
2025-05-27 22:00:00,6334,5995
2025-05-27 23:00:00,3621,3908
2025-05-28 00:00:00,1835,2273
2025-05-28 01:00:00,970,1222
2025-05-28 02:00:00,435,640
2025-05-28 03:00:00,285,443
2025-05-28 04:00:00,270,472
2025-05-28 05:00:00,716,959
2025-05-28 06:00:00,1763,2297
2025-05-28 07:00:00,4194,5017
2025-05-28 08:00:00,5307,6477
2025-05-28 09:00:00,6213,6715
2025-05-28 10:00:00,6323,6582
2025-05-28 11:00:00,6921,6815
2025-05-28 12:00:00,7835,7526
2025-05-28 13:00:00,8358,7969
2025-05-28 14:00:00,9232,8659
2025-05-28 15:00:00,9518,8813
2025-05-28 16:00:00,10179,9584
2025-05-28 17:00:00,10996,11393
2025-05-28 18:00:00,11294,12041
2025-05-28 19:00:00,11003,11856
2025-05-28 20:00:00,10131,11311
2025-05-28 21:00:00,9279,11293
2025-05-28 22:00:00,7867,9995
2025-05-28 23:00:00,4841,6102
2025-05-29 00:00:00,2747,3352
2025-05-29 01:00:00,1016,1179
2025-05-29 02:00:00,539,656
2025-05-29 03:00:00,326,464
2025-05-29 04:00:00,354,565
2025-05-29 05:00:00,784,1174
2025-05-29 06:00:00,1986,2807
2025-05-29 07:00:00,4388,5669
2025-05-29 08:00:00,5406,7260
2025-05-29 09:00:00,6097,7098
2025-05-29 10:00:00,6527,6424
2025-05-29 11:00:00,6895,6553
2025-05-29 12:00:00,7767,7214
2025-05-29 13:00:00,8071,7428
2025-05-29 14:00:00,8944,8298
2025-05-29 15:00:00,9395,8758
2025-05-29 16:00:00,9582,9044
2025-05-29 17:00:00,10767,10716
2025-05-29 18:00:00,11057,10904
2025-05-29 19:00:00,9660,8988
2025-05-29 20:00:00,8881,8160
2025-05-29 21:00:00,9745,9067
2025-05-29 22:00:00,8979,9605
2025-05-29 23:00:00,6549,7799
2025-05-30 00:00:00,4287,5442
2025-05-30 01:00:00,2400,3048
2025-05-30 02:00:00,1369,1576
2025-05-30 03:00:00,699,1006
2025-05-30 04:00:00,556,933
2025-05-30 05:00:00,724,1119
2025-05-30 06:00:00,1713,2390
2025-05-30 07:00:00,3473,4357
2025-05-30 08:00:00,4711,5546
2025-05-30 09:00:00,5418,5781
2025-05-30 10:00:00,6269,6266
2025-05-30 11:00:00,6627,6460
2025-05-30 12:00:00,7071,6865
2025-05-30 13:00:00,7372,7249
2025-05-30 14:00:00,8719,8385
2025-05-30 15:00:00,9107,8676
2025-05-30 16:00:00,9652,9120
2025-05-30 17:00:00,9788,9393
2025-05-30 18:00:00,10124,9785
2025-05-30 19:00:00,9347,9304
2025-05-30 20:00:00,8863,8301
2025-05-30 21:00:00,9465,8326
2025-05-30 22:00:00,9694,9066
2025-05-30 23:00:00,8177,8798
2025-05-31 00:00:00,6947,8530
2025-05-31 01:00:00,5377,7228
2025-05-31 02:00:00,3459,5015
2025-05-31 03:00:00,2243,2645
2025-05-31 04:00:00,1205,1610
2025-05-31 05:00:00,589,1015
2025-05-31 06:00:00,909,1501
2025-05-31 07:00:00,1445,2036
2025-05-31 08:00:00,2542,3122
2025-05-31 09:00:00,4209,4524
2025-05-31 10:00:00,5776,5534
2025-05-31 11:00:00,6627,6136
2025-05-31 12:00:00,7792,6952
2025-05-31 13:00:00,8316,7436
2025-05-31 14:00:00,8398,7838
2025-05-31 15:00:00,8685,7980
2025-05-31 16:00:00,9067,8296
2025-05-31 17:00:00,9320,8718
2025-05-31 18:00:00,9750,9290
2025-05-31 19:00:00,9946,9338
2025-05-31 20:00:00,9386,8401
2025-05-31 21:00:00,9615,8433
2025-05-31 22:00:00,10212,10427
2025-05-31 23:00:00,8759,11411
2025-06-01 00:00:00,9,3
2025-05-31 22:00:00,3,3
2025-05-31 23:00:00,22,17
2025-06-01 00:00:00,7030,9593
2025-06-01 01:00:00,5682,7317
2025-06-01 02:00:00,4452,5539
2025-06-01 03:00:00,2709,3703
2025-06-01 04:00:00,1670,2446
2025-06-01 05:00:00,766,1144
2025-06-01 06:00:00,912,1368
2025-06-01 07:00:00,1586,1915
2025-06-01 08:00:00,2525,2802
2025-06-01 09:00:00,4096,4308
2025-06-01 10:00:00,5538,5856
2025-06-01 11:00:00,6166,6448
2025-06-01 12:00:00,7134,7225
2025-06-01 13:00:00,7238,7488
2025-06-01 14:00:00,7764,7567
2025-06-01 15:00:00,7813,7424
2025-06-01 16:00:00,8462,7853
2025-06-01 17:00:00,8344,7732
2025-06-01 18:00:00,7947,7356
2025-06-01 19:00:00,6856,6305
2025-06-01 20:00:00,6137,5969
2025-06-01 21:00:00,5925,5927
2025-06-01 22:00:00,4493,4999
2025-06-01 23:00:00,2936,3540
2025-06-02 00:00:00,1892,2042
2025-06-02 01:00:00,926,1036
2025-06-02 02:00:00,417,514
2025-06-02 03:00:00,265,377
2025-06-02 04:00:00,329,535
2025-06-02 05:00:00,728,1095
2025-06-02 06:00:00,1841,2518
2025-06-02 07:00:00,3645,4520
2025-06-02 08:00:00,5012,5950
2025-06-02 09:00:00,5408,5738
2025-06-02 10:00:00,5559,5349
2025-06-02 11:00:00,5945,5374
2025-06-02 12:00:00,6533,5940
2025-06-02 13:00:00,6732,6068
2025-06-02 14:00:00,7620,6936
2025-06-02 15:00:00,8172,7518
2025-06-02 16:00:00,8098,7587
2025-06-02 17:00:00,8911,8497
2025-06-02 18:00:00,9019,8614
2025-06-02 19:00:00,7427,6818
2025-06-02 20:00:00,7328,6683
2025-06-02 21:00:00,6855,6668
2025-06-02 22:00:00,5244,5321
2025-06-02 23:00:00,3015,3141
2025-06-03 00:00:00,1788,2030
2025-06-03 01:00:00,946,1145
2025-06-03 02:00:00,393,587
2025-06-03 03:00:00,214,352
2025-06-03 04:00:00,234,404
2025-06-03 05:00:00,584,887
2025-06-03 06:00:00,1798,2313
2025-06-03 07:00:00,4012,4795
2025-06-03 08:00:00,5424,6464
2025-06-03 09:00:00,6010,6489
2025-06-03 10:00:00,6373,6586
2025-06-03 11:00:00,6922,6823
2025-06-03 12:00:00,7266,6930
2025-06-03 13:00:00,7872,7416
2025-06-03 14:00:00,8734,8071
2025-06-03 15:00:00,9158,8283
2025-06-03 16:00:00,9450,8565
2025-06-03 17:00:00,9915,9617
2025-06-03 18:00:00,11090,10823
2025-06-03 19:00:00,8905,8622
2025-06-03 20:00:00,8830,8989
2025-06-03 21:00:00,8883,10194
2025-06-03 22:00:00,7331,9025
2025-06-03 23:00:00,4313,5416
2025-06-04 00:00:00,2199,2516
2025-06-04 01:00:00,1004,1165
2025-06-04 02:00:00,505,626
2025-06-04 03:00:00,317,421
2025-06-04 04:00:00,277,437
2025-06-04 05:00:00,730,1148
2025-06-04 06:00:00,1895,2739
2025-06-04 07:00:00,4282,5612
2025-06-04 08:00:00,5681,7435
2025-06-04 09:00:00,6224,7226
2025-06-04 10:00:00,6974,6748
2025-06-04 11:00:00,7591,7125
2025-06-04 12:00:00,8028,7455
2025-06-04 13:00:00,8362,7746
2025-06-04 14:00:00,9165,8685
2025-06-04 15:00:00,9696,9375
2025-06-04 16:00:00,9778,9716
2025-06-04 17:00:00,10656,11464
2025-06-04 18:00:00,11609,12543
2025-06-04 19:00:00,10489,10143
2025-06-04 20:00:00,9698,9396
2025-06-04 21:00:00,9751,10920
2025-06-04 22:00:00,8990,10529
2025-06-04 23:00:00,5866,7418
2025-06-05 00:00:00,3360,4476
2025-06-05 01:00:00,1410,1897
2025-06-05 02:00:00,699,1020
2025-06-05 03:00:00,446,710
2025-06-05 04:00:00,393,692
2025-06-05 05:00:00,827,1307
2025-06-05 06:00:00,1927,2849
2025-06-05 07:00:00,3919,5181
2025-06-05 08:00:00,5469,6988
2025-06-05 09:00:00,6030,7119
2025-06-05 10:00:00,7063,7326
2025-06-05 11:00:00,7592,7658
2025-06-05 12:00:00,8219,8181
2025-06-05 13:00:00,8793,8639
2025-06-05 14:00:00,9831,9532
2025-06-05 15:00:00,10231,10187
2025-06-05 16:00:00,10710,10852
2025-06-05 17:00:00,11195,12319
2025-06-05 18:00:00,12055,13546
2025-06-05 19:00:00,10722,11978
2025-06-05 20:00:00,10008,11421
2025-06-05 21:00:00,10145,12210
2025-06-05 22:00:00,8809,11439
2025-06-05 23:00:00,6818,9813
2025-06-06 00:00:00,4583,6714
2025-06-06 01:00:00,2634,3851
2025-06-06 02:00:00,1409,2082
2025-06-06 03:00:00,746,1269
2025-06-06 04:00:00,613,1170
2025-06-06 05:00:00,857,1462
2025-06-06 06:00:00,1683,2696
2025-06-06 07:00:00,3129,4289
2025-06-06 08:00:00,3960,5372
2025-06-06 09:00:00,4663,5603
2025-06-06 10:00:00,5690,6091
2025-06-06 11:00:00,6074,6548
2025-06-06 12:00:00,6676,7296
2025-06-06 13:00:00,7467,8056
2025-06-06 14:00:00,8312,9076
2025-06-06 15:00:00,8456,9210
2025-06-06 16:00:00,8998,9690
2025-06-06 17:00:00,10272,11278
2025-06-06 18:00:00,9481,11667
2025-06-06 19:00:00,9276,10751
2025-06-06 20:00:00,7898,8647
2025-06-06 21:00:00,8733,9515
2025-06-06 22:00:00,8977,10908
2025-06-06 23:00:00,8096,10375
2025-06-07 00:00:00,6506,9090
2025-06-07 01:00:00,4579,7134
2025-06-07 02:00:00,3365,5254
2025-06-07 03:00:00,2247,3720
2025-06-07 04:00:00,1182,2198
2025-06-07 05:00:00,605,1110
2025-06-07 06:00:00,885,1435
2025-06-07 07:00:00,1771,2362
2025-06-07 08:00:00,2796,3201
2025-06-07 09:00:00,4169,4505
2025-06-07 10:00:00,5842,6144
2025-06-07 11:00:00,6266,6706
2025-06-07 12:00:00,7662,7770
2025-06-07 13:00:00,9140,9250
2025-06-07 14:00:00,9029,9845
2025-06-07 15:00:00,8250,8363
2025-06-07 16:00:00,8926,8715
2025-06-07 17:00:00,9892,10065
2025-06-07 18:00:00,10639,11757
2025-06-07 19:00:00,8778,9560
2025-06-07 20:00:00,7631,7432
2025-06-07 21:00:00,8183,8092
2025-06-07 22:00:00,8514,9371
2025-06-07 23:00:00,8369,10737
2025-06-08 00:00:00,7054,9461
2025-06-08 01:00:00,5312,7575
2025-06-08 02:00:00,4255,5884
2025-06-08 03:00:00,2990,4253
2025-06-08 04:00:00,1569,2594
2025-06-08 05:00:00,755,1253
2025-06-08 06:00:00,879,1457
2025-06-08 07:00:00,1624,1927
2025-06-08 08:00:00,2611,2873
2025-06-08 09:00:00,3648,4241
2025-06-08 10:00:00,5009,5508
2025-06-08 11:00:00,5807,6181
2025-06-08 12:00:00,6644,7041
2025-06-08 13:00:00,6973,7425
2025-06-08 14:00:00,7120,7449
2025-06-08 15:00:00,7890,8194
2025-06-08 16:00:00,8012,8347
2025-06-08 17:00:00,8110,8958
2025-06-08 18:00:00,8180,8932
2025-06-08 19:00:00,7039,7186
2025-06-08 20:00:00,5954,5967
2025-06-08 21:00:00,5655,6089
2025-06-08 22:00:00,4821,5961
2025-06-08 23:00:00,4011,5109
2025-06-09 00:00:00,2697,2946
2025-06-09 01:00:00,1597,1721
2025-06-09 02:00:00,735,850
2025-06-09 03:00:00,434,578
2025-06-09 04:00:00,594,903
2025-06-09 05:00:00,880,1360
2025-06-09 06:00:00,1786,2671
2025-06-09 07:00:00,3868,5087
2025-06-09 08:00:00,5117,6759
2025-06-09 09:00:00,6034,6694
2025-06-09 10:00:00,6476,6228
2025-06-09 11:00:00,6467,6116
2025-06-09 12:00:00,6920,6591
2025-06-09 13:00:00,7375,6790
2025-06-09 14:00:00,8113,7509
2025-06-09 15:00:00,8657,7931
2025-06-09 16:00:00,8774,8321
2025-06-09 17:00:00,9193,9228
2025-06-09 18:00:00,9451,9172
2025-06-09 19:00:00,7957,7425
2025-06-09 20:00:00,6943,6741
2025-06-09 21:00:00,7173,7594
2025-06-09 22:00:00,5321,6138
2025-06-09 23:00:00,2797,3244
2025-06-10 00:00:00,1882,2103
2025-06-10 01:00:00,1055,1170
2025-06-10 02:00:00,514,464
2025-06-10 03:00:00,228,227
2025-06-10 04:00:00,245,236
2025-06-10 05:00:00,710,790
2025-06-10 06:00:00,2051,2698
2025-06-10 07:00:00,3942,5211
2025-06-10 08:00:00,5275,7289
2025-06-10 09:00:00,5831,6693
2025-06-10 10:00:00,6783,7235
2025-06-10 11:00:00,6899,6980
2025-06-10 12:00:00,7177,7239
2025-06-10 13:00:00,7258,6910
2025-06-10 14:00:00,8276,7614
2025-06-10 15:00:00,8862,8117
2025-06-10 16:00:00,9046,8317
2025-06-10 17:00:00,9964,9597
2025-06-10 18:00:00,10653,10149
2025-06-10 19:00:00,9322,8601
2025-06-10 20:00:00,8756,8503
2025-06-10 21:00:00,9131,9910
2025-06-10 22:00:00,7593,8920
2025-06-10 23:00:00,4862,6066
2025-06-11 00:00:00,2459,2814
2025-06-11 01:00:00,1031,1209
2025-06-11 02:00:00,497,607
2025-06-11 03:00:00,287,384
2025-06-11 04:00:00,262,434
2025-06-11 05:00:00,727,1047
2025-06-11 06:00:00,1824,2459
2025-06-11 07:00:00,3972,4919
2025-06-11 08:00:00,5618,6899
2025-06-11 09:00:00,6099,6737
2025-06-11 10:00:00,6796,6650
2025-06-11 11:00:00,7382,6920
2025-06-11 12:00:00,7941,7423
2025-06-11 13:00:00,8488,7838
2025-06-11 14:00:00,9129,8480
2025-06-11 15:00:00,9300,8810
2025-06-11 16:00:00,9505,9082
2025-06-11 17:00:00,10923,10943
2025-06-11 18:00:00,11072,11360
2025-06-11 19:00:00,10095,9540
2025-06-11 20:00:00,9259,8971
2025-06-11 21:00:00,9511,10687
2025-06-11 22:00:00,8120,10336
2025-06-11 23:00:00,5438,7372
2025-06-12 00:00:00,3368,4150
2025-06-12 01:00:00,1407,1674
2025-06-12 02:00:00,767,864
2025-06-12 03:00:00,440,583
2025-06-12 04:00:00,364,621
2025-06-12 05:00:00,830,1172
2025-06-12 06:00:00,1900,2624
2025-06-12 07:00:00,3849,5154
2025-06-12 08:00:00,5485,7066
2025-06-12 09:00:00,6283,6938
2025-06-12 10:00:00,6912,6822
2025-06-12 11:00:00,7568,7139
2025-06-12 12:00:00,8176,7605
2025-06-12 13:00:00,8444,8137
2025-06-12 14:00:00,9583,9351
2025-06-12 15:00:00,9735,9570
2025-06-12 16:00:00,10199,10437
2025-06-12 17:00:00,11281,12055
2025-06-12 18:00:00,12004,13040
2025-06-12 19:00:00,10438,10959
2025-06-12 20:00:00,9773,10189
2025-06-12 21:00:00,10383,11606
2025-06-12 22:00:00,8943,10837
2025-06-12 23:00:00,6639,8599
2025-06-13 00:00:00,4316,5795
2025-06-13 01:00:00,2643,3049
2025-06-13 02:00:00,1301,1552
2025-06-13 03:00:00,880,988
2025-06-13 04:00:00,616,946
2025-06-13 05:00:00,858,1323
2025-06-13 06:00:00,1709,2502
2025-06-13 07:00:00,3306,4249
2025-06-13 08:00:00,4706,5592
2025-06-13 09:00:00,5311,5574
2025-06-13 10:00:00,5941,5670
2025-06-13 11:00:00,6615,6220
2025-06-13 12:00:00,7010,6839
2025-06-13 13:00:00,7644,7466
2025-06-13 14:00:00,8369,8298
2025-06-13 15:00:00,8625,8683
2025-06-13 16:00:00,8782,8789
2025-06-13 17:00:00,9428,9727
2025-06-13 18:00:00,9935,10436
2025-06-13 19:00:00,9053,9094
2025-06-13 20:00:00,7847,7249
2025-06-13 21:00:00,8868,8027
2025-06-13 22:00:00,9280,9152
2025-06-13 23:00:00,7960,9558
2025-06-14 00:00:00,7031,8882
2025-06-14 01:00:00,5609,7002
2025-06-14 02:00:00,4135,5219
2025-06-14 03:00:00,2657,3505
2025-06-14 04:00:00,1337,2084
2025-06-14 05:00:00,628,1021
2025-06-14 06:00:00,936,1435
2025-06-14 07:00:00,1498,2052
2025-06-14 08:00:00,2533,2940
2025-06-14 09:00:00,3779,3966
2025-06-14 10:00:00,5923,5959
2025-06-14 11:00:00,6390,7312
2025-06-14 12:00:00,7418,8147
2025-06-14 13:00:00,7519,8329
2025-06-14 14:00:00,7526,7814
2025-06-14 15:00:00,7678,7886
2025-06-14 16:00:00,8395,8499
2025-06-14 17:00:00,8514,8604
2025-06-14 18:00:00,8284,8210
2025-06-14 19:00:00,7839,7648
2025-06-14 20:00:00,6842,6590
2025-06-14 21:00:00,7497,6852
2025-06-14 22:00:00,8000,8017
2025-06-14 23:00:00,7014,8436
2025-06-15 00:00:00,5846,7991
2025-06-15 01:00:00,4335,5805
2025-06-15 02:00:00,3617,4668
2025-06-15 03:00:00,2414,3248
2025-06-15 04:00:00,1423,2141
2025-06-15 05:00:00,691,1094
2025-06-15 06:00:00,802,1216
2025-06-15 07:00:00,1488,1712
2025-06-15 08:00:00,2157,2370
2025-06-15 09:00:00,3541,3716
2025-06-15 10:00:00,4807,4904
2025-06-15 11:00:00,5723,5857
2025-06-15 12:00:00,7024,7360
2025-06-15 13:00:00,7247,7476
2025-06-15 14:00:00,7530,7605
2025-06-15 15:00:00,7107,7020
2025-06-15 16:00:00,7657,7454
2025-06-15 17:00:00,7703,7434
2025-06-15 18:00:00,7598,7379
2025-06-15 19:00:00,7477,6939
2025-06-15 20:00:00,7054,7130
2025-06-15 21:00:00,5998,6393
2025-06-15 22:00:00,4247,4913
2025-06-15 23:00:00,2790,3249
2025-06-16 00:00:00,2044,2363
2025-06-16 01:00:00,944,1105
2025-06-16 02:00:00,372,508
2025-06-16 03:00:00,266,432
2025-06-16 04:00:00,314,575
2025-06-16 05:00:00,789,1108
2025-06-16 06:00:00,1715,2397
2025-06-16 07:00:00,3495,4467
2025-06-16 08:00:00,5113,6258
2025-06-16 09:00:00,5961,6345
2025-06-16 10:00:00,6060,5620
2025-06-16 11:00:00,6299,5716
2025-06-16 12:00:00,6926,6220
2025-06-16 13:00:00,7114,6390
2025-06-16 14:00:00,7634,7041
2025-06-16 15:00:00,7994,7117
2025-06-16 16:00:00,7911,7241
2025-06-16 17:00:00,8436,8098
2025-06-16 18:00:00,8641,8162
2025-06-16 19:00:00,7482,6888
2025-06-16 20:00:00,6563,6402
2025-06-16 21:00:00,7132,7336
2025-06-16 22:00:00,5770,7086
2025-06-16 23:00:00,3307,5038
2025-06-17 00:00:00,1835,2260
2025-06-17 01:00:00,768,997
2025-06-17 02:00:00,361,470
2025-06-17 03:00:00,228,326
2025-06-17 04:00:00,257,391
2025-06-17 05:00:00,720,1010
2025-06-17 06:00:00,1777,2485
2025-06-17 07:00:00,3633,4695
2025-06-17 08:00:00,5042,6634
2025-06-17 09:00:00,5940,6709
2025-06-17 10:00:00,6429,6286
2025-06-17 11:00:00,6637,6396
2025-06-17 12:00:00,7083,6707
2025-06-17 13:00:00,7563,6953
2025-06-17 14:00:00,8590,7836
2025-06-17 15:00:00,9399,8913
2025-06-17 16:00:00,8540,8204
2025-06-17 17:00:00,9396,9411
2025-06-17 18:00:00,10001,10125
2025-06-17 19:00:00,8457,8156
2025-06-17 20:00:00,8266,8202
2025-06-17 21:00:00,8913,10062
2025-06-17 22:00:00,6826,8606
2025-06-17 23:00:00,4144,4910
2025-06-18 00:00:00,2530,2987
2025-06-18 01:00:00,1145,1359
2025-06-18 02:00:00,541,700
2025-06-18 03:00:00,313,470
2025-06-18 04:00:00,359,576
2025-06-18 05:00:00,786,1139
2025-06-18 06:00:00,1880,2625
2025-06-18 07:00:00,3665,4931
2025-06-18 08:00:00,5529,7068
2025-06-18 09:00:00,6029,6831
2025-06-18 10:00:00,6692,6564
2025-06-18 11:00:00,7120,6586
2025-06-18 12:00:00,7799,7385
2025-06-18 13:00:00,8173,7771
2025-06-18 14:00:00,8644,8456
2025-06-18 15:00:00,9021,8993
2025-06-18 16:00:00,9294,9467
2025-06-18 17:00:00,10187,11019
2025-06-18 18:00:00,10970,12092
2025-06-18 19:00:00,9961,10673
2025-06-18 20:00:00,9242,9707
2025-06-18 21:00:00,9498,10370
2025-06-18 22:00:00,8752,10769
2025-06-18 23:00:00,6646,8845
2025-06-19 00:00:00,4826,6566
2025-06-19 01:00:00,2918,3773
2025-06-19 02:00:00,1478,2096
2025-06-19 03:00:00,905,1339
2025-06-19 04:00:00,803,1329
2025-06-19 05:00:00,829,1227
2025-06-19 06:00:00,1269,1683
2025-06-19 07:00:00,2320,2467
2025-06-19 08:00:00,3725,3825
2025-06-19 09:00:00,5145,5205
2025-06-19 10:00:00,6578,6376
2025-06-19 11:00:00,7356,7158
2025-06-19 12:00:00,8514,8408
2025-06-19 13:00:00,10237,10205
2025-06-19 14:00:00,8874,8710
2025-06-19 15:00:00,9547,9127
2025-06-19 16:00:00,10999,10701
2025-06-19 17:00:00,8444,8773
2025-06-19 18:00:00,9348,8920
2025-06-19 19:00:00,9953,9818
2025-06-19 20:00:00,7723,7825
2025-06-19 21:00:00,7086,6709
2025-06-19 22:00:00,6226,6404
2025-06-19 23:00:00,4723,5192
2025-06-20 00:00:00,3660,4241
2025-06-20 01:00:00,2393,2806
2025-06-20 02:00:00,1440,1715
2025-06-20 03:00:00,739,1032
2025-06-20 04:00:00,540,898
2025-06-20 05:00:00,772,1082
2025-06-20 06:00:00,1452,2137
2025-06-20 07:00:00,2806,3668
2025-06-20 08:00:00,4232,4932
2025-06-20 09:00:00,5191,5452
2025-06-20 10:00:00,5977,5737
2025-06-20 11:00:00,6772,6301
2025-06-20 12:00:00,7337,6883
2025-06-20 13:00:00,7671,7327
2025-06-20 14:00:00,8570,8148
2025-06-20 15:00:00,9024,8670
2025-06-20 16:00:00,9291,8826
2025-06-20 17:00:00,9362,9495
2025-06-20 18:00:00,10335,10272
2025-06-20 19:00:00,9001,8587
2025-06-20 20:00:00,7917,7218
2025-06-20 21:00:00,8329,7511
2025-06-20 22:00:00,8778,8500
2025-06-20 23:00:00,7471,8837
2025-06-21 00:00:00,5970,7741
2025-06-21 01:00:00,4734,6322
2025-06-21 02:00:00,3649,4824
2025-06-21 03:00:00,2218,3187
2025-06-21 04:00:00,1250,2076
2025-06-21 05:00:00,679,1133
2025-06-21 06:00:00,905,1497
2025-06-21 07:00:00,1565,2202
2025-06-21 08:00:00,2602,3368
2025-06-21 09:00:00,4100,4720
2025-06-21 10:00:00,5374,5856
2025-06-21 11:00:00,6350,6778
2025-06-21 12:00:00,7860,8210
2025-06-21 13:00:00,8458,8760
2025-06-21 14:00:00,8245,8376
2025-06-21 15:00:00,8735,8588
2025-06-21 16:00:00,9298,9401
2025-06-21 17:00:00,9510,10105
2025-06-21 18:00:00,9901,10406
2025-06-21 19:00:00,8564,9004
2025-06-21 20:00:00,7513,7579
2025-06-21 21:00:00,8033,7967
2025-06-21 22:00:00,8767,9487
2025-06-21 23:00:00,7296,9561
2025-06-22 00:00:00,6045,8539
2025-06-22 01:00:00,4764,6756
2025-06-22 02:00:00,3545,5249
2025-06-22 03:00:00,2249,3651
2025-06-22 04:00:00,1502,2486
2025-06-22 05:00:00,798,1436
2025-06-22 06:00:00,929,1628
2025-06-22 07:00:00,1530,2168
2025-06-22 08:00:00,2356,3016
2025-06-22 09:00:00,3975,4706
2025-06-22 10:00:00,5103,6381
2025-06-22 11:00:00,5467,6202
2025-06-22 12:00:00,6504,6747
2025-06-22 13:00:00,6737,6999
2025-06-22 14:00:00,7333,7442
2025-06-22 15:00:00,7267,7439
2025-06-22 16:00:00,7733,7768
2025-06-22 17:00:00,7961,8227
2025-06-22 18:00:00,8150,8250
2025-06-22 19:00:00,6997,7020
2025-06-22 20:00:00,6336,6647
2025-06-22 21:00:00,6005,6537
2025-06-22 22:00:00,4853,5692
2025-06-22 23:00:00,3797,4729
2025-06-23 00:00:00,2416,3112
2025-06-23 01:00:00,1183,1526
2025-06-23 02:00:00,581,817
2025-06-23 03:00:00,398,565
2025-06-23 04:00:00,454,818
2025-06-23 05:00:00,767,1269
2025-06-23 06:00:00,1874,2772
2025-06-23 07:00:00,3540,4870
2025-06-23 08:00:00,4733,6502
2025-06-23 09:00:00,5571,6733
2025-06-23 10:00:00,6201,6508
2025-06-23 11:00:00,6981,7092
2025-06-23 12:00:00,7482,7618
2025-06-23 13:00:00,7790,7953
2025-06-23 14:00:00,8558,8830
2025-06-23 15:00:00,8716,9416
2025-06-23 16:00:00,8672,9461
2025-06-23 17:00:00,9447,10605
2025-06-23 18:00:00,9222,10233
2025-06-23 19:00:00,7891,8131
2025-06-23 20:00:00,7234,7539
2025-06-23 21:00:00,7169,7998
2025-06-23 22:00:00,5656,6747
2025-06-23 23:00:00,3805,4598
2025-06-24 00:00:00,2212,2655
2025-06-24 01:00:00,847,1059
2025-06-24 02:00:00,362,523
2025-06-24 03:00:00,210,340
2025-06-24 04:00:00,336,587
2025-06-24 05:00:00,797,1086
2025-06-24 06:00:00,2008,2790
2025-06-24 07:00:00,3800,5104
2025-06-24 08:00:00,5177,6998
2025-06-24 09:00:00,5780,6919
2025-06-24 10:00:00,6495,6708
2025-06-24 11:00:00,7279,7195
2025-06-24 12:00:00,7660,7716
2025-06-24 13:00:00,8057,8212
2025-06-24 14:00:00,8930,9355
2025-06-24 15:00:00,8978,9790
2025-06-24 16:00:00,9397,10506
2025-06-24 17:00:00,10190,12204
2025-06-24 18:00:00,10755,12649
2025-06-24 19:00:00,9490,10447
2025-06-24 20:00:00,9162,10100
2025-06-24 21:00:00,9143,10488
2025-06-24 22:00:00,7205,8754
2025-06-24 23:00:00,4429,5548
2025-06-25 00:00:00,2116,2750
2025-06-25 01:00:00,1119,1411
2025-06-25 02:00:00,446,615
2025-06-25 03:00:00,311,444
2025-06-25 04:00:00,308,495
2025-06-25 05:00:00,679,1021
2025-06-25 06:00:00,1841,2576
2025-06-25 07:00:00,3955,5150
2025-06-25 08:00:00,5496,7210
2025-06-25 09:00:00,6118,7280
2025-06-25 10:00:00,6951,7047
2025-06-25 11:00:00,7460,7294
2025-06-25 12:00:00,8074,7971
2025-06-25 13:00:00,8521,8516
2025-06-25 14:00:00,8691,9191
2025-06-25 15:00:00,9144,9409
2025-06-25 16:00:00,10002,10081
2025-06-25 17:00:00,10291,11300
2025-06-25 18:00:00,10403,11709
2025-06-25 19:00:00,9546,10510
2025-06-25 20:00:00,8624,9516
2025-06-25 21:00:00,9892,10609
2025-06-25 22:00:00,8685,9854
2025-06-25 23:00:00,5254,6361
2025-06-26 00:00:00,3216,3732
2025-06-26 01:00:00,1706,2048
2025-06-26 02:00:00,805,989
2025-06-26 03:00:00,411,606
2025-06-26 04:00:00,392,663
2025-06-26 05:00:00,761,1210
2025-06-26 06:00:00,1943,2812
2025-06-26 07:00:00,3778,5015
2025-06-26 08:00:00,5285,6958
2025-06-26 09:00:00,6091,6792
2025-06-26 10:00:00,6441,6410
2025-06-26 11:00:00,7000,6759
2025-06-26 12:00:00,7724,7366
2025-06-26 13:00:00,7806,7555
2025-06-26 14:00:00,8407,8226
2025-06-26 15:00:00,8729,8703
2025-06-26 16:00:00,8809,8759
2025-06-26 17:00:00,10591,10758
2025-06-26 18:00:00,10546,11477
2025-06-26 19:00:00,8994,9808
2025-06-26 20:00:00,8528,8813
2025-06-26 21:00:00,9549,9794
2025-06-26 22:00:00,9100,10075
2025-06-26 23:00:00,6359,7523
2025-06-27 00:00:00,4599,5473
2025-06-27 01:00:00,3271,3674
2025-06-27 02:00:00,1858,2204
2025-06-27 03:00:00,968,1370
2025-06-27 04:00:00,672,1153
2025-06-27 05:00:00,784,1204
2025-06-27 06:00:00,1668,2275
2025-06-27 07:00:00,2859,3535
2025-06-27 08:00:00,4132,4846
2025-06-27 09:00:00,4994,5296
2025-06-27 10:00:00,5815,5504
2025-06-27 11:00:00,6329,6108
2025-06-27 12:00:00,6916,6818
2025-06-27 13:00:00,6946,6867
2025-06-27 14:00:00,7868,7679
2025-06-27 15:00:00,8102,7720
2025-06-27 16:00:00,8409,7851
2025-06-27 17:00:00,8823,8595
2025-06-27 18:00:00,9343,9090
2025-06-27 19:00:00,8575,8217
2025-06-27 20:00:00,7767,7159
2025-06-27 21:00:00,8596,7948
2025-06-27 22:00:00,9035,8848
2025-06-27 23:00:00,8141,8968
2025-06-28 00:00:00,7165,7991
2025-06-28 01:00:00,5957,6756
2025-06-28 02:00:00,4284,5206
2025-06-28 03:00:00,2700,3484
2025-06-28 04:00:00,1443,2247
2025-06-28 05:00:00,673,1096
2025-06-28 06:00:00,951,1450
2025-06-28 07:00:00,1461,1868
2025-06-28 08:00:00,2316,2645
2025-06-28 09:00:00,3559,3784
2025-06-28 10:00:00,5076,4790
2025-06-28 11:00:00,5896,5635
2025-06-28 12:00:00,6919,6408
2025-06-28 13:00:00,7395,6927
2025-06-28 14:00:00,7445,7175
2025-06-28 15:00:00,8455,7691
2025-06-28 16:00:00,8940,8169
2025-06-28 17:00:00,8882,8541
2025-06-28 18:00:00,9207,9084
2025-06-28 19:00:00,8661,8316
2025-06-28 20:00:00,7473,6950
2025-06-28 21:00:00,8415,7810
2025-06-28 22:00:00,8591,9122
2025-06-28 23:00:00,8209,9626
2025-06-29 00:00:00,7683,8885
2025-06-29 01:00:00,6119,7372
2025-06-29 02:00:00,4322,5518
2025-06-29 03:00:00,2821,3804
2025-06-29 04:00:00,1736,2627
2025-06-29 05:00:00,807,1347
2025-06-29 06:00:00,904,1426
2025-06-29 07:00:00,1588,1951
2025-06-29 08:00:00,2433,2631
2025-06-29 09:00:00,3894,4116
2025-06-29 10:00:00,4757,5091
2025-06-29 11:00:00,5616,5912
2025-06-29 12:00:00,6499,6541
2025-06-29 13:00:00,6723,6872
2025-06-29 14:00:00,6972,6982
2025-06-29 15:00:00,6898,6880
2025-06-29 16:00:00,6962,6973
2025-06-29 17:00:00,7247,7297
2025-06-29 18:00:00,7246,7395
2025-06-29 19:00:00,6738,6536
2025-06-29 20:00:00,6160,6096
2025-06-29 21:00:00,6347,6785
2025-06-29 22:00:00,4975,6243
2025-06-29 23:00:00,3645,4632
2025-06-30 00:00:00,2256,2958
2025-06-30 01:00:00,1357,1717
2025-06-30 02:00:00,776,1122
2025-06-30 03:00:00,506,857
2025-06-30 04:00:00,547,908
2025-06-30 05:00:00,823,1256
2025-06-30 06:00:00,1743,2229
2025-06-30 07:00:00,3035,3537
2025-06-30 08:00:00,4585,5191
2025-06-30 09:00:00,5160,5343
2025-06-30 10:00:00,5728,5263
2025-06-30 11:00:00,6015,5500
2025-06-30 12:00:00,6680,6096
2025-06-30 13:00:00,7171,6373
2025-06-30 14:00:00,7614,6810
2025-06-30 15:00:00,7713,6957
2025-06-30 16:00:00,7430,6697
2025-06-30 17:00:00,8334,7996
2025-06-30 18:00:00,9404,8990
2025-06-30 19:00:00,6798,6273
2025-06-30 20:00:00,6031,5743
2025-06-30 21:00:00,6434,6334
2025-06-30 22:00:00,4428,5074
2025-06-30 23:00:00,2953,3276
2025-06-30 22:00:00,2,2
2025-06-30 23:00:00,8,4
2025-07-01 00:00:00,2055,2272
2025-07-01 01:00:00,1299,1433
2025-07-01 02:00:00,689,835
2025-07-01 03:00:00,358,531
2025-07-01 04:00:00,319,530
2025-07-01 05:00:00,742,1000
2025-07-01 06:00:00,1566,2120
2025-07-01 07:00:00,3329,3942
2025-07-01 08:00:00,4830,5749
2025-07-01 09:00:00,5901,6302
2025-07-01 10:00:00,6006,5826
2025-07-01 11:00:00,6372,6012
2025-07-01 12:00:00,7206,6712
2025-07-01 13:00:00,7452,6885
2025-07-01 14:00:00,8033,7278
2025-07-01 15:00:00,8327,7591
2025-07-01 16:00:00,9044,8345
2025-07-01 17:00:00,9979,10321
2025-07-01 18:00:00,10085,10556
2025-07-01 19:00:00,9292,10159
2025-07-01 20:00:00,8130,9376
2025-07-01 21:00:00,7041,8337
2025-07-01 22:00:00,4823,5666
2025-07-01 23:00:00,3265,3700
2025-07-02 00:00:00,2159,2366
2025-07-02 01:00:00,1337,1394
2025-07-02 02:00:00,579,692
2025-07-02 03:00:00,291,423
2025-07-02 04:00:00,292,563
2025-07-02 05:00:00,734,1073
2025-07-02 06:00:00,1682,2372
2025-07-02 07:00:00,3167,3972
2025-07-02 08:00:00,4501,5655
2025-07-02 09:00:00,5283,5952
2025-07-02 10:00:00,5682,5422
2025-07-02 11:00:00,6005,5624
2025-07-02 12:00:00,6929,6318
2025-07-02 13:00:00,6970,6410
2025-07-02 14:00:00,7215,6783
2025-07-02 15:00:00,7255,6606
2025-07-02 16:00:00,7840,7075
2025-07-02 17:00:00,8253,7915
2025-07-02 18:00:00,8252,8124
2025-07-02 19:00:00,6854,6587
2025-07-02 20:00:00,5787,5586
2025-07-02 21:00:00,6194,5761
2025-07-02 22:00:00,5371,5450
2025-07-02 23:00:00,3903,4204
2025-07-03 00:00:00,2309,2633
2025-07-03 01:00:00,1189,1516
2025-07-03 02:00:00,586,792
2025-07-03 03:00:00,433,544
2025-07-03 04:00:00,377,737
2025-07-03 05:00:00,712,1179
2025-07-03 06:00:00,1420,2104
2025-07-03 07:00:00,2398,3051
2025-07-03 08:00:00,3501,4264
2025-07-03 09:00:00,4340,4558
2025-07-03 10:00:00,4998,4870
2025-07-03 11:00:00,5615,5379
2025-07-03 12:00:00,6509,6145
2025-07-03 13:00:00,6856,6685
2025-07-03 14:00:00,7343,7187
2025-07-03 15:00:00,7459,7479
2025-07-03 16:00:00,7255,6965
2025-07-03 17:00:00,8105,7815
2025-07-03 18:00:00,8380,8360
2025-07-03 19:00:00,5138,5231
2025-07-03 20:00:00,4538,4276
2025-07-03 21:00:00,5001,4604
2025-07-03 22:00:00,4775,4910
2025-07-03 23:00:00,3930,4151
2025-07-04 00:00:00,2972,3430
2025-07-04 01:00:00,2383,2794
2025-07-04 02:00:00,1742,2160
2025-07-04 03:00:00,1125,1614
2025-07-04 04:00:00,647,1117
2025-07-04 05:00:00,473,753
2025-07-04 06:00:00,735,1094
2025-07-04 07:00:00,1176,1387
2025-07-04 08:00:00,1533,1642
2025-07-04 09:00:00,2335,2320
2025-07-04 10:00:00,3006,2948
2025-07-04 11:00:00,3526,3494
2025-07-04 12:00:00,3878,4171
2025-07-04 13:00:00,4396,4852
2025-07-04 14:00:00,4928,5251
2025-07-04 15:00:00,5126,5534
2025-07-04 16:00:00,5347,5524
2025-07-04 17:00:00,5385,5538
2025-07-04 18:00:00,5308,5544
2025-07-04 19:00:00,4894,5199
2025-07-04 20:00:00,4775,4924
2025-07-04 21:00:00,4543,4572
2025-07-04 22:00:00,5347,6285
2025-07-04 23:00:00,4290,6038
2025-07-05 00:00:00,2966,4896
2025-07-05 01:00:00,2179,3610
2025-07-05 02:00:00,1479,2486
2025-07-05 03:00:00,1007,1946
2025-07-05 04:00:00,666,1475
2025-07-05 05:00:00,466,930
2025-07-05 06:00:00,666,1141
2025-07-05 07:00:00,994,1358
2025-07-05 08:00:00,1489,1747
2025-07-05 09:00:00,2509,2748
2025-07-05 10:00:00,3470,3457
2025-07-05 11:00:00,4395,4109
2025-07-05 12:00:00,5368,4924
2025-07-05 13:00:00,6059,5309
2025-07-05 14:00:00,6186,5521
2025-07-05 15:00:00,6253,5388
2025-07-05 16:00:00,6851,5626
2025-07-05 17:00:00,6811,5682
2025-07-05 18:00:00,7029,6054
2025-07-05 19:00:00,6587,5761
2025-07-05 20:00:00,5545,4881
2025-07-05 21:00:00,5701,5171
2025-07-05 22:00:00,5663,5571
2025-07-05 23:00:00,4346,4973
2025-07-06 00:00:00,3313,3961
2025-07-06 01:00:00,2354,3029
2025-07-06 02:00:00,1644,2403
2025-07-06 03:00:00,1125,1781
2025-07-06 04:00:00,936,1459
2025-07-06 05:00:00,628,914
2025-07-06 06:00:00,819,1164
2025-07-06 07:00:00,1271,1449
2025-07-06 08:00:00,1820,1858
2025-07-06 09:00:00,2872,2920
2025-07-06 10:00:00,3931,3751
2025-07-06 11:00:00,4793,4388
2025-07-06 12:00:00,5791,5210
2025-07-06 13:00:00,6432,5699
2025-07-06 14:00:00,6876,6154
2025-07-06 15:00:00,6605,5909
2025-07-06 16:00:00,6916,6144
2025-07-06 17:00:00,6776,6148
2025-07-06 18:00:00,6958,6421
2025-07-06 19:00:00,6301,5734
2025-07-06 20:00:00,5945,5474
2025-07-06 21:00:00,5572,5527
2025-07-06 22:00:00,4446,4962
2025-07-06 23:00:00,3240,3606
2025-07-07 00:00:00,2202,2489
2025-07-07 01:00:00,851,1002
2025-07-07 02:00:00,360,540
2025-07-07 03:00:00,267,392
2025-07-07 04:00:00,383,566
2025-07-07 05:00:00,744,1064
2025-07-07 06:00:00,1612,2106
2025-07-07 07:00:00,3113,3686
2025-07-07 08:00:00,4720,5426
2025-07-07 09:00:00,5121,5270
2025-07-07 10:00:00,5263,4935
2025-07-07 11:00:00,5622,5047
2025-07-07 12:00:00,6507,5881
2025-07-07 13:00:00,6731,5912
2025-07-07 14:00:00,7046,6219
2025-07-07 15:00:00,7592,6585
2025-07-07 16:00:00,7347,6411
2025-07-07 17:00:00,7935,7249
2025-07-07 18:00:00,7886,7065
2025-07-07 19:00:00,6529,5790
2025-07-07 20:00:00,6209,5691
2025-07-07 21:00:00,5695,5672
2025-07-07 22:00:00,4257,4698
2025-07-07 23:00:00,2857,3111
2025-07-08 00:00:00,2233,2357
2025-07-08 01:00:00,1055,1157
2025-07-08 02:00:00,425,528
2025-07-08 03:00:00,274,345
2025-07-08 04:00:00,249,378
2025-07-08 05:00:00,747,988
2025-07-08 06:00:00,1788,2252
2025-07-08 07:00:00,3576,4313
2025-07-08 08:00:00,4975,6246
2025-07-08 09:00:00,5906,6447
2025-07-08 10:00:00,6254,5923
2025-07-08 11:00:00,6833,6257
2025-07-08 12:00:00,7562,7070
2025-07-08 13:00:00,7809,7174
2025-07-08 14:00:00,8026,7454
2025-07-08 15:00:00,8569,7763
2025-07-08 16:00:00,8676,7809
2025-07-08 17:00:00,9381,9143
2025-07-08 18:00:00,10064,9590
2025-07-08 19:00:00,10234,10147
2025-07-08 20:00:00,8721,10460
2025-07-08 21:00:00,7107,7772
2025-07-08 22:00:00,5563,6325
2025-07-08 23:00:00,3537,4026
2025-07-09 00:00:00,2408,2503
2025-07-09 01:00:00,1492,1518
2025-07-09 02:00:00,1128,999
2025-07-09 03:00:00,331,465
2025-07-09 04:00:00,306,450
2025-07-09 05:00:00,615,877
2025-07-09 06:00:00,1675,2255
2025-07-09 07:00:00,3763,4725
2025-07-09 08:00:00,5239,6524
2025-07-09 09:00:00,5946,6735
2025-07-09 10:00:00,6285,6125
2025-07-09 11:00:00,6794,6355
2025-07-09 12:00:00,7592,7023
2025-07-09 13:00:00,7815,7247
2025-07-09 14:00:00,7910,7506
2025-07-09 15:00:00,7974,7387
2025-07-09 16:00:00,8559,7809
2025-07-09 17:00:00,9349,8971
2025-07-09 18:00:00,9949,9551
2025-07-09 19:00:00,8398,7965
2025-07-09 20:00:00,9217,8929
2025-07-09 21:00:00,10163,10482
2025-07-09 22:00:00,7479,8324
2025-07-09 23:00:00,4590,5409
2025-07-10 00:00:00,2459,3098
2025-07-10 01:00:00,1248,1557
2025-07-10 02:00:00,612,754
2025-07-10 03:00:00,436,561
2025-07-10 04:00:00,352,557
2025-07-10 05:00:00,703,981
2025-07-10 06:00:00,1748,2357
2025-07-10 07:00:00,3306,4073
2025-07-10 08:00:00,4842,6088
2025-07-10 09:00:00,5393,6142
2025-07-10 10:00:00,6159,5984
2025-07-10 11:00:00,6648,6150
2025-07-10 12:00:00,6960,6428
2025-07-10 13:00:00,7391,6718
2025-07-10 14:00:00,7983,7110
2025-07-10 15:00:00,8495,7603
2025-07-10 16:00:00,8206,7475
2025-07-10 17:00:00,8797,8482
2025-07-10 18:00:00,9209,8898
2025-07-10 19:00:00,8276,7698
2025-07-10 20:00:00,7539,7151
2025-07-10 21:00:00,8451,8251
2025-07-10 22:00:00,7285,8340
2025-07-10 23:00:00,5795,6724
2025-07-11 00:00:00,3570,4309
2025-07-11 01:00:00,2123,2442
2025-07-11 02:00:00,1227,1459
2025-07-11 03:00:00,770,1072
2025-07-11 04:00:00,515,861
2025-07-11 05:00:00,706,1159
2025-07-11 06:00:00,1401,2060
2025-07-11 07:00:00,2558,3354
2025-07-11 08:00:00,3768,4580
2025-07-11 09:00:00,4656,4920
2025-07-11 10:00:00,5148,4969
2025-07-11 11:00:00,5886,5475
2025-07-11 12:00:00,6308,6096
2025-07-11 13:00:00,6737,6391
2025-07-11 14:00:00,7547,7043
2025-07-11 15:00:00,7870,7304
2025-07-11 16:00:00,8071,7370
2025-07-11 17:00:00,8576,8169
2025-07-11 18:00:00,9001,8654
2025-07-11 19:00:00,8107,7559
2025-07-11 20:00:00,7152,6613
2025-07-11 21:00:00,7835,6909
2025-07-11 22:00:00,8384,7782
2025-07-11 23:00:00,7054,7661
2025-07-12 00:00:00,6932,7812
2025-07-12 01:00:00,5223,6177
2025-07-12 02:00:00,3748,4441
2025-07-12 03:00:00,2169,2934
2025-07-12 04:00:00,1257,1998
2025-07-12 05:00:00,642,1091
2025-07-12 06:00:00,898,1349
2025-07-12 07:00:00,1524,1894
2025-07-12 08:00:00,2253,2624
2025-07-12 09:00:00,3590,3941
2025-07-12 10:00:00,4952,4957
2025-07-12 11:00:00,5622,5666
2025-07-12 12:00:00,6631,6682
2025-07-12 13:00:00,7148,6978
2025-07-12 14:00:00,7329,6915
2025-07-12 15:00:00,7536,6990
2025-07-12 16:00:00,8123,7449
2025-07-12 17:00:00,8576,8099
2025-07-12 18:00:00,8857,8796
2025-07-12 19:00:00,8449,8379
2025-07-12 20:00:00,7206,6910
2025-07-12 21:00:00,7607,7161
2025-07-12 22:00:00,7890,8134
2025-07-12 23:00:00,7148,8830
2025-07-13 00:00:00,6013,7842
2025-07-13 01:00:00,5238,6386
2025-07-13 02:00:00,3711,4678
2025-07-13 03:00:00,2385,3264
2025-07-13 04:00:00,1373,2121
2025-07-13 05:00:00,760,1183
2025-07-13 06:00:00,868,1291
2025-07-13 07:00:00,1263,1608
2025-07-13 08:00:00,2142,2342
2025-07-13 09:00:00,3299,3605
2025-07-13 10:00:00,4453,4622
2025-07-13 11:00:00,5516,5701
2025-07-13 12:00:00,6178,6409
2025-07-13 13:00:00,6852,7013
2025-07-13 14:00:00,7160,7195
2025-07-13 15:00:00,6925,6715
2025-07-13 16:00:00,6941,6573
2025-07-13 17:00:00,7163,6754
2025-07-13 18:00:00,7174,6732
2025-07-13 19:00:00,6742,6379
2025-07-13 20:00:00,5985,5797
2025-07-13 21:00:00,5400,5384
2025-07-13 22:00:00,4226,4982
2025-07-13 23:00:00,3464,4416
2025-07-14 00:00:00,2452,2987
2025-07-14 01:00:00,1442,1626
2025-07-14 02:00:00,695,869
2025-07-14 03:00:00,392,505
2025-07-14 04:00:00,376,640
2025-07-14 05:00:00,726,1163
2025-07-14 06:00:00,1785,2576
2025-07-14 07:00:00,3298,4330
2025-07-14 08:00:00,4869,6104
2025-07-14 09:00:00,5529,6106
2025-07-14 10:00:00,5809,5542
2025-07-14 11:00:00,5970,5499
2025-07-14 12:00:00,6700,6109
2025-07-14 13:00:00,6993,6386
2025-07-14 14:00:00,7333,6591
2025-07-14 15:00:00,7513,6814
2025-07-14 16:00:00,8773,7953
2025-07-14 17:00:00,9892,10004
2025-07-14 18:00:00,10209,11755
2025-07-14 19:00:00,8799,12326
2025-07-14 20:00:00,7720,10694
2025-07-14 21:00:00,6967,9322
2025-07-14 22:00:00,4710,6483
2025-07-14 23:00:00,3089,3689
2025-07-15 00:00:00,1735,1973
2025-07-15 01:00:00,1298,1345
2025-07-15 02:00:00,765,782
2025-07-15 03:00:00,368,463
2025-07-15 04:00:00,283,410
2025-07-15 05:00:00,685,989
2025-07-15 06:00:00,1780,2477
2025-07-15 07:00:00,3723,4660
2025-07-15 08:00:00,4889,6191
2025-07-15 09:00:00,5767,6422
2025-07-15 10:00:00,6332,6124
2025-07-15 11:00:00,6591,6154
2025-07-15 12:00:00,7293,6795
2025-07-15 13:00:00,7385,6886
2025-07-15 14:00:00,8476,7601
2025-07-15 15:00:00,8464,7639
2025-07-15 16:00:00,9146,8252
2025-07-15 17:00:00,9956,9718
2025-07-15 18:00:00,10170,9897
2025-07-15 19:00:00,8623,8040
2025-07-15 20:00:00,8342,8023
2025-07-15 21:00:00,8788,9344
2025-07-15 22:00:00,6860,7872
2025-07-15 23:00:00,4511,5387
2025-07-16 00:00:00,2527,2970
2025-07-16 01:00:00,1048,1216
2025-07-16 02:00:00,598,725
2025-07-16 03:00:00,413,507
2025-07-16 04:00:00,354,578
2025-07-16 05:00:00,769,1075
2025-07-16 06:00:00,1795,2456
2025-07-16 07:00:00,3777,4749
2025-07-16 08:00:00,5117,6676
2025-07-16 09:00:00,5968,6859
2025-07-16 10:00:00,6818,6580
2025-07-16 11:00:00,7244,6893
2025-07-16 12:00:00,8265,7449
2025-07-16 13:00:00,8054,7511
2025-07-16 14:00:00,8767,8052
2025-07-16 15:00:00,8782,8110
2025-07-16 16:00:00,9262,8678
2025-07-16 17:00:00,9980,10136
2025-07-16 18:00:00,10289,10342
2025-07-16 19:00:00,9252,9075
2025-07-16 20:00:00,8811,8884
2025-07-16 21:00:00,8992,9817
2025-07-16 22:00:00,8054,9007
2025-07-16 23:00:00,4987,5980
2025-07-17 00:00:00,2745,3325
2025-07-17 01:00:00,1544,1856
2025-07-17 02:00:00,890,1043
2025-07-17 03:00:00,508,632
2025-07-17 04:00:00,391,615
2025-07-17 05:00:00,793,1117
2025-07-17 06:00:00,1877,2604
2025-07-17 07:00:00,3687,4679
2025-07-17 08:00:00,5261,6709
2025-07-17 09:00:00,5719,6477
2025-07-17 10:00:00,6542,6352
2025-07-17 11:00:00,6979,6674
2025-07-17 12:00:00,7379,7012
2025-07-17 13:00:00,8010,7462
2025-07-17 14:00:00,8848,8101
2025-07-17 15:00:00,8967,8505
2025-07-17 16:00:00,9316,8724
2025-07-17 17:00:00,9904,10271
2025-07-17 18:00:00,10285,10960
2025-07-17 19:00:00,9429,9456
2025-07-17 20:00:00,8803,8983
2025-07-17 21:00:00,8890,9652
2025-07-17 22:00:00,7864,9468
2025-07-17 23:00:00,5802,7171
2025-07-18 00:00:00,3834,4562
2025-07-18 01:00:00,2311,2539
2025-07-18 02:00:00,1255,1520
2025-07-18 03:00:00,745,994
2025-07-18 04:00:00,498,881
2025-07-18 05:00:00,795,1271
2025-07-18 06:00:00,1537,2278
2025-07-18 07:00:00,2748,3683
2025-07-18 08:00:00,3974,4707
2025-07-18 09:00:00,4939,5135
2025-07-18 10:00:00,5360,5177
2025-07-18 11:00:00,5951,5573
2025-07-18 12:00:00,6402,6156
2025-07-18 13:00:00,6853,6596
2025-07-18 14:00:00,7651,7209
2025-07-18 15:00:00,7839,7486
2025-07-18 16:00:00,8010,7612
2025-07-18 17:00:00,8786,8491
2025-07-18 18:00:00,8903,8933
2025-07-18 19:00:00,7985,7968
2025-07-18 20:00:00,7049,6574
2025-07-18 21:00:00,7247,6706
2025-07-18 22:00:00,8461,8155
2025-07-18 23:00:00,7105,8203
2025-07-19 00:00:00,6447,7537
2025-07-19 01:00:00,5021,6094
2025-07-19 02:00:00,3522,4530
2025-07-19 03:00:00,2169,3143
2025-07-19 04:00:00,1143,1967
2025-07-19 05:00:00,697,1212
2025-07-19 06:00:00,899,1395
2025-07-19 07:00:00,1414,1781
2025-07-19 08:00:00,2147,2526
2025-07-19 09:00:00,3463,3873
2025-07-19 10:00:00,4847,4945
2025-07-19 11:00:00,6071,6136
2025-07-19 12:00:00,6709,6785
2025-07-19 13:00:00,7121,6925
2025-07-19 14:00:00,7577,7159
2025-07-19 15:00:00,7586,7145
2025-07-19 16:00:00,8319,7614
2025-07-19 17:00:00,8750,8562
2025-07-19 18:00:00,8418,8395
2025-07-19 19:00:00,8556,8431
2025-07-19 20:00:00,7143,6987
2025-07-19 21:00:00,7223,7008
2025-07-19 22:00:00,7921,8285
2025-07-19 23:00:00,6907,8491
2025-07-20 00:00:00,6396,8075
2025-07-20 01:00:00,5573,6803
2025-07-20 02:00:00,4063,4983
2025-07-20 03:00:00,2611,3420
2025-07-20 04:00:00,1436,2232
2025-07-20 05:00:00,713,1260
2025-07-20 06:00:00,909,1449
2025-07-20 07:00:00,1407,1783
2025-07-20 08:00:00,2056,2311
2025-07-20 09:00:00,3357,3568
2025-07-20 10:00:00,4544,4631
2025-07-20 11:00:00,5518,5565
2025-07-20 12:00:00,6347,6890
2025-07-20 13:00:00,7036,7308
2025-07-20 14:00:00,7327,7545
2025-07-20 15:00:00,7726,7405
2025-07-20 16:00:00,7675,7275
2025-07-20 17:00:00,7720,7415
2025-07-20 18:00:00,6970,7082
2025-07-20 19:00:00,6473,6251
2025-07-20 20:00:00,5830,5575
2025-07-20 21:00:00,5621,5830
2025-07-20 22:00:00,4388,5185
2025-07-20 23:00:00,3566,4104
2025-07-21 00:00:00,2364,2764
2025-07-21 01:00:00,814,1092
2025-07-21 02:00:00,371,590
2025-07-21 03:00:00,284,470
2025-07-21 04:00:00,351,641
2025-07-21 05:00:00,738,1182
2025-07-21 06:00:00,1639,2421
2025-07-21 07:00:00,3148,4055
2025-07-21 08:00:00,4513,5748
2025-07-21 09:00:00,5308,5690
2025-07-21 10:00:00,5623,5321
2025-07-21 11:00:00,5803,5355
2025-07-21 12:00:00,6523,6002
2025-07-21 13:00:00,6888,6209
2025-07-21 14:00:00,7539,6689
2025-07-21 15:00:00,7678,6886
2025-07-21 16:00:00,7838,6971
2025-07-21 17:00:00,8446,8117
2025-07-21 18:00:00,8090,7586
2025-07-21 19:00:00,7027,6418
2025-07-21 20:00:00,6439,6104
2025-07-21 21:00:00,6162,6201
2025-07-21 22:00:00,4892,5420
2025-07-21 23:00:00,2969,3385
2025-07-22 00:00:00,1674,2001
2025-07-22 01:00:00,695,889
2025-07-22 02:00:00,266,435
2025-07-22 03:00:00,226,342
2025-07-22 04:00:00,293,441
2025-07-22 05:00:00,760,982
2025-07-22 06:00:00,1707,2265
2025-07-22 07:00:00,3500,4328
2025-07-22 08:00:00,4814,6011
2025-07-22 09:00:00,5294,5867
2025-07-22 10:00:00,5728,5670
2025-07-22 11:00:00,6196,5804
2025-07-22 12:00:00,6776,6394
2025-07-22 13:00:00,7078,6478
2025-07-22 14:00:00,7696,6978
2025-07-22 15:00:00,8098,7100
2025-07-22 16:00:00,7874,7164
2025-07-22 17:00:00,8664,8330
2025-07-22 18:00:00,9339,9005
2025-07-22 19:00:00,7931,7424
2025-07-22 20:00:00,7635,7246
2025-07-22 21:00:00,8388,8807
2025-07-22 22:00:00,6958,8122
2025-07-22 23:00:00,3715,5003
2025-07-23 00:00:00,2022,2502
2025-07-23 01:00:00,972,1217
2025-07-23 02:00:00,485,657
2025-07-23 03:00:00,277,407
2025-07-23 04:00:00,302,466
2025-07-23 05:00:00,642,925
2025-07-23 06:00:00,1816,2398
2025-07-23 07:00:00,3445,4334
2025-07-23 08:00:00,4763,6131
2025-07-23 09:00:00,5429,6180
2025-07-23 10:00:00,6020,5851
2025-07-23 11:00:00,6730,6165
2025-07-23 12:00:00,7126,6495
2025-07-23 13:00:00,7532,6835
2025-07-23 14:00:00,7545,7002
2025-07-23 15:00:00,7932,7075
2025-07-23 16:00:00,8355,7549
2025-07-23 17:00:00,9124,8744
2025-07-23 18:00:00,9442,9409
2025-07-23 19:00:00,8745,8320
2025-07-23 20:00:00,8374,8214
2025-07-23 21:00:00,8482,9187
2025-07-23 22:00:00,7458,8454
2025-07-23 23:00:00,5146,5889
2025-07-24 00:00:00,2854,3321
2025-07-24 01:00:00,1352,1667
2025-07-24 02:00:00,706,910
2025-07-24 03:00:00,405,601
2025-07-24 04:00:00,370,604
2025-07-24 05:00:00,730,1095
2025-07-24 06:00:00,1678,2400
2025-07-24 07:00:00,3278,4211
2025-07-24 08:00:00,4776,6062
2025-07-24 09:00:00,5532,6088
2025-07-24 10:00:00,5977,5827
2025-07-24 11:00:00,6351,6042
2025-07-24 12:00:00,7320,6824
2025-07-24 13:00:00,7583,6958
2025-07-24 14:00:00,8119,7484
2025-07-24 15:00:00,8631,7931
2025-07-24 16:00:00,8417,7812
2025-07-24 17:00:00,8828,8777
2025-07-24 18:00:00,9072,9061
2025-07-24 19:00:00,8611,8303
2025-07-24 20:00:00,8364,8123
2025-07-24 21:00:00,9008,9074
2025-07-24 22:00:00,7828,8763
2025-07-24 23:00:00,5585,6626
2025-07-25 00:00:00,3823,4641
2025-07-25 01:00:00,2193,2641
2025-07-25 02:00:00,1249,1560
2025-07-25 03:00:00,721,1065
2025-07-25 04:00:00,533,936
2025-07-25 05:00:00,727,1262
2025-07-25 06:00:00,1524,2205
2025-07-25 07:00:00,2726,3508
2025-07-25 08:00:00,4100,5072
2025-07-25 09:00:00,4675,5152
2025-07-25 10:00:00,5652,5473
2025-07-25 11:00:00,6181,5856
2025-07-25 12:00:00,6872,6885
2025-07-25 13:00:00,7437,7518
2025-07-25 14:00:00,8318,8372
2025-07-25 15:00:00,9781,9936
2025-07-25 16:00:00,8013,8762
2025-07-25 17:00:00,8262,8766
2025-07-25 18:00:00,8225,8535
2025-07-25 19:00:00,8064,7799
2025-07-25 20:00:00,7121,6770
2025-07-25 21:00:00,7926,7394
2025-07-25 22:00:00,8175,8142
2025-07-25 23:00:00,8084,8755
2025-07-26 00:00:00,6834,7713
2025-07-26 01:00:00,5861,6612
2025-07-26 02:00:00,3913,4668
2025-07-26 03:00:00,2416,3213
2025-07-26 04:00:00,1175,1864
2025-07-26 05:00:00,603,1004
2025-07-26 06:00:00,844,1315
2025-07-26 07:00:00,1319,1698
2025-07-26 08:00:00,2121,2551
2025-07-26 09:00:00,3349,3802
2025-07-26 10:00:00,4655,4822
2025-07-26 11:00:00,5493,5808
2025-07-26 12:00:00,6522,6760
2025-07-26 13:00:00,7030,7360
2025-07-26 14:00:00,7263,7589
2025-07-26 15:00:00,7782,7694
2025-07-26 16:00:00,8480,8588
2025-07-26 17:00:00,8602,9066
2025-07-26 18:00:00,9009,9187
2025-07-26 19:00:00,8291,8273
2025-07-26 20:00:00,6922,6733
2025-07-26 21:00:00,7628,7160
2025-07-26 22:00:00,7850,8013
2025-07-26 23:00:00,7798,9106
2025-07-27 00:00:00,6503,8229
2025-07-27 01:00:00,5081,6615
2025-07-27 02:00:00,3812,4935
2025-07-27 03:00:00,2622,3709
2025-07-27 04:00:00,1445,2465
2025-07-27 05:00:00,820,1253
2025-07-27 06:00:00,905,1437
2025-07-27 07:00:00,1335,1605
2025-07-27 08:00:00,1995,2156
2025-07-27 09:00:00,3265,3369
2025-07-27 10:00:00,4423,4450
2025-07-27 11:00:00,5629,5522
2025-07-27 12:00:00,6239,6257
2025-07-27 13:00:00,6997,7256
2025-07-27 14:00:00,6815,6670
2025-07-27 15:00:00,6958,6542
2025-07-27 16:00:00,6840,6330
2025-07-27 17:00:00,7223,6676
2025-07-27 18:00:00,7247,7021
2025-07-27 19:00:00,6427,6098
2025-07-27 20:00:00,5808,5662
2025-07-27 21:00:00,5592,5769
2025-07-27 22:00:00,4243,5120
2025-07-27 23:00:00,2905,3631
2025-07-28 00:00:00,2331,2813
2025-07-28 01:00:00,1282,1540
2025-07-28 02:00:00,633,846
2025-07-28 03:00:00,349,514
2025-07-28 04:00:00,373,671
2025-07-28 05:00:00,875,1300
2025-07-28 06:00:00,1759,2403
2025-07-28 07:00:00,3172,4091
2025-07-28 08:00:00,4647,5702
2025-07-28 09:00:00,5267,5664
2025-07-28 10:00:00,5796,5585
2025-07-28 11:00:00,6188,5731
2025-07-28 12:00:00,6883,6456
2025-07-28 13:00:00,7277,6588
2025-07-28 14:00:00,8125,7316
2025-07-28 15:00:00,8181,7344
2025-07-28 16:00:00,8084,7337
2025-07-28 17:00:00,8725,8436
2025-07-28 18:00:00,8895,8497
2025-07-28 19:00:00,8138,7769
2025-07-28 20:00:00,7185,7425
2025-07-28 21:00:00,6637,7158
2025-07-28 22:00:00,5576,6188
2025-07-28 23:00:00,3128,3598
2025-07-29 00:00:00,1667,1930
2025-07-29 01:00:00,862,1064
2025-07-29 02:00:00,390,564
2025-07-29 03:00:00,254,403
2025-07-29 04:00:00,365,480
2025-07-29 05:00:00,763,1027
2025-07-29 06:00:00,1781,2389
2025-07-29 07:00:00,3525,4618
2025-07-29 08:00:00,5035,6525
2025-07-29 09:00:00,6053,7141
2025-07-29 10:00:00,6858,6990
2025-07-29 11:00:00,7064,6804
2025-07-29 12:00:00,7496,7239
2025-07-29 13:00:00,8068,7657
2025-07-29 14:00:00,8798,8150
2025-07-29 15:00:00,8863,8287
2025-07-29 16:00:00,8857,8527
2025-07-29 17:00:00,9591,10357
2025-07-29 18:00:00,9951,10972
2025-07-29 19:00:00,8575,8512
2025-07-29 20:00:00,8071,8006
2025-07-29 21:00:00,8311,9069
2025-07-29 22:00:00,6461,7672
2025-07-29 23:00:00,3811,4684
2025-07-30 00:00:00,1911,2309
2025-07-30 01:00:00,904,1104
2025-07-30 02:00:00,397,542
2025-07-30 03:00:00,340,451
2025-07-30 04:00:00,286,496
2025-07-30 05:00:00,800,1040
2025-07-30 06:00:00,1825,2454
2025-07-30 07:00:00,3534,4625
2025-07-30 08:00:00,4933,6527
2025-07-30 09:00:00,5745,6664
2025-07-30 10:00:00,6342,6330
2025-07-30 11:00:00,7287,6832
2025-07-30 12:00:00,7679,7225
2025-07-30 13:00:00,7933,7508
2025-07-30 14:00:00,8416,7885
2025-07-30 15:00:00,8408,7897
2025-07-30 16:00:00,8942,8361
2025-07-30 17:00:00,9768,10266
2025-07-30 18:00:00,11352,12328
2025-07-30 19:00:00,9244,10699
2025-07-30 20:00:00,7870,8187
2025-07-30 21:00:00,8326,8875
2025-07-30 22:00:00,7633,8570
2025-07-30 23:00:00,4835,5798
2025-07-31 00:00:00,2821,3265
2025-07-31 01:00:00,1357,1671
2025-07-31 02:00:00,681,829
2025-07-31 03:00:00,402,582
2025-07-31 04:00:00,375,609
2025-07-31 05:00:00,795,1190
2025-07-31 06:00:00,1777,2582
2025-07-31 07:00:00,3432,4449
2025-07-31 08:00:00,4988,6531
2025-07-31 09:00:00,6257,7442
2025-07-31 10:00:00,6466,6795
2025-07-31 11:00:00,7053,7033
2025-07-31 12:00:00,7579,7424
2025-07-31 13:00:00,8623,8451
2025-07-31 14:00:00,9621,10091
2025-07-31 15:00:00,8326,10190
2025-07-31 16:00:00,7168,8928
2025-07-31 17:00:00,7078,8417
2025-07-31 18:00:00,7844,9043
2025-07-31 19:00:00,7336,7900
2025-07-31 20:00:00,6850,7195
2025-07-31 21:00:00,7215,7411
2025-07-31 22:00:00,6817,7967
2025-07-31 23:00:00,4500,5516
2025-07-31 23:00:00,21,15
2025-08-01 00:00:00,2826,3724
2025-08-01 01:00:00,1725,2232
2025-08-01 02:00:00,1103,1481
2025-08-01 03:00:00,641,937
2025-08-01 04:00:00,511,906
2025-08-01 05:00:00,752,1245
2025-08-01 06:00:00,1422,2264
2025-08-01 07:00:00,2966,3904
2025-08-01 08:00:00,3972,5078
2025-08-01 09:00:00,4445,4831
2025-08-01 10:00:00,5250,5092
2025-08-01 11:00:00,5494,5355
2025-08-01 12:00:00,5895,6140
2025-08-01 13:00:00,6344,6258
2025-08-01 14:00:00,7481,7216
2025-08-01 15:00:00,8001,7791
2025-08-01 16:00:00,7529,7292
2025-08-01 17:00:00,7933,8034
2025-08-01 18:00:00,8182,8177
2025-08-01 19:00:00,7181,6998
2025-08-01 20:00:00,6701,6574
2025-08-01 21:00:00,7182,6743
2025-08-01 22:00:00,7400,7410
2025-08-01 23:00:00,6570,7571
2025-08-02 00:00:00,5748,7125
2025-08-02 01:00:00,4605,5683
2025-08-02 02:00:00,3335,4240
2025-08-02 03:00:00,2156,3008
2025-08-02 04:00:00,1095,1874
2025-08-02 05:00:00,556,975
2025-08-02 06:00:00,884,1367
2025-08-02 07:00:00,1487,1940
2025-08-02 08:00:00,2261,2671
2025-08-02 09:00:00,3295,3732
2025-08-02 10:00:00,4452,4707
2025-08-02 11:00:00,5252,5438
2025-08-02 12:00:00,6146,6131
2025-08-02 13:00:00,6501,6418
2025-08-02 14:00:00,6808,6533
2025-08-02 15:00:00,7396,6901
2025-08-02 16:00:00,7722,7236
2025-08-02 17:00:00,8102,7612
2025-08-02 18:00:00,8537,8166
2025-08-02 19:00:00,7902,7561
2025-08-02 20:00:00,7217,6869
2025-08-02 21:00:00,7350,7074
2025-08-02 22:00:00,7370,7761
2025-08-02 23:00:00,6553,7629
2025-08-03 00:00:00,5378,6793
2025-08-03 01:00:00,4440,5516
2025-08-03 02:00:00,3276,4222
2025-08-03 03:00:00,2260,3057
2025-08-03 04:00:00,1203,2006
2025-08-03 05:00:00,598,1045
2025-08-03 06:00:00,853,1371
2025-08-03 07:00:00,1358,1677
2025-08-03 08:00:00,2101,2223
2025-08-03 09:00:00,3331,3496
2025-08-03 10:00:00,4242,4296
2025-08-03 11:00:00,5054,5012
2025-08-03 12:00:00,5712,5579
2025-08-03 13:00:00,6478,6142
2025-08-03 14:00:00,6801,6684
2025-08-03 15:00:00,7160,6457
2025-08-03 16:00:00,7208,6465
2025-08-03 17:00:00,6950,6452
2025-08-03 18:00:00,7195,6734
2025-08-03 19:00:00,6369,5905
2025-08-03 20:00:00,5721,5680
2025-08-03 21:00:00,5193,5475
2025-08-03 22:00:00,4115,4859
2025-08-03 23:00:00,2973,3685
2025-08-04 00:00:00,1672,2139
2025-08-04 01:00:00,732,948
2025-08-04 02:00:00,340,537
2025-08-04 03:00:00,243,426
2025-08-04 04:00:00,291,542
2025-08-04 05:00:00,671,1049
2025-08-04 06:00:00,1526,2129
2025-08-04 07:00:00,2937,3735
2025-08-04 08:00:00,4416,5241
2025-08-04 09:00:00,4906,5269
2025-08-04 10:00:00,5403,5135
2025-08-04 11:00:00,5606,5192
2025-08-04 12:00:00,6008,5688
2025-08-04 13:00:00,6784,6118
2025-08-04 14:00:00,7288,6536
2025-08-04 15:00:00,7333,6570
2025-08-04 16:00:00,7326,6523
2025-08-04 17:00:00,7836,7455
2025-08-04 18:00:00,8229,7733
2025-08-04 19:00:00,6548,6239
2025-08-04 20:00:00,6141,6006
2025-08-04 21:00:00,5707,5965
2025-08-04 22:00:00,4408,4907
2025-08-04 23:00:00,2680,3094
2025-08-05 00:00:00,1602,1847
2025-08-05 01:00:00,619,804
2025-08-05 02:00:00,330,446
2025-08-05 03:00:00,182,288
2025-08-05 04:00:00,325,443
2025-08-05 05:00:00,655,909
2025-08-05 06:00:00,1721,2228
2025-08-05 07:00:00,3297,3981
2025-08-05 08:00:00,4884,5891
2025-08-05 09:00:00,5569,5883
2025-08-05 10:00:00,5828,5560
2025-08-05 11:00:00,6245,5676
2025-08-05 12:00:00,6934,6520
2025-08-05 13:00:00,7180,6481
2025-08-05 14:00:00,7682,6850
2025-08-05 15:00:00,7814,6924
2025-08-05 16:00:00,8155,7238
2025-08-05 17:00:00,8639,8378
2025-08-05 18:00:00,9023,8716
2025-08-05 19:00:00,7673,7109
2025-08-05 20:00:00,7469,7243
2025-08-05 21:00:00,7464,7673
2025-08-05 22:00:00,5767,6589
2025-08-05 23:00:00,3243,3906
2025-08-06 00:00:00,1882,2188
2025-08-06 01:00:00,855,1039
2025-08-06 02:00:00,425,569
2025-08-06 03:00:00,265,387
2025-08-06 04:00:00,305,466
2025-08-06 05:00:00,672,955
2025-08-06 06:00:00,1701,2270
2025-08-06 07:00:00,3333,4073
2025-08-06 08:00:00,4587,5899
2025-08-06 09:00:00,5387,6109
2025-08-06 10:00:00,5808,5594
2025-08-06 11:00:00,6381,5930
2025-08-06 12:00:00,7035,6524
2025-08-06 13:00:00,7255,6528
2025-08-06 14:00:00,7665,7122
2025-08-06 15:00:00,7767,7040
2025-08-06 16:00:00,8278,7427
2025-08-06 17:00:00,8919,8435
2025-08-06 18:00:00,11231,10597
2025-08-06 19:00:00,8477,7958
2025-08-06 20:00:00,8382,8207
2025-08-06 21:00:00,8706,9255
2025-08-06 22:00:00,6542,7559
2025-08-06 23:00:00,3954,4711
2025-08-07 00:00:00,2299,2763
2025-08-07 01:00:00,1026,1341
2025-08-07 02:00:00,522,680
2025-08-07 03:00:00,351,490
2025-08-07 04:00:00,348,553
2025-08-07 05:00:00,699,1045
2025-08-07 06:00:00,1664,2339
2025-08-07 07:00:00,3201,3968
2025-08-07 08:00:00,4503,5638
2025-08-07 09:00:00,5243,5740
2025-08-07 10:00:00,6053,5753
2025-08-07 11:00:00,6203,5810
2025-08-07 12:00:00,6990,6402
2025-08-07 13:00:00,7137,6512
2025-08-07 14:00:00,7861,6930
2025-08-07 15:00:00,7671,6989
2025-08-07 16:00:00,7908,7131
2025-08-07 17:00:00,8242,7930
2025-08-07 18:00:00,8686,8290
2025-08-07 19:00:00,7506,7167
2025-08-07 20:00:00,7556,7241
2025-08-07 21:00:00,7721,7545
2025-08-07 22:00:00,6660,7732
2025-08-07 23:00:00,4872,5685
2025-08-08 00:00:00,3203,3863
2025-08-08 01:00:00,2088,2417
2025-08-08 02:00:00,1155,1439
2025-08-08 03:00:00,669,963
2025-08-08 04:00:00,505,814
2025-08-08 05:00:00,714,1072
2025-08-08 06:00:00,1437,2078
2025-08-08 07:00:00,2466,3253
2025-08-08 08:00:00,3705,4299
2025-08-08 09:00:00,4471,4581
2025-08-08 10:00:00,5294,4994
2025-08-08 11:00:00,5609,5284
2025-08-08 12:00:00,6180,5959
2025-08-08 13:00:00,6578,6152
2025-08-08 14:00:00,7130,6661
2025-08-08 15:00:00,7511,6823
2025-08-08 16:00:00,7561,6784
2025-08-08 17:00:00,7664,7387
2025-08-08 18:00:00,8584,8238
2025-08-08 19:00:00,7320,6919
2025-08-08 20:00:00,6638,5992
2025-08-08 21:00:00,7073,6245
2025-08-08 22:00:00,7183,6755
2025-08-08 23:00:00,6101,6566
2025-08-09 00:00:00,4954,5897
2025-08-09 01:00:00,4159,4934
2025-08-09 02:00:00,3035,3736
2025-08-09 03:00:00,1989,2688
2025-08-09 04:00:00,1064,1635
2025-08-09 05:00:00,636,854
2025-08-09 06:00:00,857,1201
2025-08-09 07:00:00,1262,1613
2025-08-09 08:00:00,1988,2216
2025-08-09 09:00:00,3145,3428
2025-08-09 10:00:00,4192,4293
2025-08-09 11:00:00,4725,4892
2025-08-09 12:00:00,5685,5848
2025-08-09 13:00:00,6350,6264
2025-08-09 14:00:00,6346,5817
2025-08-09 15:00:00,6463,5649
2025-08-09 16:00:00,7476,6321
2025-08-09 17:00:00,7533,6565
2025-08-09 18:00:00,7825,7070
2025-08-09 19:00:00,7360,6818
2025-08-09 20:00:00,6709,6197
2025-08-09 21:00:00,6850,6480
2025-08-09 22:00:00,7319,7236
2025-08-09 23:00:00,6320,7228
2025-08-10 00:00:00,5564,6435
2025-08-10 01:00:00,4308,5056
2025-08-10 02:00:00,3123,3775
2025-08-10 03:00:00,2323,2799
2025-08-10 04:00:00,1197,1820
2025-08-10 05:00:00,574,961
2025-08-10 06:00:00,866,1195
2025-08-10 07:00:00,1322,1487
2025-08-10 08:00:00,1995,2106
2025-08-10 09:00:00,2925,2988
2025-08-10 10:00:00,4091,4000
2025-08-10 11:00:00,4812,4624
2025-08-10 12:00:00,5307,5226
2025-08-10 13:00:00,5878,5664
2025-08-10 14:00:00,6437,6351
2025-08-10 15:00:00,6328,6026
2025-08-10 16:00:00,6515,6180
2025-08-10 17:00:00,6363,6005
2025-08-10 18:00:00,6610,6262
2025-08-10 19:00:00,6167,5614
2025-08-10 20:00:00,5671,5337
2025-08-10 21:00:00,5194,5174
2025-08-10 22:00:00,4114,4527
2025-08-10 23:00:00,2887,3157
2025-08-11 00:00:00,1903,2350
2025-08-11 01:00:00,908,1097
2025-08-11 02:00:00,473,586
2025-08-11 03:00:00,327,448
2025-08-11 04:00:00,285,535
2025-08-11 05:00:00,693,994
2025-08-11 06:00:00,1621,2085
2025-08-11 07:00:00,2803,3409
2025-08-11 08:00:00,4220,4880
2025-08-11 09:00:00,4858,4983
2025-08-11 10:00:00,5021,4727
2025-08-11 11:00:00,5599,5130
2025-08-11 12:00:00,5976,5519
2025-08-11 13:00:00,6713,5896
2025-08-11 14:00:00,7336,6187
2025-08-11 15:00:00,7290,6224
2025-08-11 16:00:00,7406,6251
2025-08-11 17:00:00,7337,6846
2025-08-11 18:00:00,7760,6864
2025-08-11 19:00:00,6578,5871
2025-08-11 20:00:00,5905,5619
2025-08-11 21:00:00,5627,5559
2025-08-11 22:00:00,4175,4355
2025-08-11 23:00:00,2963,3069
2025-08-12 00:00:00,1557,1664
2025-08-12 01:00:00,654,767
2025-08-12 02:00:00,261,372
2025-08-12 03:00:00,207,290
2025-08-12 04:00:00,278,383
2025-08-12 05:00:00,629,855
2025-08-12 06:00:00,1643,2149
2025-08-12 07:00:00,3145,3829
2025-08-12 08:00:00,4549,5494
2025-08-12 09:00:00,5466,5842
2025-08-12 10:00:00,5839,5487
2025-08-12 11:00:00,6409,5795
2025-08-12 12:00:00,6902,6299
2025-08-12 13:00:00,7364,6452
2025-08-12 14:00:00,7956,6914
2025-08-12 15:00:00,7840,6859
2025-08-12 16:00:00,8004,7206
2025-08-12 17:00:00,8380,8198
2025-08-12 18:00:00,8962,8631
2025-08-12 19:00:00,7581,6844
2025-08-12 20:00:00,7280,6759
2025-08-12 21:00:00,7358,7296
2025-08-12 22:00:00,6090,6355
2025-08-12 23:00:00,3459,3859
2025-08-13 00:00:00,1902,2292
2025-08-13 01:00:00,884,1113
2025-08-13 02:00:00,478,587
2025-08-13 03:00:00,250,396
2025-08-13 04:00:00,280,470
2025-08-13 05:00:00,702,882
2025-08-13 06:00:00,1744,2103
2025-08-13 07:00:00,3169,3763
2025-08-13 08:00:00,4679,5661
2025-08-13 09:00:00,5366,5974
2025-08-13 10:00:00,6097,5903
2025-08-13 11:00:00,6619,6160
2025-08-13 12:00:00,7483,6845
2025-08-13 13:00:00,7957,7232
2025-08-13 14:00:00,7999,7200
2025-08-13 15:00:00,7790,6882
2025-08-13 16:00:00,9203,8088
2025-08-13 17:00:00,11532,11288
2025-08-13 18:00:00,11609,11858
2025-08-13 19:00:00,10595,12620
2025-08-13 20:00:00,6624,8138
2025-08-13 21:00:00,6711,7648
2025-08-13 22:00:00,5958,6451
2025-08-13 23:00:00,4220,4446
2025-08-14 00:00:00,2780,2941
2025-08-14 01:00:00,1741,1911
2025-08-14 02:00:00,914,1038
2025-08-14 03:00:00,514,610
2025-08-14 04:00:00,398,551
2025-08-14 05:00:00,676,980
2025-08-14 06:00:00,1577,2191
2025-08-14 07:00:00,3085,3940
2025-08-14 08:00:00,4612,5776
2025-08-14 09:00:00,5378,5820
2025-08-14 10:00:00,5786,5620
2025-08-14 11:00:00,6231,5832
2025-08-14 12:00:00,7001,6309
2025-08-14 13:00:00,7601,6741
2025-08-14 14:00:00,7901,7080
2025-08-14 15:00:00,7797,7208
2025-08-14 16:00:00,7903,7306
2025-08-14 17:00:00,8828,8552
2025-08-14 18:00:00,8689,8635
2025-08-14 19:00:00,7658,7117
2025-08-14 20:00:00,7311,6874
2025-08-14 21:00:00,7720,7268
2025-08-14 22:00:00,6764,7436
2025-08-14 23:00:00,4982,5457
2025-08-15 00:00:00,3343,3844
2025-08-15 01:00:00,2049,2342
2025-08-15 02:00:00,1193,1365
2025-08-15 03:00:00,697,919
2025-08-15 04:00:00,487,828
2025-08-15 05:00:00,780,1130
2025-08-15 06:00:00,1511,1996
2025-08-15 07:00:00,2501,3080
2025-08-15 08:00:00,3527,4093
2025-08-15 09:00:00,4238,4464
2025-08-15 10:00:00,5041,4959
2025-08-15 11:00:00,5616,5378
2025-08-15 12:00:00,6154,6155
2025-08-15 13:00:00,6765,6532
2025-08-15 14:00:00,7250,6998
2025-08-15 15:00:00,7351,6957
2025-08-15 16:00:00,7618,6985
2025-08-15 17:00:00,8207,8055
2025-08-15 18:00:00,8315,7806
2025-08-15 19:00:00,7486,7062
2025-08-15 20:00:00,6912,6514
2025-08-15 21:00:00,6974,6524
2025-08-15 22:00:00,7229,7149
2025-08-15 23:00:00,6143,7065
2025-08-16 00:00:00,5245,6065
2025-08-16 01:00:00,4233,4888
2025-08-16 02:00:00,3170,3752
2025-08-16 03:00:00,1854,2333
2025-08-16 04:00:00,1026,1551
2025-08-16 05:00:00,583,939
2025-08-16 06:00:00,948,1482
2025-08-16 07:00:00,1381,1760
2025-08-16 08:00:00,2094,2438
2025-08-16 09:00:00,3277,3640
2025-08-16 10:00:00,4413,4394
2025-08-16 11:00:00,5378,5112
2025-08-16 12:00:00,5953,5638
2025-08-16 13:00:00,6678,6218
2025-08-16 14:00:00,6727,6475
2025-08-16 15:00:00,7427,6853
2025-08-16 16:00:00,7865,7194
2025-08-16 17:00:00,8012,7450
2025-08-16 18:00:00,8103,7924
2025-08-16 19:00:00,7862,7316
2025-08-16 20:00:00,7023,6522
2025-08-16 21:00:00,7141,6550
2025-08-16 22:00:00,7516,7485
2025-08-16 23:00:00,6375,7386
2025-08-17 00:00:00,5678,6947
2025-08-17 01:00:00,4329,5620
2025-08-17 02:00:00,3044,4127
2025-08-17 03:00:00,2042,2816
2025-08-17 04:00:00,1239,2001
2025-08-17 05:00:00,634,992
2025-08-17 06:00:00,910,1233
2025-08-17 07:00:00,1306,1552
2025-08-17 08:00:00,2064,2148
2025-08-17 09:00:00,3357,3634
2025-08-17 10:00:00,4544,4639
2025-08-17 11:00:00,5365,5528
2025-08-17 12:00:00,6086,6189
2025-08-17 13:00:00,6455,6625
2025-08-17 14:00:00,7074,6890
2025-08-17 15:00:00,7130,6630
2025-08-17 16:00:00,7192,6569
2025-08-17 17:00:00,7701,7070
2025-08-17 18:00:00,8595,9393
2025-08-17 19:00:00,6100,6390
2025-08-17 20:00:00,5394,5418
2025-08-17 21:00:00,4906,4946
2025-08-17 22:00:00,4041,4439
2025-08-17 23:00:00,3012,3407
2025-08-18 00:00:00,1764,2031
2025-08-18 01:00:00,1468,1473
2025-08-18 02:00:00,546,587
2025-08-18 03:00:00,268,372
2025-08-18 04:00:00,343,507
2025-08-18 05:00:00,667,949
2025-08-18 06:00:00,1594,2112
2025-08-18 07:00:00,2766,3465
2025-08-18 08:00:00,4100,4782
2025-08-18 09:00:00,4566,4833
2025-08-18 10:00:00,4800,4625
2025-08-18 11:00:00,5060,4647
2025-08-18 12:00:00,5810,5336
2025-08-18 13:00:00,6004,5369
2025-08-18 14:00:00,6669,5890
2025-08-18 15:00:00,7088,6398
2025-08-18 16:00:00,6881,6121
2025-08-18 17:00:00,7186,6672
2025-08-18 18:00:00,6893,6354
2025-08-18 19:00:00,6167,5487
2025-08-18 20:00:00,5733,5179
2025-08-18 21:00:00,5136,4845
2025-08-18 22:00:00,4124,4114
2025-08-18 23:00:00,2590,2637
2025-08-19 00:00:00,1390,1628
2025-08-19 01:00:00,909,999
2025-08-19 02:00:00,375,479
2025-08-19 03:00:00,168,311
2025-08-19 04:00:00,274,433
2025-08-19 05:00:00,685,863
2025-08-19 06:00:00,1625,1952
2025-08-19 07:00:00,2978,3565
2025-08-19 08:00:00,4607,5322
2025-08-19 09:00:00,5500,5832
2025-08-19 10:00:00,5088,5009
2025-08-19 11:00:00,5695,5302
2025-08-19 12:00:00,6125,5737
2025-08-19 13:00:00,6634,5933
2025-08-19 14:00:00,7237,6466
2025-08-19 15:00:00,7098,6355
2025-08-19 16:00:00,7493,6568
2025-08-19 17:00:00,7929,7496
2025-08-19 18:00:00,8338,7643
2025-08-19 19:00:00,7025,6497
2025-08-19 20:00:00,7056,6610
2025-08-19 21:00:00,7062,6850
2025-08-19 22:00:00,5398,5644
2025-08-19 23:00:00,3205,3553
2025-08-20 00:00:00,1768,1921
2025-08-20 01:00:00,858,935
2025-08-20 02:00:00,457,555
2025-08-20 03:00:00,285,350
2025-08-20 04:00:00,294,437
2025-08-20 05:00:00,627,886
2025-08-20 06:00:00,1647,2149
2025-08-20 07:00:00,2974,3580
2025-08-20 08:00:00,4461,5283
2025-08-20 09:00:00,5992,6322
2025-08-20 10:00:00,6030,5709
2025-08-20 11:00:00,6318,5639
2025-08-20 12:00:00,7358,6475
2025-08-20 13:00:00,8126,7319
2025-08-20 14:00:00,8507,7807
2025-08-20 15:00:00,8287,7518
2025-08-20 16:00:00,9163,8726
2025-08-20 17:00:00,10354,10550
2025-08-20 18:00:00,10275,11225
2025-08-20 19:00:00,8999,9254
2025-08-20 20:00:00,7794,8895
2025-08-20 21:00:00,8321,9839
2025-08-20 22:00:00,6171,6719
2025-08-20 23:00:00,3732,4089
2025-08-21 00:00:00,2284,2567
2025-08-21 01:00:00,1164,1348
2025-08-21 02:00:00,684,773
2025-08-21 03:00:00,373,494
2025-08-21 04:00:00,293,513
2025-08-21 05:00:00,727,955
2025-08-21 06:00:00,1680,2232
2025-08-21 07:00:00,3019,3778
2025-08-21 08:00:00,4525,5449
2025-08-21 09:00:00,5178,5478
2025-08-21 10:00:00,5611,5519
2025-08-21 11:00:00,6122,5747
2025-08-21 12:00:00,6463,5932
2025-08-21 13:00:00,7233,6423
2025-08-21 14:00:00,7292,6394
2025-08-21 15:00:00,7440,6562
2025-08-21 16:00:00,8096,7018
2025-08-21 17:00:00,8439,7630
2025-08-21 18:00:00,8603,7951
2025-08-21 19:00:00,7288,6716
2025-08-21 20:00:00,6923,6452
2025-08-21 21:00:00,7140,6627
2025-08-21 22:00:00,6637,6799
2025-08-21 23:00:00,4894,5175
2025-08-22 00:00:00,3042,3311
2025-08-22 01:00:00,1980,2048
2025-08-22 02:00:00,1115,1172
2025-08-22 03:00:00,710,828
2025-08-22 04:00:00,481,723
2025-08-22 05:00:00,741,1063
2025-08-22 06:00:00,1540,2061
2025-08-22 07:00:00,2470,3066
2025-08-22 08:00:00,3445,3981
2025-08-22 09:00:00,4362,4495
2025-08-22 10:00:00,5149,4757
2025-08-22 11:00:00,5691,5182
2025-08-22 12:00:00,6152,5734
2025-08-22 13:00:00,6504,5995
2025-08-22 14:00:00,7176,6578
2025-08-22 15:00:00,7548,6920
2025-08-22 16:00:00,7625,6847
2025-08-22 17:00:00,7812,7630
2025-08-22 18:00:00,8913,8318
2025-08-22 19:00:00,7825,7043
2025-08-22 20:00:00,7097,6236
2025-08-22 21:00:00,7015,6134
2025-08-22 22:00:00,7238,6682
2025-08-22 23:00:00,6743,6981
2025-08-23 00:00:00,5299,6241
2025-08-23 01:00:00,4341,5124
2025-08-23 02:00:00,3103,3833
2025-08-23 03:00:00,2034,2562
2025-08-23 04:00:00,996,1586
2025-08-23 05:00:00,529,961
2025-08-23 06:00:00,950,1424
2025-08-23 07:00:00,1419,1841
2025-08-23 08:00:00,2208,2487
2025-08-23 09:00:00,3288,3695
2025-08-23 10:00:00,4597,4602
2025-08-23 11:00:00,5878,5733
2025-08-23 12:00:00,6581,6462
2025-08-23 13:00:00,6984,6513
2025-08-23 14:00:00,7364,6670
2025-08-23 15:00:00,7605,6704
2025-08-23 16:00:00,8237,7356
2025-08-23 17:00:00,8612,7745
2025-08-23 18:00:00,8663,8169
2025-08-23 19:00:00,8348,7763
2025-08-23 20:00:00,7509,7145
2025-08-23 21:00:00,7208,6878
2025-08-23 22:00:00,7361,7412
2025-08-23 23:00:00,6875,7780
2025-08-24 00:00:00,5805,6848
2025-08-24 01:00:00,4532,5469
2025-08-24 02:00:00,3204,4103
2025-08-24 03:00:00,2152,2934
2025-08-24 04:00:00,1154,1927
2025-08-24 05:00:00,680,1064
2025-08-24 06:00:00,867,1330
2025-08-24 07:00:00,1370,1581
2025-08-24 08:00:00,2209,2328
2025-08-24 09:00:00,3698,3761
2025-08-24 10:00:00,4580,4803
2025-08-24 11:00:00,5587,5440
2025-08-24 12:00:00,6099,5977
2025-08-24 13:00:00,6604,6174
2025-08-24 14:00:00,7088,6653
2025-08-24 15:00:00,7130,6500
2025-08-24 16:00:00,7381,6598
2025-08-24 17:00:00,7360,6803
2025-08-24 18:00:00,6801,6627
2025-08-24 19:00:00,6154,5874
2025-08-24 20:00:00,5950,5670
2025-08-24 21:00:00,5244,5179
2025-08-24 22:00:00,4407,4816
2025-08-24 23:00:00,3395,3857
2025-08-25 00:00:00,1853,2242
2025-08-25 01:00:00,1011,1148
2025-08-25 02:00:00,409,517
2025-08-25 03:00:00,343,450
2025-08-25 04:00:00,397,613
2025-08-25 05:00:00,720,1073
2025-08-25 06:00:00,1835,2344
2025-08-25 07:00:00,2924,3578
2025-08-25 08:00:00,3804,4482
2025-08-25 09:00:00,4694,4949
2025-08-25 10:00:00,5128,5088
2025-08-25 11:00:00,5418,5090
2025-08-25 12:00:00,5780,5480
2025-08-25 13:00:00,6210,5642
2025-08-25 14:00:00,6900,6189
2025-08-25 15:00:00,6910,6225
2025-08-25 16:00:00,7038,6253
2025-08-25 17:00:00,7328,6795
2025-08-25 18:00:00,6914,6511
2025-08-25 19:00:00,6201,5657
2025-08-25 20:00:00,5820,5407
2025-08-25 21:00:00,5344,5077
2025-08-25 22:00:00,4591,4820
2025-08-25 23:00:00,3164,3502
2025-08-26 00:00:00,2187,2409
2025-08-26 01:00:00,900,986
2025-08-26 02:00:00,365,473
2025-08-26 03:00:00,213,315
2025-08-26 04:00:00,252,378
2025-08-26 05:00:00,705,845
2025-08-26 06:00:00,1633,2018
2025-08-26 07:00:00,2883,3506
2025-08-26 08:00:00,4130,4925
2025-08-26 09:00:00,4932,5251
2025-08-26 10:00:00,5592,5361
2025-08-26 11:00:00,5622,5315
2025-08-26 12:00:00,6558,5996
2025-08-26 13:00:00,6619,5994
2025-08-26 14:00:00,7196,6416
2025-08-26 15:00:00,7405,6574
2025-08-26 16:00:00,7622,6765
2025-08-26 17:00:00,8082,7524
2025-08-26 18:00:00,8258,7651
2025-08-26 19:00:00,6993,6364
2025-08-26 20:00:00,6530,6021
2025-08-26 21:00:00,6659,6178
2025-08-26 22:00:00,5812,5683
2025-08-26 23:00:00,4552,4753
2025-08-27 00:00:00,2470,2597
2025-08-27 01:00:00,994,1148
2025-08-27 02:00:00,519,590
2025-08-27 03:00:00,304,396
2025-08-27 04:00:00,325,474
2025-08-27 05:00:00,690,860
2025-08-27 06:00:00,1671,2142
2025-08-27 07:00:00,3157,3683
2025-08-27 08:00:00,4177,5045
2025-08-27 09:00:00,5072,5507
2025-08-27 10:00:00,5696,5486
2025-08-27 11:00:00,5994,5658
2025-08-27 12:00:00,6683,6191
2025-08-27 13:00:00,6832,6268
2025-08-27 14:00:00,7231,6656
2025-08-27 15:00:00,7442,6767
2025-08-27 16:00:00,7674,6956
2025-08-27 17:00:00,8329,7767
2025-08-27 18:00:00,8216,7832
2025-08-27 19:00:00,7227,6884
2025-08-27 20:00:00,6793,6551
2025-08-27 21:00:00,6948,6574
2025-08-27 22:00:00,6191,6180
2025-08-27 23:00:00,5351,5500
2025-08-28 00:00:00,2992,3200
2025-08-28 01:00:00,1353,1546
2025-08-28 02:00:00,639,737
2025-08-28 03:00:00,428,544
2025-08-28 04:00:00,377,610
2025-08-28 05:00:00,782,1106
2025-08-28 06:00:00,1642,2231
2025-08-28 07:00:00,2995,3709
2025-08-28 08:00:00,4204,5102
2025-08-28 09:00:00,4988,5337
2025-08-28 10:00:00,5640,5454
2025-08-28 11:00:00,6046,5737
2025-08-28 12:00:00,6777,6287
2025-08-28 13:00:00,7046,6428
2025-08-28 14:00:00,7778,6960
2025-08-28 15:00:00,7635,7023
2025-08-28 16:00:00,7719,7165
2025-08-28 17:00:00,8373,8102
2025-08-28 18:00:00,8411,8169
2025-08-28 19:00:00,7043,6765
2025-08-28 20:00:00,6650,6305
2025-08-28 21:00:00,6890,6451
2025-08-28 22:00:00,6338,6304
2025-08-28 23:00:00,5419,5460
2025-08-29 00:00:00,3493,3777
2025-08-29 01:00:00,1909,2101
2025-08-29 02:00:00,1208,1429
2025-08-29 03:00:00,730,954
2025-08-29 04:00:00,568,878
2025-08-29 05:00:00,761,1163
2025-08-29 06:00:00,1444,2010
2025-08-29 07:00:00,2386,2986
2025-08-29 08:00:00,3294,3751
2025-08-29 09:00:00,4208,4357
2025-08-29 10:00:00,5178,5037
2025-08-29 11:00:00,5784,5467
2025-08-29 12:00:00,6053,5964
2025-08-29 13:00:00,6776,6454
2025-08-29 14:00:00,7837,7169
2025-08-29 15:00:00,7677,7022
2025-08-29 16:00:00,7746,7002
2025-08-29 17:00:00,7829,7286
2025-08-29 18:00:00,8192,7406
2025-08-29 19:00:00,7291,6569
2025-08-29 20:00:00,6851,6103
2025-08-29 21:00:00,7148,6164
2025-08-29 22:00:00,6792,6295
2025-08-29 23:00:00,6298,6339
2025-08-30 00:00:00,5180,5583
2025-08-30 01:00:00,3757,4154
2025-08-30 02:00:00,2479,3159
2025-08-30 03:00:00,1704,2350
2025-08-30 04:00:00,975,1483
2025-08-30 05:00:00,602,883
2025-08-30 06:00:00,897,1267
2025-08-30 07:00:00,1511,1821
2025-08-30 08:00:00,2249,2470
2025-08-30 09:00:00,3473,3564
2025-08-30 10:00:00,4875,4675
2025-08-30 11:00:00,5640,5249
2025-08-30 12:00:00,6076,5528
2025-08-30 13:00:00,6842,5919
2025-08-30 14:00:00,7200,6289
2025-08-30 15:00:00,7643,6410
2025-08-30 16:00:00,8271,6772
2025-08-30 17:00:00,8395,7229
2025-08-30 18:00:00,8830,7684
2025-08-30 19:00:00,8203,7369
2025-08-30 20:00:00,7581,6776
2025-08-30 21:00:00,6964,6360
2025-08-30 22:00:00,7481,6905
2025-08-30 23:00:00,6650,7164
2025-08-31 00:00:00,5248,5834
2025-08-31 01:00:00,3995,4770
2025-08-31 02:00:00,2887,3705
2025-08-31 03:00:00,1749,2477
2025-08-31 04:00:00,1086,1713
2025-08-31 05:00:00,566,863
2025-08-31 06:00:00,804,1118
2025-08-31 07:00:00,1173,1416
2025-08-31 08:00:00,2050,2103
2025-08-31 09:00:00,3233,3351
2025-08-31 10:00:00,4377,4340
2025-08-31 11:00:00,5356,5108
2025-08-31 12:00:00,5883,5426
2025-08-31 13:00:00,6536,5970
2025-08-31 14:00:00,6988,6382
2025-08-31 15:00:00,7152,6380
2025-08-31 16:00:00,7317,6719
2025-08-31 17:00:00,7602,7052
2025-08-31 18:00:00,7394,7383
2025-08-31 19:00:00,6309,6197
2025-08-31 20:00:00,6265,5860
2025-08-31 21:00:00,5897,5780
2025-08-31 22:00:00,5700,5960
2025-08-31 23:00:00,4843,5570
2025-09-01 00:00:00,1,1
2025-08-31 23:00:00,10,6
2025-09-01 00:00:00,3588,4623
2025-09-01 01:00:00,2034,2866
2025-09-01 02:00:00,1203,1820
2025-09-01 03:00:00,766,1341
2025-09-01 04:00:00,654,1080
2025-09-01 05:00:00,702,990
2025-09-01 06:00:00,934,1265
2025-09-01 07:00:00,1336,1526
2025-09-01 08:00:00,2062,2029
2025-09-01 09:00:00,2736,2719
2025-09-01 10:00:00,3837,3779
2025-09-01 11:00:00,4792,4713
2025-09-01 12:00:00,5643,5456
2025-09-01 13:00:00,5772,5501
2025-09-01 14:00:00,6908,6187
2025-09-01 15:00:00,7065,6423
2025-09-01 16:00:00,6984,6467
2025-09-01 17:00:00,7229,6886
2025-09-01 18:00:00,6784,6557
2025-09-01 19:00:00,6052,5842
2025-09-01 20:00:00,5927,5877
2025-09-01 21:00:00,5337,5370
2025-09-01 22:00:00,4216,4698
2025-09-01 23:00:00,3629,3991
2025-09-02 00:00:00,2350,2743
2025-09-02 01:00:00,874,1012
2025-09-02 02:00:00,287,416
2025-09-02 03:00:00,234,370
2025-09-02 04:00:00,249,444
2025-09-02 05:00:00,868,1168
2025-09-02 06:00:00,1940,2611
2025-09-02 07:00:00,3658,4743
2025-09-02 08:00:00,4860,5999
2025-09-02 09:00:00,5555,6207
2025-09-02 10:00:00,6155,6005
2025-09-02 11:00:00,6227,5888
2025-09-02 12:00:00,6834,6446
2025-09-02 13:00:00,7016,6402
2025-09-02 14:00:00,7634,6926
2025-09-02 15:00:00,8004,7185
2025-09-02 16:00:00,8237,7473
2025-09-02 17:00:00,9191,8894
2025-09-02 18:00:00,9309,9191
2025-09-02 19:00:00,7481,7207
2025-09-02 20:00:00,6867,6747
2025-09-02 21:00:00,6413,6437
2025-09-02 22:00:00,4712,4863
2025-09-02 23:00:00,3288,3540
2025-09-03 00:00:00,2519,2654
2025-09-03 01:00:00,813,951
2025-09-03 02:00:00,362,447
2025-09-03 03:00:00,227,306
2025-09-03 04:00:00,251,382
2025-09-03 05:00:00,660,888
2025-09-03 06:00:00,1776,2315
2025-09-03 07:00:00,4039,4887
2025-09-03 08:00:00,5347,6389
2025-09-03 09:00:00,5973,6534
2025-09-03 10:00:00,6532,6446
2025-09-03 11:00:00,6961,6660
2025-09-03 12:00:00,7387,6955
2025-09-03 13:00:00,7516,7034
2025-09-03 14:00:00,8241,7677
2025-09-03 15:00:00,8319,7625
2025-09-03 16:00:00,8810,8035
2025-09-03 17:00:00,9309,9106
2025-09-03 18:00:00,10065,9859
2025-09-03 19:00:00,8758,8568
2025-09-03 20:00:00,8175,8442
2025-09-03 21:00:00,7652,8086
2025-09-03 22:00:00,6654,6913
2025-09-03 23:00:00,4267,4701
2025-09-04 00:00:00,2747,2896
2025-09-04 01:00:00,977,1223
2025-09-04 02:00:00,535,643
2025-09-04 03:00:00,318,406
2025-09-04 04:00:00,322,454
2025-09-04 05:00:00,657,931
2025-09-04 06:00:00,1792,2598
2025-09-04 07:00:00,4387,5589
2025-09-04 08:00:00,5531,7061
2025-09-04 09:00:00,5989,6833
2025-09-04 10:00:00,6594,6626
2025-09-04 11:00:00,7165,6955
2025-09-04 12:00:00,7494,7087
2025-09-04 13:00:00,7708,7322
2025-09-04 14:00:00,9106,8397
2025-09-04 15:00:00,9229,8660
2025-09-04 16:00:00,9281,8638
2025-09-04 17:00:00,9598,9898
2025-09-04 18:00:00,10611,11228
2025-09-04 19:00:00,11451,11810
2025-09-04 20:00:00,9451,11323
2025-09-04 21:00:00,8447,8870
2025-09-04 22:00:00,7952,8777
2025-09-04 23:00:00,5685,6668
2025-09-05 00:00:00,4622,5928
2025-09-05 01:00:00,2794,3333
2025-09-05 02:00:00,1084,1302
2025-09-05 03:00:00,644,855
2025-09-05 04:00:00,464,682
2025-09-05 05:00:00,799,1146
2025-09-05 06:00:00,1629,2495
2025-09-05 07:00:00,3812,5079
2025-09-05 08:00:00,4881,5977
2025-09-05 09:00:00,5433,5889
2025-09-05 10:00:00,6170,6039
2025-09-05 11:00:00,6497,6339
2025-09-05 12:00:00,6832,6926
2025-09-05 13:00:00,7603,7399
2025-09-05 14:00:00,8724,8661
2025-09-05 15:00:00,8800,8718
2025-09-05 16:00:00,8668,8278
2025-09-05 17:00:00,9408,9572
2025-09-05 18:00:00,10387,10586
2025-09-05 19:00:00,9327,9423
2025-09-05 20:00:00,8217,8105
2025-09-05 21:00:00,8186,7542
2025-09-05 22:00:00,8532,8053
2025-09-05 23:00:00,8460,8731
2025-09-06 00:00:00,6716,7473
2025-09-06 01:00:00,5371,5897
2025-09-06 02:00:00,3848,4374
2025-09-06 03:00:00,2290,2837
2025-09-06 04:00:00,1195,1628
2025-09-06 05:00:00,536,837
2025-09-06 06:00:00,802,1216
2025-09-06 07:00:00,1608,1938
2025-09-06 08:00:00,2846,3093
2025-09-06 09:00:00,3969,4345
2025-09-06 10:00:00,5317,5388
2025-09-06 11:00:00,6382,6210
2025-09-06 12:00:00,7199,6974
2025-09-06 13:00:00,7847,7485
2025-09-06 14:00:00,9165,8701
2025-09-06 15:00:00,8837,9658
2025-09-06 16:00:00,7238,7185
2025-09-06 17:00:00,8227,7797
2025-09-06 18:00:00,9137,8911
2025-09-06 19:00:00,8912,9347
2025-09-06 20:00:00,9441,10130
2025-09-06 21:00:00,8576,9088
2025-09-06 22:00:00,8219,8396
2025-09-06 23:00:00,7643,9097
2025-09-07 00:00:00,6347,8575
2025-09-07 01:00:00,5242,6947
2025-09-07 02:00:00,3783,4923
2025-09-07 03:00:00,2483,3106
2025-09-07 04:00:00,1346,2101
2025-09-07 05:00:00,655,1088
2025-09-07 06:00:00,835,1429
2025-09-07 07:00:00,1496,2228
2025-09-07 08:00:00,2743,3462
2025-09-07 09:00:00,3689,4362
2025-09-07 10:00:00,5298,5937
2025-09-07 11:00:00,6389,7345
2025-09-07 12:00:00,7750,8431
2025-09-07 13:00:00,7002,7705
2025-09-07 14:00:00,7292,7385
2025-09-07 15:00:00,7351,6844
2025-09-07 16:00:00,7395,6823
2025-09-07 17:00:00,7708,7022
2025-09-07 18:00:00,7419,6975
2025-09-07 19:00:00,6858,6625
2025-09-07 20:00:00,5946,5846
2025-09-07 21:00:00,5354,5282
2025-09-07 22:00:00,4375,4697
2025-09-07 23:00:00,3181,3590
2025-09-08 00:00:00,2435,2719
2025-09-08 01:00:00,925,1117
2025-09-08 02:00:00,333,486
2025-09-08 03:00:00,231,377
2025-09-08 04:00:00,423,628
2025-09-08 05:00:00,785,1236
2025-09-08 06:00:00,1811,2669
2025-09-08 07:00:00,3673,5117
2025-09-08 08:00:00,5191,6604
2025-09-08 09:00:00,5473,6122
2025-09-08 10:00:00,5763,5734
2025-09-08 11:00:00,6075,5842
2025-09-08 12:00:00,6450,6268
2025-09-08 13:00:00,6724,6323
2025-09-08 14:00:00,7805,7425
2025-09-08 15:00:00,8154,7711
2025-09-08 16:00:00,8004,7564
2025-09-08 17:00:00,8931,8728
2025-09-08 18:00:00,8952,8735
2025-09-08 19:00:00,8022,7743
2025-09-08 20:00:00,7592,7808
2025-09-08 21:00:00,6866,7612
2025-09-08 22:00:00,5317,5965
2025-09-08 23:00:00,3176,3876
2025-09-09 00:00:00,1665,1994
2025-09-09 01:00:00,622,803
2025-09-09 02:00:00,290,413
2025-09-09 03:00:00,220,327
2025-09-09 04:00:00,264,425
2025-09-09 05:00:00,696,941
2025-09-09 06:00:00,1833,2441
2025-09-09 07:00:00,4305,5523
2025-09-09 08:00:00,5506,6929
2025-09-09 09:00:00,6161,6962
2025-09-09 10:00:00,6218,6304
2025-09-09 11:00:00,6586,6354
2025-09-09 12:00:00,7180,6942
2025-09-09 13:00:00,7155,6804
2025-09-09 14:00:00,8151,7797
2025-09-09 15:00:00,8811,8415
2025-09-09 16:00:00,8794,8375
2025-09-09 17:00:00,9743,9985
2025-09-09 18:00:00,10470,10668
2025-09-09 19:00:00,9138,9039
2025-09-09 20:00:00,8875,9691
2025-09-09 21:00:00,8526,10363
2025-09-09 22:00:00,6512,8340
2025-09-09 23:00:00,4034,5006
2025-09-10 00:00:00,1968,2343
2025-09-10 01:00:00,916,1086
2025-09-10 02:00:00,497,605
2025-09-10 03:00:00,259,359
2025-09-10 04:00:00,346,468
2025-09-10 05:00:00,716,941
2025-09-10 06:00:00,2102,2853
2025-09-10 07:00:00,4337,5742
2025-09-10 08:00:00,6047,8083
2025-09-10 09:00:00,6163,8039
2025-09-10 10:00:00,6763,7292
2025-09-10 11:00:00,7049,7018
2025-09-10 12:00:00,7367,7230
2025-09-10 13:00:00,7598,7361
2025-09-10 14:00:00,8311,8152
2025-09-10 15:00:00,8879,8552
2025-09-10 16:00:00,8769,8717
2025-09-10 17:00:00,9758,10385
2025-09-10 18:00:00,10576,11298
2025-09-10 19:00:00,9816,10188
2025-09-10 20:00:00,9293,9967
2025-09-10 21:00:00,9348,10482
2025-09-10 22:00:00,7759,9160
2025-09-10 23:00:00,5337,6465
2025-09-11 00:00:00,2799,3505
2025-09-11 01:00:00,1367,1734
2025-09-11 02:00:00,752,875
2025-09-11 03:00:00,467,588
2025-09-11 04:00:00,424,579
2025-09-11 05:00:00,779,1125
2025-09-11 06:00:00,1829,2744
2025-09-11 07:00:00,4213,5623
2025-09-11 08:00:00,5407,7036
2025-09-11 09:00:00,5747,6704
2025-09-11 10:00:00,6253,6398
2025-09-11 11:00:00,6568,6587
2025-09-11 12:00:00,7225,6992
2025-09-11 13:00:00,7735,7352
2025-09-11 14:00:00,8598,8314
2025-09-11 15:00:00,9056,9024
2025-09-11 16:00:00,9165,9122
2025-09-11 17:00:00,10303,10794
2025-09-11 18:00:00,11034,11613
2025-09-11 19:00:00,9844,10658
2025-09-11 20:00:00,9186,10230
2025-09-11 21:00:00,9353,10070
2025-09-11 22:00:00,8716,9694
2025-09-11 23:00:00,6537,7977
2025-09-12 00:00:00,4161,5055
2025-09-12 01:00:00,2557,2758
2025-09-12 02:00:00,1496,1751
2025-09-12 03:00:00,895,1101
2025-09-12 04:00:00,614,986
2025-09-12 05:00:00,812,1368
2025-09-12 06:00:00,1717,2720
2025-09-12 07:00:00,3629,5206
2025-09-12 08:00:00,4624,6054
2025-09-12 09:00:00,5240,5967
2025-09-12 10:00:00,5783,5931
2025-09-12 11:00:00,6459,6427
2025-09-12 12:00:00,6939,7047
2025-09-12 13:00:00,7009,7191
2025-09-12 14:00:00,8591,8749
2025-09-12 15:00:00,8859,9223
2025-09-12 16:00:00,9158,9547
2025-09-12 17:00:00,10120,10817
2025-09-12 18:00:00,10769,11865
2025-09-12 19:00:00,9876,11365
2025-09-12 20:00:00,8712,10030
2025-09-12 21:00:00,9110,9393
2025-09-12 22:00:00,9831,10614
2025-09-12 23:00:00,8520,9931
2025-09-13 00:00:00,7165,8979
2025-09-13 01:00:00,5543,7211
2025-09-13 02:00:00,4491,5649
2025-09-13 03:00:00,2838,3704
2025-09-13 04:00:00,1504,2261
2025-09-13 05:00:00,693,1114
2025-09-13 06:00:00,965,1530
2025-09-13 07:00:00,1662,2262
2025-09-13 08:00:00,2773,3239
2025-09-13 09:00:00,4399,4780
2025-09-13 10:00:00,5749,5744
2025-09-13 11:00:00,6711,6606
2025-09-13 12:00:00,7392,7375
2025-09-13 13:00:00,8112,8192
2025-09-13 14:00:00,8613,8400
2025-09-13 15:00:00,9237,8840
2025-09-13 16:00:00,9453,9161
2025-09-13 17:00:00,9865,10006
2025-09-13 18:00:00,10313,10691
2025-09-13 19:00:00,10001,10818
2025-09-13 20:00:00,8617,9421
2025-09-13 21:00:00,8661,9092
2025-09-13 22:00:00,9740,10460
2025-09-13 23:00:00,9386,10834
2025-09-14 00:00:00,7514,9484
2025-09-14 01:00:00,5877,7545
2025-09-14 02:00:00,4548,6420
2025-09-14 03:00:00,2794,4205
2025-09-14 04:00:00,1765,2829
2025-09-14 05:00:00,791,1408
2025-09-14 06:00:00,954,1713
2025-09-14 07:00:00,1670,2423
2025-09-14 08:00:00,2931,3242
2025-09-14 09:00:00,4448,4854
2025-09-14 10:00:00,5648,5970
2025-09-14 11:00:00,6733,6998
2025-09-14 12:00:00,7746,8116
2025-09-14 13:00:00,8166,8335
2025-09-14 14:00:00,8339,8564
2025-09-14 15:00:00,7918,8245
2025-09-14 16:00:00,8491,8645
2025-09-14 17:00:00,8625,8883
2025-09-14 18:00:00,8492,8747
2025-09-14 19:00:00,7035,7734
2025-09-14 20:00:00,6510,6811
2025-09-14 21:00:00,5655,5821
2025-09-14 22:00:00,4459,5094
2025-09-14 23:00:00,2904,3398
2025-09-15 00:00:00,1857,2225
2025-09-15 01:00:00,813,1095
2025-09-15 02:00:00,317,579
2025-09-15 03:00:00,311,490
2025-09-15 04:00:00,372,690
2025-09-15 05:00:00,846,1380
2025-09-15 06:00:00,1868,2881
2025-09-15 07:00:00,3933,5449
2025-09-15 08:00:00,5220,6945
2025-09-15 09:00:00,5670,6260
2025-09-15 10:00:00,5946,5892
2025-09-15 11:00:00,6237,6030
2025-09-15 12:00:00,6861,6531
2025-09-15 13:00:00,7192,6697
2025-09-15 14:00:00,7868,7356
2025-09-15 15:00:00,8536,8068
2025-09-15 16:00:00,8486,8128
2025-09-15 17:00:00,9473,9419
2025-09-15 18:00:00,9369,9199
2025-09-15 19:00:00,8441,8286
2025-09-15 20:00:00,7863,8021
2025-09-15 21:00:00,7131,7751
2025-09-15 22:00:00,5695,6518
2025-09-15 23:00:00,2989,3462
2025-09-16 00:00:00,1597,1920
2025-09-16 01:00:00,768,1034
2025-09-16 02:00:00,331,542
2025-09-16 03:00:00,231,349
2025-09-16 04:00:00,234,398
2025-09-16 05:00:00,680,952
2025-09-16 06:00:00,1891,2521
2025-09-16 07:00:00,4298,5421
2025-09-16 08:00:00,5723,6976
2025-09-16 09:00:00,6167,6871
2025-09-16 10:00:00,6444,6352
2025-09-16 11:00:00,6781,6461
2025-09-16 12:00:00,7266,7065
2025-09-16 13:00:00,7481,7150
2025-09-16 14:00:00,8599,8076
2025-09-16 15:00:00,8820,8101
2025-09-16 16:00:00,9110,8688
2025-09-16 17:00:00,10303,10522
2025-09-16 18:00:00,10720,10939
2025-09-16 19:00:00,9646,9654
2025-09-16 20:00:00,9229,9871
2025-09-16 21:00:00,9601,10542
2025-09-16 22:00:00,7371,8655
2025-09-16 23:00:00,4157,4798
2025-09-17 00:00:00,1920,2216
2025-09-17 01:00:00,832,1064
2025-09-17 02:00:00,415,524
2025-09-17 03:00:00,237,346
2025-09-17 04:00:00,299,455
2025-09-17 05:00:00,685,947
2025-09-17 06:00:00,1977,2598
2025-09-17 07:00:00,4310,5790
2025-09-17 08:00:00,5573,7740
2025-09-17 09:00:00,6023,6874
2025-09-17 10:00:00,6679,6626
2025-09-17 11:00:00,7935,7555
2025-09-17 12:00:00,8416,8084
2025-09-17 13:00:00,7971,7818
2025-09-17 14:00:00,8732,8282
2025-09-17 15:00:00,9646,9238
2025-09-17 16:00:00,8902,8726
2025-09-17 17:00:00,10318,10073
2025-09-17 18:00:00,10479,10471
2025-09-17 19:00:00,9683,9338
2025-09-17 20:00:00,9398,9643
2025-09-17 21:00:00,9676,10475
2025-09-17 22:00:00,8412,9430
2025-09-17 23:00:00,4716,5528
2025-09-18 00:00:00,2602,2972
2025-09-18 01:00:00,1154,1336
2025-09-18 02:00:00,602,714
2025-09-18 03:00:00,321,420
2025-09-18 04:00:00,337,513
2025-09-18 05:00:00,811,1160
2025-09-18 06:00:00,1939,2796
2025-09-18 07:00:00,4254,5536
2025-09-18 08:00:00,5621,7203
2025-09-18 09:00:00,6249,7090
2025-09-18 10:00:00,6621,6588
2025-09-18 11:00:00,7124,6892
2025-09-18 12:00:00,7668,7255
2025-09-18 13:00:00,8176,7846
2025-09-18 14:00:00,9069,8745
2025-09-18 15:00:00,9565,9282
2025-09-18 16:00:00,9712,9694
2025-09-18 17:00:00,10944,11720
2025-09-18 18:00:00,11488,12472
2025-09-18 19:00:00,10770,11504
2025-09-18 20:00:00,10338,11278
2025-09-18 21:00:00,10255,11203
2025-09-18 22:00:00,8760,9763
2025-09-18 23:00:00,6441,7679
2025-09-19 00:00:00,3916,4501
2025-09-19 01:00:00,2128,2403
2025-09-19 02:00:00,1218,1344
2025-09-19 03:00:00,748,902
2025-09-19 04:00:00,581,892
2025-09-19 05:00:00,851,1392
2025-09-19 06:00:00,1760,2689
2025-09-19 07:00:00,3781,4907
2025-09-19 08:00:00,4848,5946
2025-09-19 09:00:00,5444,5865
2025-09-19 10:00:00,6352,6133
2025-09-19 11:00:00,6525,6379
2025-09-19 12:00:00,7133,6894
2025-09-19 13:00:00,7479,7357
2025-09-19 14:00:00,8402,8492
2025-09-19 15:00:00,9046,9243
2025-09-19 16:00:00,9354,9545
2025-09-19 17:00:00,10395,10899
2025-09-19 18:00:00,10785,11647
2025-09-19 19:00:00,9769,11039
2025-09-19 20:00:00,8580,8995
2025-09-19 21:00:00,9109,8516
2025-09-19 22:00:00,9888,9714
2025-09-19 23:00:00,8544,9441
2025-09-20 00:00:00,7384,8296
2025-09-20 01:00:00,5729,6571
2025-09-20 02:00:00,3972,4879
2025-09-20 03:00:00,2484,3167
2025-09-20 04:00:00,1337,1852
2025-09-20 05:00:00,610,936
2025-09-20 06:00:00,991,1385
2025-09-20 07:00:00,1674,2051
2025-09-20 08:00:00,2831,3128
2025-09-20 09:00:00,4316,4565
2025-09-20 10:00:00,5614,5548
2025-09-20 11:00:00,6999,6801
2025-09-20 12:00:00,7500,7411
2025-09-20 13:00:00,7831,7475
2025-09-20 14:00:00,8324,7753
2025-09-20 15:00:00,9084,8412
2025-09-20 16:00:00,9557,8969
2025-09-20 17:00:00,9761,9759
2025-09-20 18:00:00,10198,10359
2025-09-20 19:00:00,9674,10182
2025-09-20 20:00:00,8795,8911
2025-09-20 21:00:00,8878,8560
2025-09-20 22:00:00,10026,10178
2025-09-20 23:00:00,9598,10366
2025-09-21 00:00:00,7186,9325
2025-09-21 01:00:00,5825,7551
2025-09-21 02:00:00,4267,5533
2025-09-21 03:00:00,2657,3552
2025-09-21 04:00:00,1490,2343
2025-09-21 05:00:00,795,1225
2025-09-21 06:00:00,1003,1621
2025-09-21 07:00:00,1665,2000
2025-09-21 08:00:00,2664,2852
2025-09-21 09:00:00,4199,4371
2025-09-21 10:00:00,5602,5749
2025-09-21 11:00:00,6163,6313
2025-09-21 12:00:00,7137,7244
2025-09-21 13:00:00,7609,7765
2025-09-21 14:00:00,7742,7648
2025-09-21 15:00:00,7899,7718
2025-09-21 16:00:00,8241,8103
2025-09-21 17:00:00,8335,8370
2025-09-21 18:00:00,7997,8023
2025-09-21 19:00:00,7253,7445
2025-09-21 20:00:00,6413,6451
2025-09-21 21:00:00,5984,6049
2025-09-21 22:00:00,5535,5981
2025-09-21 23:00:00,3688,4299
2025-09-22 00:00:00,2451,2746
2025-09-22 01:00:00,905,1106
2025-09-22 02:00:00,400,546
2025-09-22 03:00:00,258,398
2025-09-22 04:00:00,365,587
2025-09-22 05:00:00,865,1254
2025-09-22 06:00:00,1917,2668
2025-09-22 07:00:00,3957,4989
2025-09-22 08:00:00,4885,6073
2025-09-22 09:00:00,5142,5562
2025-09-22 10:00:00,5521,5446
2025-09-22 11:00:00,5933,5723
2025-09-22 12:00:00,6188,5957
2025-09-22 13:00:00,6507,6215
2025-09-22 14:00:00,7170,6827
2025-09-22 15:00:00,7461,7154
2025-09-22 16:00:00,7686,7463
2025-09-22 17:00:00,8595,8536
2025-09-22 18:00:00,8333,8289
2025-09-22 19:00:00,7606,7245
2025-09-22 20:00:00,7005,6954
2025-09-22 21:00:00,7444,7685
2025-09-22 22:00:00,5852,6337
2025-09-22 23:00:00,3215,3766
2025-09-23 00:00:00,1566,1900
2025-09-23 01:00:00,590,861
2025-09-23 02:00:00,291,428
2025-09-23 03:00:00,163,292
2025-09-23 04:00:00,257,401
2025-09-23 05:00:00,695,892
2025-09-23 06:00:00,1569,2003
2025-09-23 07:00:00,3184,3764
2025-09-23 08:00:00,4629,5157
2025-09-23 09:00:00,5399,5498
2025-09-23 10:00:00,5815,5552
2025-09-23 11:00:00,6106,5704
2025-09-23 12:00:00,6612,6092
2025-09-23 13:00:00,7484,6732
2025-09-23 14:00:00,7767,6915
2025-09-23 15:00:00,7579,6859
2025-09-23 16:00:00,7447,6892
2025-09-23 17:00:00,7844,7573
2025-09-23 18:00:00,7896,7811
2025-09-23 19:00:00,7122,7257
2025-09-23 20:00:00,7072,7288
2025-09-23 21:00:00,7578,8329
2025-09-23 22:00:00,6376,7478
2025-09-23 23:00:00,4177,4767
2025-09-24 00:00:00,1975,2392
2025-09-24 01:00:00,776,1059
2025-09-24 02:00:00,382,547
2025-09-24 03:00:00,216,389
2025-09-24 04:00:00,339,519
2025-09-24 05:00:00,811,1031
2025-09-24 06:00:00,1850,2454
2025-09-24 07:00:00,3814,4479
2025-09-24 08:00:00,4679,5511
2025-09-24 09:00:00,5461,5947
2025-09-24 10:00:00,6149,5994
2025-09-24 11:00:00,6615,6305
2025-09-24 12:00:00,6968,6636
2025-09-24 13:00:00,7364,6908
2025-09-24 14:00:00,7841,7318
2025-09-24 15:00:00,8211,7690
2025-09-24 16:00:00,8110,7511
2025-09-24 17:00:00,8931,8629
2025-09-24 18:00:00,9759,9646
2025-09-24 19:00:00,8826,8978
2025-09-24 20:00:00,9176,9390
2025-09-24 21:00:00,9695,10624
2025-09-24 22:00:00,7751,9755
2025-09-24 23:00:00,4772,5670
2025-09-25 00:00:00,2521,2807
2025-09-25 01:00:00,1281,1558
2025-09-25 02:00:00,615,817
2025-09-25 03:00:00,346,488
2025-09-25 04:00:00,371,579
2025-09-25 05:00:00,892,1316
2025-09-25 06:00:00,2021,3090
2025-09-25 07:00:00,3902,5824
2025-09-25 08:00:00,4935,7004
2025-09-25 09:00:00,5771,6750
2025-09-25 10:00:00,6312,6510
2025-09-25 11:00:00,7098,7148
2025-09-25 12:00:00,7394,7513
2025-09-25 13:00:00,7462,7235
2025-09-25 14:00:00,7977,7783
2025-09-25 15:00:00,8805,8451
2025-09-25 16:00:00,9236,8916
2025-09-25 17:00:00,10498,10808
2025-09-25 18:00:00,10463,11052
2025-09-25 19:00:00,9326,9949
2025-09-25 20:00:00,9469,9837
2025-09-25 21:00:00,9367,10039
2025-09-25 22:00:00,8828,9613
2025-09-25 23:00:00,6684,7810
2025-09-26 00:00:00,4375,4882
2025-09-26 01:00:00,2394,2778
2025-09-26 02:00:00,1438,1641
2025-09-26 03:00:00,818,1067
2025-09-26 04:00:00,862,1272
2025-09-26 05:00:00,946,1726
2025-09-26 06:00:00,1813,3017
2025-09-26 07:00:00,3753,5190
2025-09-26 08:00:00,4824,6187
2025-09-26 09:00:00,5197,5761
2025-09-26 10:00:00,5871,5819
2025-09-26 11:00:00,6302,6150
2025-09-26 12:00:00,6833,6624
2025-09-26 13:00:00,6984,6962
2025-09-26 14:00:00,8219,8383
2025-09-26 15:00:00,8848,8897
2025-09-26 16:00:00,8917,8914
2025-09-26 17:00:00,10056,9984
2025-09-26 18:00:00,11092,11591
2025-09-26 19:00:00,9908,10781
2025-09-26 20:00:00,9258,9430
2025-09-26 21:00:00,9593,8803
2025-09-26 22:00:00,10039,9750
2025-09-26 23:00:00,9365,9751
2025-09-27 00:00:00,7575,8783
2025-09-27 01:00:00,5709,6876
2025-09-27 02:00:00,4091,5134
2025-09-27 03:00:00,2529,3363
2025-09-27 04:00:00,1320,2030
2025-09-27 05:00:00,797,1214
2025-09-27 06:00:00,1022,1706
2025-09-27 07:00:00,1657,2179
2025-09-27 08:00:00,2881,3337
2025-09-27 09:00:00,4376,4746
2025-09-27 10:00:00,5811,5750
2025-09-27 11:00:00,6678,6561
2025-09-27 12:00:00,7757,7422
2025-09-27 13:00:00,8404,7886
2025-09-27 14:00:00,8226,7709
2025-09-27 15:00:00,8659,7976
2025-09-27 16:00:00,9950,9114
2025-09-27 17:00:00,10052,9507
2025-09-27 18:00:00,10509,10308
2025-09-27 19:00:00,10256,10359
2025-09-27 20:00:00,9113,9149
2025-09-27 21:00:00,10641,10552
2025-09-27 22:00:00,9855,10746
2025-09-27 23:00:00,10098,11413
2025-09-28 00:00:00,7553,10096
2025-09-28 01:00:00,5796,7455
2025-09-28 02:00:00,4701,5607
2025-09-28 03:00:00,3007,3939
2025-09-28 04:00:00,1624,2569
2025-09-28 05:00:00,832,1384
2025-09-28 06:00:00,1138,1935
2025-09-28 07:00:00,1697,2199
2025-09-28 08:00:00,2757,3278
2025-09-28 09:00:00,4096,4621
2025-09-28 10:00:00,5364,5941
2025-09-28 11:00:00,6370,6936
2025-09-28 12:00:00,7192,7724
2025-09-28 13:00:00,7633,7798
2025-09-28 14:00:00,8338,8166
2025-09-28 15:00:00,7593,7571
2025-09-28 16:00:00,8155,7825
2025-09-28 17:00:00,8249,8005
2025-09-28 18:00:00,7772,7613
2025-09-28 19:00:00,7068,7279
2025-09-28 20:00:00,6412,6458
2025-09-28 21:00:00,6053,5921
2025-09-28 22:00:00,4447,4490
2025-09-28 23:00:00,3142,3390
2025-09-29 00:00:00,1731,2029
2025-09-29 01:00:00,721,931
2025-09-29 02:00:00,422,573
2025-09-29 03:00:00,289,431
2025-09-29 04:00:00,414,683
2025-09-29 05:00:00,892,1347
2025-09-29 06:00:00,1945,2833
2025-09-29 07:00:00,3980,5258
2025-09-29 08:00:00,5013,6631
2025-09-29 09:00:00,5349,6223
2025-09-29 10:00:00,5596,5585
2025-09-29 11:00:00,5873,5695
2025-09-29 12:00:00,6184,6024
2025-09-29 13:00:00,7098,6646
2025-09-29 14:00:00,7833,7299
2025-09-29 15:00:00,8440,7883
2025-09-29 16:00:00,8190,7751
2025-09-29 17:00:00,9264,9002
2025-09-29 18:00:00,9449,9228
2025-09-29 19:00:00,8436,8174
2025-09-29 20:00:00,7555,7568
2025-09-29 21:00:00,6715,7097
2025-09-29 22:00:00,5660,5918
2025-09-29 23:00:00,3175,3433
2025-09-30 00:00:00,1750,2015
2025-09-30 01:00:00,565,757
2025-09-30 02:00:00,343,446
2025-09-30 03:00:00,168,289
2025-09-30 04:00:00,260,401
2025-09-30 05:00:00,840,1035
2025-09-30 06:00:00,1963,2516
2025-09-30 07:00:00,4245,5223
2025-09-30 08:00:00,5362,6728
2025-09-30 09:00:00,5921,6611
2025-09-30 10:00:00,6453,6471
2025-09-30 11:00:00,6725,6463
2025-09-30 12:00:00,7236,6904
2025-09-30 13:00:00,7367,7016
2025-09-30 14:00:00,8323,7824
2025-09-30 15:00:00,8605,8148
2025-09-30 16:00:00,8686,8391
2025-09-30 17:00:00,10446,10464
2025-09-30 18:00:00,10642,10881
2025-09-30 19:00:00,9595,9779
2025-09-30 20:00:00,8882,9539
2025-09-30 21:00:00,9048,9965
2025-09-30 22:00:00,7026,8001
2025-09-30 23:00:00,3984,4587
