timestamp,taxi_demand,timestamp_quarter,timestamp_second,timestamp_hour,timestamp_year_end,passenger_demand_lag_1,passenger_demand_lag_8,taxi_demand_lag_16,timestamp_days_in_month,timestamp_day_of_month,timestamp_month_start,timestamp_year_start,timestamp_leap_year,timestamp_month_end,timestamp_day_of_week,timestamp_minute,taxi_demand_expanding_std,timestamp_quarter_start,timestamp_year
2025-01-02 00:00:00,1051,1,0,0,0,2370.0,6639.0,1116.0,31,2,0,0,0,0,3,0,2026.7162274641869,0,2025
2025-01-02 01:00:00,436,1,0,1,0,1344.0,6775.0,1524.0,31,2,0,0,0,0,3,0,2056.5766271484595,0,2025
2025-01-02 02:00:00,268,1,0,2,0,558.0,6179.0,2289.0,31,2,0,0,0,0,3,0,2111.283542886066,0,2025
2025-01-02 03:00:00,220,1,0,3,0,295.0,5367.0,3228.0,31,2,0,0,0,0,3,0,2163.1453739478325,0,2025
2025-01-02 04:00:00,277,1,0,4,0,303.0,4788.0,4087.0,31,2,0,0,0,0,3,0,2206.412346575701,0,2025
2025-01-02 05:00:00,624,1,0,5,0,342.0,4767.0,4770.0,31,2,0,0,0,0,3,0,2237.7999642065765,0,2025
2025-01-02 06:00:00,1341,1,0,6,0,726.0,3894.0,5057.0,31,2,0,0,0,0,3,0,2248.140008729566,0,2025
2025-01-02 07:00:00,2163,1,0,7,0,1588.0,2370.0,5025.0,31,2,0,0,0,0,3,0,2232.8711768646926,0,2025
2025-01-02 08:00:00,3021,1,0,8,0,2468.0,1344.0,4587.0,31,2,0,0,0,0,3,0,2202.092670400648,0,2025
2025-01-02 09:00:00,3779,1,0,9,0,3599.0,558.0,4737.0,31,2,0,0,0,0,3,0,2167.411952093039,0,2025
2025-01-02 10:00:00,4394,1,0,10,0,4668.0,295.0,4317.0,31,2,0,0,0,0,3,0,2138.3078704947065,0,2025
2025-01-02 11:00:00,4825,1,0,11,0,5992.0,303.0,3717.0,31,2,0,0,0,0,3,0,2119.0190206989723,0,2025
2025-01-02 12:00:00,5280,1,0,12,0,6653.0,342.0,3331.0,31,2,0,0,0,0,3,0,2108.705362809811,0,2025
2025-01-02 13:00:00,5972,1,0,13,0,7320.0,726.0,3264.0,31,2,0,0,0,0,3,0,2109.111996650347,0,2025
2025-01-02 14:00:00,6344,1,0,14,0,8294.0,1588.0,2707.0,31,2,0,0,0,0,3,0,2128.9539416085904,0,2025
2025-01-02 15:00:00,6174,1,0,15,0,8856.0,2468.0,1765.0,31,2,0,0,0,0,3,0,2158.057904778708,0,2025
2025-01-02 16:00:00,6537,1,0,16,0,8819.0,3599.0,1051.0,31,2,0,0,0,0,3,0,2176.8938749853464,0,2025
2025-01-02 17:00:00,6288,1,0,17,0,9371.0,4668.0,436.0,31,2,0,0,0,0,3,0,2204.325344773261,0,2025
2025-01-02 18:00:00,5853,1,0,18,0,8759.0,5992.0,268.0,31,2,0,0,0,0,3,0,2219.8140435453192,0,2025
2025-01-02 19:00:00,4754,1,0,19,0,8179.0,6653.0,220.0,31,2,0,0,0,0,3,0,2221.122810747037,0,2025
2025-01-02 20:00:00,4258,1,0,20,0,6734.0,7320.0,277.0,31,2,0,0,0,0,3,0,2201.9620573978727,0,2025
2025-01-02 21:00:00,4743,1,0,21,0,6241.0,8294.0,624.0,31,2,0,0,0,0,3,0,2178.7980592125286,0,2025
2025-01-02 22:00:00,3792,1,0,22,0,7087.0,8856.0,1341.0,31,2,0,0,0,0,3,0,2160.5216882080563,0,2025
2025-01-02 23:00:00,2438,1,0,23,0,5612.0,8819.0,2163.0,31,2,0,0,0,0,3,0,2136.983611231401,0,2025
2025-01-03 00:00:00,1527,1,0,0,0,3379.0,9371.0,3021.0,31,3,0,0,0,0,4,0,2121.6166106422693,0,2025
2025-01-03 01:00:00,851,1,0,1,0,2003.0,8759.0,3779.0,31,3,0,0,0,0,4,0,2121.117256699088,0,2025
2025-01-03 02:00:00,506,1,0,2,0,1034.0,8179.0,4394.0,31,3,0,0,0,0,4,0,2135.13216108655,0,2025
2025-01-03 03:00:00,349,1,0,3,0,639.0,6734.0,4825.0,31,3,0,0,0,0,4,0,2156.1667698969486,0,2025
2025-01-03 04:00:00,327,1,0,4,0,432.0,6241.0,5280.0,31,3,0,0,0,0,4,0,2178.857961459208,0,2025
2025-01-03 05:00:00,551,1,0,5,0,370.0,7087.0,5972.0,31,3,0,0,0,0,4,0,2199.444575948786,0,2025
2025-01-03 06:00:00,1237,1,0,6,0,663.0,5612.0,6344.0,31,3,0,0,0,0,4,0,2212.0996679513296,0,2025
2025-01-03 07:00:00,2165,1,0,7,0,1377.0,3379.0,6174.0,31,3,0,0,0,0,4,0,2209.399630961526,0,2025
2025-01-03 08:00:00,2901,1,0,8,0,2499.0,2003.0,6537.0,31,3,0,0,0,0,4,0,2194.281302850425,0,2025
2025-01-03 09:00:00,3679,1,0,9,0,3481.0,1034.0,6288.0,31,3,0,0,0,0,4,0,2175.1196766544645,0,2025
2025-01-03 10:00:00,4526,1,0,10,0,4640.0,639.0,5853.0,31,3,0,0,0,0,4,0,2156.679994905009,0,2025
2025-01-03 11:00:00,5024,1,0,11,0,6069.0,432.0,4754.0,31,3,0,0,0,0,4,0,2144.344948539871,0,2025
2025-01-03 12:00:00,5305,1,0,12,0,6763.0,370.0,4258.0,31,3,0,0,0,0,4,0,2137.955679845363,0,2025
2025-01-03 13:00:00,5626,1,0,13,0,7076.0,663.0,4743.0,31,3,0,0,0,0,4,0,2135.3808161671404,0,2025
2025-01-03 14:00:00,6457,1,0,14,0,7725.0,1377.0,3792.0,31,3,0,0,0,0,4,0,2137.547941576595,0,2025
2025-01-03 15:00:00,6420,1,0,15,0,9028.0,2499.0,2438.0,31,3,0,0,0,0,4,0,2155.3762745267068,0,2025
2025-01-03 16:00:00,6528,1,0,16,0,9074.0,3481.0,1527.0,31,3,0,0,0,0,4,0,2170.6343240628075,0,2025
2025-01-03 17:00:00,6481,1,0,17,0,9214.0,4640.0,851.0,31,3,0,0,0,0,4,0,2186.624488201814,0,2025
2025-01-03 18:00:00,6422,1,0,18,0,9077.0,6069.0,506.0,31,3,0,0,0,0,4,0,2200.076009282417,0,2025
2025-01-03 19:00:00,5538,1,0,19,0,9083.0,6763.0,349.0,31,3,0,0,0,0,4,0,2211.012947334108,0,2025
2025-01-03 20:00:00,4705,1,0,20,0,7910.0,7076.0,327.0,31,3,0,0,0,0,4,0,2206.86469664292,0,2025
2025-01-03 21:00:00,5184,1,0,21,0,6887.0,7725.0,551.0,31,3,0,0,0,0,4,0,2194.334710138668,0,2025
2025-01-03 22:00:00,5195,1,0,22,0,7719.0,9028.0,1237.0,31,3,0,0,0,0,4,0,2186.0352432381064,0,2025
2025-01-03 23:00:00,3746,1,0,23,0,7711.0,9074.0,2165.0,31,3,0,0,0,0,4,0,2177.83717651353,0,2025
2025-01-04 00:00:00,3168,1,0,0,0,5121.0,9214.0,2901.0,31,4,0,0,0,0,5,0,2162.453455585653,0,2025
2025-01-04 01:00:00,2193,1,0,1,0,4189.0,9077.0,3679.0,31,4,0,0,0,0,5,0,2148.2803415287967,0,2025
2025-01-04 02:00:00,1438,1,0,2,0,2868.0,9083.0,4526.0,31,4,0,0,0,0,5,0,2140.6095785609127,0,2025
2025-01-04 03:00:00,1002,1,0,3,0,1866.0,7910.0,5024.0,31,4,0,0,0,0,5,0,2141.670601770142,0,2025
2025-01-04 04:00:00,503,1,0,4,0,1273.0,6887.0,5305.0,31,4,0,0,0,0,5,0,2148.773256347207,0,2025
2025-01-04 05:00:00,391,1,0,5,0,599.0,7719.0,5626.0,31,4,0,0,0,0,5,0,2163.685814727508,0,2025
2025-01-04 06:00:00,728,1,0,6,0,488.0,7711.0,6457.0,31,4,0,0,0,0,5,0,2179.442005661989,0,2025
2025-01-04 07:00:00,1132,1,0,7,0,885.0,5121.0,6420.0,31,4,0,0,0,0,5,0,2188.175499634845,0,2025
2025-01-04 08:00:00,1768,1,0,8,0,1421.0,4189.0,6528.0,31,4,0,0,0,0,5,0,2190.2037278440616,0,2025
2025-01-04 09:00:00,2935,1,0,9,0,2299.0,2868.0,6481.0,31,4,0,0,0,0,5,0,2184.5793694908266,0,2025
2025-01-04 10:00:00,4233,1,0,10,0,3852.0,1866.0,6422.0,31,4,0,0,0,0,5,0,2171.766926134425,0,2025
2025-01-04 11:00:00,5110,1,0,11,0,5871.0,1273.0,5538.0,31,4,0,0,0,0,5,0,2160.268059329098,0,2025
2025-01-04 12:00:00,5762,1,0,12,0,7161.0,599.0,4705.0,31,4,0,0,0,0,5,0,2154.905548904358,0,2025
2025-01-04 13:00:00,6426,1,0,13,0,8184.0,488.0,5184.0,31,4,0,0,0,0,5,0,2156.509093750492,0,2025
2025-01-04 14:00:00,6390,1,0,14,0,9135.0,885.0,5195.0,31,4,0,0,0,0,5,0,2167.040993421273,0,2025
2025-01-04 15:00:00,6826,1,0,15,0,9110.0,1421.0,3746.0,31,4,0,0,0,0,5,0,2176.207333580054,0,2025
2025-01-04 16:00:00,7069,1,0,16,0,10132.0,2299.0,3168.0,31,4,0,0,0,0,5,0,2191.54909495682,0,2025
2025-01-04 17:00:00,6984,1,0,17,0,10344.0,3852.0,2193.0,31,4,0,0,0,0,5,0,2209.974589656051,0,2025
2025-01-04 18:00:00,6472,1,0,18,0,10104.0,5871.0,1438.0,31,4,0,0,0,0,5,0,2225.7300968266786,0,2025
2025-01-04 19:00:00,6144,1,0,19,0,9142.0,7161.0,1002.0,31,4,0,0,0,0,5,0,2232.7313370495835,0,2025
2025-01-04 20:00:00,5301,1,0,20,0,8778.0,8184.0,503.0,31,4,0,0,0,0,5,0,2234.9888238026365,0,2025
2025-01-04 21:00:00,5555,1,0,21,0,7887.0,9135.0,391.0,31,4,0,0,0,0,5,0,2228.7882621156614,0,2025
2025-01-04 22:00:00,5402,1,0,22,0,8348.0,9110.0,728.0,31,4,0,0,0,0,5,0,2224.623982426963,0,2025
2025-01-04 23:00:00,4872,1,0,23,0,7996.0,10132.0,1132.0,31,4,0,0,0,0,5,0,2219.1331364953294,0,2025
2025-01-05 00:00:00,3889,1,0,0,0,6786.0,10344.0,1768.0,31,5,0,0,0,0,6,0,2210.228851273097,0,2025
2025-01-05 01:00:00,2823,1,0,1,0,5084.0,10104.0,2935.0,31,5,0,0,0,0,6,0,2198.708967341291,0,2025
2025-01-05 02:00:00,1836,1,0,2,0,3738.0,9142.0,4233.0,31,5,0,0,0,0,6,0,2189.5415855204324,0,2025
2025-01-05 03:00:00,1182,1,0,3,0,2432.0,8778.0,5110.0,31,5,0,0,0,0,6,0,2187.117948025092,0,2025
2025-01-05 04:00:00,718,1,0,4,0,1482.0,7887.0,5762.0,31,5,0,0,0,0,6,0,2191.307104599139,0,2025
2025-01-05 05:00:00,453,1,0,5,0,842.0,8348.0,6426.0,31,5,0,0,0,0,6,0,2200.934333548836,0,2025
2025-01-05 06:00:00,760,1,0,6,0,555.0,7996.0,6390.0,31,5,0,0,0,0,6,0,2213.6016076438905,0,2025
2025-01-05 07:00:00,1196,1,0,7,0,879.0,6786.0,6826.0,31,5,0,0,0,0,6,0,2221.3867868959696,0,2025
2025-01-05 08:00:00,1785,1,0,8,0,1490.0,5084.0,7069.0,31,5,0,0,0,0,6,0,2223.6135927615915,0,2025
2025-01-05 09:00:00,2788,1,0,9,0,2318.0,3738.0,6984.0,31,5,0,0,0,0,6,0,2220.1655594059102,0,2025
2025-01-05 10:00:00,3923,1,0,10,0,3697.0,2432.0,6472.0,31,5,0,0,0,0,6,0,2210.998893102614,0,2025
2025-01-05 11:00:00,4730,1,0,11,0,5284.0,1482.0,6144.0,31,5,0,0,0,0,6,0,2200.767716435199,0,2025
2025-01-05 12:00:00,5209,1,0,12,0,6454.0,842.0,5301.0,31,5,0,0,0,0,6,0,2193.146624659442,0,2025
2025-01-05 13:00:00,5523,1,0,13,0,7016.0,555.0,5555.0,31,5,0,0,0,0,6,0,2188.318482108336,0,2025
2025-01-05 14:00:00,5536,1,0,14,0,7653.0,879.0,5402.0,31,5,0,0,0,0,6,0,2185.744101402085,0,2025
2025-01-05 15:00:00,5840,1,0,15,0,7653.0,1490.0,4872.0,31,5,0,0,0,0,6,0,2183.181097992996,0,2025
2025-01-05 16:00:00,5890,1,0,16,0,8275.0,2318.0,3889.0,31,5,0,0,0,0,6,0,2183.0516589416998,0,2025
2025-01-05 17:00:00,5505,1,0,17,0,8171.0,3697.0,2823.0,31,5,0,0,0,0,6,0,2183.196964132466,0,2025
2025-01-05 18:00:00,4910,1,0,18,0,7634.0,5284.0,1836.0,31,5,0,0,0,0,6,0,2180.0762969346847,0,2025
2025-01-05 19:00:00,4068,1,0,19,0,6758.0,6454.0,1182.0,31,5,0,0,0,0,6,0,2173.3458770514912,0,2025
2025-01-05 20:00:00,3661,1,0,20,0,5704.0,7016.0,718.0,31,5,0,0,0,0,6,0,2164.107943126969,0,2025
2025-01-05 21:00:00,3234,1,0,21,0,5069.0,7653.0,453.0,31,5,0,0,0,0,6,0,2154.7690445331978,0,2025
2025-01-05 22:00:00,2381,1,0,22,0,4389.0,7653.0,760.0,31,5,0,0,0,0,6,0,2146.024821529943,0,2025
2025-01-05 23:00:00,1784,1,0,23,0,3156.0,8275.0,1196.0,31,5,0,0,0,0,6,0,2140.460130473516,0,2025
2025-01-06 00:00:00,1125,1,0,0,0,2321.0,8171.0,1785.0,31,6,0,0,0,0,0,0,2138.713576995706,0,2025
2025-01-06 01:00:00,480,1,0,1,0,1455.0,7634.0,2788.0,31,6,0,0,0,0,0,0,2142.5848388010336,0,2025
2025-01-06 02:00:00,253,1,0,2,0,590.0,6758.0,3923.0,31,6,0,0,0,0,0,0,2153.2456396134394,0,2025
2025-01-06 03:00:00,194,1,0,3,0,324.0,5704.0,4730.0,31,6,0,0,0,0,0,0,2166.1676472569984,0,2025
2025-01-06 04:00:00,215,1,0,4,0,240.0,5069.0,5209.0,31,6,0,0,0,0,0,0,2179.2025444206024,0,2025
2025-01-06 05:00:00,697,1,0,5,0,252.0,4389.0,5523.0,31,6,0,0,0,0,0,0,2191.3484602393896,0,2025
2025-01-06 06:00:00,1678,1,0,6,0,744.0,3156.0,5536.0,31,6,0,0,0,0,0,0,2197.497903511288,0,2025
2025-01-06 07:00:00,3606,1,0,7,0,1730.0,2321.0,5840.0,31,6,0,0,0,0,0,0,2195.0207666396345,0,2025
2025-01-06 08:00:00,4300,1,0,8,0,3765.0,1455.0,5890.0,31,6,0,0,0,0,0,0,2186.3721294273328,0,2025
2025-01-06 09:00:00,4161,1,0,9,0,4573.0,590.0,5505.0,31,6,0,0,0,0,0,0,2178.8675587705616,0,2025
2025-01-06 10:00:00,4322,1,0,10,0,4717.0,324.0,4910.0,31,6,0,0,0,0,0,0,2171.0962675664896,0,2025
2025-01-06 11:00:00,4519,1,0,11,0,5236.0,240.0,4068.0,31,6,0,0,0,0,0,0,2163.8043392767577,0,2025
2025-01-06 12:00:00,4793,1,0,12,0,5557.0,252.0,3661.0,31,6,0,0,0,0,0,0,2157.187462275274,0,2025
2025-01-06 13:00:00,4758,1,0,13,0,5991.0,744.0,3234.0,31,6,0,0,0,0,0,0,2151.6806480486493,0,2025
2025-01-06 14:00:00,4956,1,0,14,0,5786.0,1730.0,2381.0,31,6,0,0,0,0,0,0,2146.05563845231,0,2025
2025-01-06 15:00:00,5351,1,0,15,0,6245.0,3765.0,1784.0,31,6,0,0,0,0,0,0,2141.343143640697,0,2025
2025-01-06 16:00:00,5368,1,0,16,0,6766.0,4573.0,1125.0,31,6,0,0,0,0,0,0,2138.7751801537784,0,2025
2025-01-06 17:00:00,5907,1,0,17,0,6774.0,4717.0,480.0,31,6,0,0,0,0,0,0,2136.266453022254,0,2025
2025-01-06 18:00:00,5872,1,0,18,0,7137.0,5236.0,253.0,31,6,0,0,0,0,0,0,2137.423656629442,0,2025
2025-01-06 19:00:00,4777,1,0,19,0,7058.0,5557.0,194.0,31,6,0,0,0,0,0,0,2138.16916024796,0,2025
2025-01-06 20:00:00,4143,1,0,20,0,5789.0,5991.0,215.0,31,6,0,0,0,0,0,0,2132.6220487165897,0,2025
2025-01-06 21:00:00,4012,1,0,21,0,5186.0,5786.0,697.0,31,6,0,0,0,0,0,0,2125.397090760779,0,2025
2025-01-06 22:00:00,2830,1,0,22,0,4977.0,6245.0,1678.0,31,6,0,0,0,0,0,0,2118.06023148337,0,2025
2025-01-06 23:00:00,1809,1,0,23,0,3541.0,6766.0,3606.0,31,6,0,0,0,0,0,0,2111.7197208098805,0,2025
2025-01-07 00:00:00,1142,1,0,0,0,2247.0,6774.0,4300.0,31,7,0,0,0,0,1,0,2109.9109317362518,0,2025
2025-01-07 01:00:00,475,1,0,1,0,1459.0,7137.0,4161.0,31,7,0,0,0,0,1,0,2112.762064544729,0,2025
2025-01-07 02:00:00,266,1,0,2,0,587.0,7058.0,4322.0,31,7,0,0,0,0,1,0,2121.4960106140866,0,2025
2025-01-07 03:00:00,178,1,0,3,0,323.0,5789.0,4519.0,31,7,0,0,0,0,1,0,2132.014290775992,0,2025
2025-01-07 04:00:00,239,1,0,4,0,226.0,5186.0,4793.0,31,7,0,0,0,0,1,0,2143.033001739236,0,2025
2025-01-07 05:00:00,684,1,0,5,0,263.0,4977.0,4758.0,31,7,0,0,0,0,1,0,2152.970146464882,0,2025
2025-01-07 06:00:00,1806,1,0,6,0,756.0,3541.0,4956.0,31,7,0,0,0,0,1,0,2158.288331207486,0,2025
2025-01-07 07:00:00,4019,1,0,7,0,1794.0,2247.0,5351.0,31,7,0,0,0,0,1,0,2155.5577962309035,0,2025
2025-01-07 08:00:00,5391,1,0,8,0,3932.0,1459.0,5368.0,31,7,0,0,0,0,1,0,2148.8195171163434,0,2025
2025-01-07 09:00:00,5344,1,0,9,0,5515.0,587.0,5907.0,31,7,0,0,0,0,1,0,2147.164749654832,0,2025
2025-01-07 10:00:00,4905,1,0,10,0,5890.0,323.0,5872.0,31,7,0,0,0,0,1,0,2145.19707283117,0,2025
2025-01-07 11:00:00,5107,1,0,11,0,5625.0,226.0,4777.0,31,7,0,0,0,0,1,0,2141.077961123683,0,2025
2025-01-07 12:00:00,5449,1,0,12,0,6069.0,263.0,4143.0,31,7,0,0,0,0,1,0,2137.857563725692,0,2025
2025-01-07 13:00:00,5281,1,0,13,0,6455.0,756.0,4012.0,31,7,0,0,0,0,1,0,2136.3922654535127,0,2025
2025-01-07 14:00:00,5924,1,0,14,0,6319.0,1794.0,2830.0,31,7,0,0,0,0,1,0,2133.9773221193886,0,2025
2025-01-07 15:00:00,6593,1,0,15,0,7154.0,3932.0,1809.0,31,7,0,0,0,0,1,0,2135.3873166147714,0,2025
2025-01-07 16:00:00,6836,1,0,16,0,8191.0,5515.0,1142.0,31,7,0,0,0,0,1,0,2141.9025222312434,0,2025
2025-01-07 17:00:00,7574,1,0,17,0,8462.0,5890.0,475.0,31,7,0,0,0,0,1,0,2150.338846835813,0,2025
2025-01-07 18:00:00,8146,1,0,18,0,8926.0,5625.0,266.0,31,7,0,0,0,0,1,0,2165.998374125299,0,2025
2025-01-07 19:00:00,6341,1,0,19,0,8642.0,6069.0,178.0,31,7,0,0,0,0,1,0,2187.8507081781117,0,2025
2025-01-07 20:00:00,6179,1,0,20,0,7043.0,6455.0,239.0,31,7,0,0,0,0,1,0,2191.034405816051,0,2025
2025-01-07 21:00:00,6327,1,0,21,0,6638.0,6319.0,684.0,31,7,0,0,0,0,1,0,2192.9064910001307,0,2025
2025-01-07 22:00:00,4050,1,0,22,0,6761.0,7154.0,1806.0,31,7,0,0,0,0,1,0,2195.68600329046,0,2025
2025-01-07 23:00:00,2387,1,0,23,0,4462.0,8191.0,4019.0,31,7,0,0,0,0,1,0,2189.2086797919696,0,2025
2025-01-08 00:00:00,1188,1,0,0,0,2847.0,8462.0,5391.0,31,8,0,0,0,0,2,0,2185.0841914743023,0,2025
2025-01-08 01:00:00,412,1,0,1,0,1429.0,8926.0,5344.0,31,8,0,0,0,0,2,0,2187.240247557492,0,2025
2025-01-08 02:00:00,214,1,0,2,0,491.0,8642.0,4905.0,31,8,0,0,0,0,2,0,2195.3102652004004,0,2025
2025-01-08 03:00:00,190,1,0,3,0,250.0,7043.0,5107.0,31,8,0,0,0,0,2,0,2204.85863559512,0,2025
2025-01-08 04:00:00,225,1,0,4,0,250.0,6638.0,5449.0,31,8,0,0,0,0,2,0,2214.2892674585937,0,2025
2025-01-08 05:00:00,651,1,0,5,0,212.0,6761.0,5281.0,31,8,0,0,0,0,2,0,2223.0771874306038,0,2025
2025-01-08 06:00:00,1896,1,0,6,0,661.0,4462.0,5924.0,31,8,0,0,0,0,2,0,2228.0601492037567,0,2025
2025-01-08 07:00:00,4577,1,0,7,0,1572.0,2847.0,6593.0,31,8,0,0,0,0,2,0,2225.4033554504035,0,2025
2025-01-08 08:00:00,6203,1,0,8,0,3892.0,1429.0,6836.0,31,8,0,0,0,0,2,0,2220.2684844083924,0,2025
2025-01-08 09:00:00,5549,1,0,9,0,5470.0,491.0,7574.0,31,8,0,0,0,0,2,0,2222.572072333769,0,2025
2025-01-08 10:00:00,5163,1,0,10,0,5717.0,250.0,8146.0,31,8,0,0,0,0,2,0,2221.015670223056,0,2025
2025-01-08 11:00:00,5414,1,0,11,0,5861.0,250.0,6341.0,31,8,0,0,0,0,2,0,2217.7423947243856,0,2025
2025-01-08 12:00:00,5577,1,0,12,0,6224.0,212.0,6179.0,31,8,0,0,0,0,2,0,2215.508758628428,0,2025
2025-01-08 13:00:00,5936,1,0,13,0,6468.0,661.0,6327.0,31,8,0,0,0,0,2,0,2214.0068094940866,0,2025
2025-01-08 14:00:00,6448,1,0,14,0,6928.0,1572.0,4050.0,31,8,0,0,0,0,2,0,2214.341496172626,0,2025
2025-01-08 15:00:00,7229,1,0,15,0,7590.0,3892.0,2387.0,31,8,0,0,0,0,2,0,2217.7881652952838,0,2025
2025-01-08 16:00:00,7235,1,0,16,0,8714.0,5470.0,1188.0,31,8,0,0,0,0,2,0,2227.10999735895,0,2025
2025-01-08 17:00:00,9215,1,0,17,0,8633.0,5717.0,412.0,31,8,0,0,0,0,2,0,2236.17923602222,0,2025
2025-01-08 18:00:00,9928,1,0,18,0,10099.0,5861.0,214.0,31,8,0,0,0,0,2,0,2266.205479534511,0,2025
2025-01-08 19:00:00,7408,1,0,19,0,10278.0,6224.0,190.0,31,8,0,0,0,0,2,0,2304.7947118543148,0,2025
2025-01-08 20:00:00,6942,1,0,20,0,8092.0,6468.0,225.0,31,8,0,0,0,0,2,0,2313.764840821586,0,2025
2025-01-08 21:00:00,7757,1,0,21,0,7452.0,6928.0,651.0,31,8,0,0,0,0,2,0,2318.8654908468325,0,2025
2025-01-08 22:00:00,5780,1,0,22,0,7911.0,7590.0,1896.0,31,8,0,0,0,0,2,0,2330.288911755976,0,2025
2025-01-08 23:00:00,2760,1,0,23,0,5790.0,8714.0,4577.0,31,8,0,0,0,0,2,0,2328.37860709968,0,2025
2025-01-09 00:00:00,1361,1,0,0,0,3012.0,8633.0,6203.0,31,9,0,0,0,0,3,0,2323.610563739053,0,2025
2025-01-09 01:00:00,580,1,0,1,0,1582.0,10099.0,5549.0,31,9,0,0,0,0,3,0,2324.442354685258,0,2025
2025-01-09 02:00:00,323,1,0,2,0,692.0,10278.0,5163.0,31,9,0,0,0,0,3,0,2330.145074309924,0,2025
2025-01-09 03:00:00,287,1,0,3,0,383.0,8092.0,5414.0,31,9,0,0,0,0,3,0,2337.553898533415,0,2025
2025-01-09 04:00:00,326,1,0,4,0,407.0,7452.0,5577.0,31,9,0,0,0,0,3,0,2345.0018520029857,0,2025
2025-01-09 05:00:00,692,1,0,5,0,328.0,7911.0,5936.0,31,9,0,0,0,0,3,0,2351.923174339333,0,2025
2025-01-09 06:00:00,1912,1,0,6,0,649.0,5790.0,6448.0,31,9,0,0,0,0,3,0,2356.073899496628,0,2025
2025-01-09 07:00:00,4477,1,0,7,0,1739.0,3012.0,7229.0,31,9,0,0,0,0,3,0,2353.714444146642,0,2025
2025-01-09 08:00:00,6142,1,0,8,0,4018.0,1582.0,7235.0,31,9,0,0,0,0,3,0,2348.374728878715,0,2025
2025-01-09 09:00:00,5737,1,0,9,0,5429.0,692.0,9215.0,31,9,0,0,0,0,3,0,2348.6071571268494,0,2025
2025-01-09 10:00:00,5420,1,0,10,0,5880.0,383.0,9928.0,31,9,0,0,0,0,3,0,2346.910433496144,0,2025
2025-01-09 11:00:00,5423,1,0,11,0,6140.0,407.0,7408.0,31,9,0,0,0,0,3,0,2343.979653611336,0,2025
2025-01-09 12:00:00,6010,1,0,12,0,6234.0,328.0,6942.0,31,9,0,0,0,0,3,0,2341.0563293886817,0,2025
2025-01-09 13:00:00,6076,1,0,13,0,7026.0,649.0,7757.0,31,9,0,0,0,0,3,0,2340.5011165692445,0,2025
2025-01-09 14:00:00,6797,1,0,14,0,7196.0,1739.0,5780.0,31,9,0,0,0,0,3,0,2340.2094938109785,0,2025
2025-01-09 15:00:00,7498,1,0,15,0,8031.0,4018.0,2760.0,31,9,0,0,0,0,3,0,2343.78755572556,0,2025
2025-01-09 16:00:00,7408,1,0,16,0,8930.0,5429.0,1361.0,31,9,0,0,0,0,3,0,2352.015762439179,0,2025
2025-01-09 17:00:00,9389,1,0,17,0,8690.0,5880.0,580.0,31,9,0,0,0,0,3,0,2359.344598903016,0,2025
2025-01-09 18:00:00,10100,1,0,18,0,10250.0,6140.0,323.0,31,9,0,0,0,0,3,0,2384.517658711551,0,2025
2025-01-09 19:00:00,7649,1,0,19,0,10421.0,6234.0,287.0,31,9,0,0,0,0,3,0,2417.0991475059186,0,2025
2025-01-09 20:00:00,6858,1,0,20,0,8393.0,7026.0,326.0,31,9,0,0,0,0,3,0,2425.023375569866,0,2025
2025-01-09 21:00:00,7706,1,0,21,0,7772.0,7196.0,692.0,31,9,0,0,0,0,3,0,2427.6332243418533,0,2025
2025-01-09 22:00:00,5977,1,0,22,0,8561.0,8031.0,1912.0,31,9,0,0,0,0,3,0,2435.5848781143727,0,2025
2025-01-09 23:00:00,5137,1,0,23,0,6015.0,8930.0,4477.0,31,9,0,0,0,0,3,0,2433.7944516459106,0,2025
2025-01-10 00:00:00,2210,1,0,0,0,4890.0,8690.0,6142.0,31,10,0,0,0,0,4,0,2429.436613758695,0,2025
2025-01-10 01:00:00,1218,1,0,1,0,2486.0,10250.0,5737.0,31,10,0,0,0,0,4,0,2426.751280760728,0,2025
2025-01-10 02:00:00,588,1,0,2,0,1475.0,10421.0,5420.0,31,10,0,0,0,0,4,0,2428.278053845941,0,2025
2025-01-10 03:00:00,345,1,0,3,0,726.0,8393.0,5423.0,31,10,0,0,0,0,4,0,2433.3299854445872,0,2025
2025-01-10 04:00:00,343,1,0,4,0,401.0,7772.0,6010.0,31,10,0,0,0,0,4,0,2439.8002431859168,0,2025
2025-01-10 05:00:00,767,1,0,5,0,324.0,8561.0,6076.0,31,10,0,0,0,0,4,0,2446.100176767917,0,2025
2025-01-10 06:00:00,1772,1,0,6,0,699.0,6015.0,6797.0,31,10,0,0,0,0,4,0,2449.613138583062,0,2025
2025-01-10 07:00:00,3976,1,0,7,0,1500.0,4890.0,7498.0,31,10,0,0,0,0,4,0,2448.193556254528,0,2025
2025-01-10 08:00:00,4932,1,0,8,0,3455.0,2486.0,7408.0,31,10,0,0,0,0,4,0,2442.70686296691,0,2025
2025-01-10 09:00:00,4543,1,0,9,0,4606.0,1475.0,9389.0,31,10,0,0,0,0,4,0,2438.2593080665174,0,2025
2025-01-10 10:00:00,4743,1,0,10,0,4919.0,726.0,10100.0,31,10,0,0,0,0,4,0,2433.230350643365,0,2025
2025-01-10 11:00:00,5042,1,0,11,0,5510.0,401.0,7649.0,31,10,0,0,0,0,4,0,2428.5066263955296,0,2025
2025-01-10 12:00:00,5472,1,0,12,0,5881.0,324.0,6858.0,31,10,0,0,0,0,4,0,2424.351822833881,0,2025
2025-01-10 13:00:00,5785,1,0,13,0,6351.0,699.0,7706.0,31,10,0,0,0,0,4,0,2421.272222766572,0,2025
2025-01-10 14:00:00,6232,1,0,14,0,6866.0,1500.0,5977.0,31,10,0,0,0,0,4,0,2419.1675257920792,0,2025
2025-01-10 15:00:00,6821,1,0,15,0,7390.0,3455.0,5137.0,31,10,0,0,0,0,4,0,2418.730993425737,0,2025
2025-01-10 16:00:00,6769,1,0,16,0,8048.0,4606.0,2210.0,31,10,0,0,0,0,4,0,2420.991186055548,0,2025
2025-01-10 17:00:00,8079,1,0,17,0,8142.0,4919.0,1218.0,31,10,0,0,0,0,4,0,2422.902245813986,0,2025
2025-01-10 18:00:00,8867,1,0,18,0,9190.0,5510.0,588.0,31,10,0,0,0,0,4,0,2432.753762615641,0,2025
2025-01-10 19:00:00,7429,1,0,19,0,9472.0,5881.0,345.0,31,10,0,0,0,0,4,0,2448.5395863548,0,2025
2025-01-10 20:00:00,5970,1,0,20,0,8331.0,6351.0,343.0,31,10,0,0,0,0,4,0,2453.595941734071,0,2025
2025-01-10 21:00:00,6177,1,0,21,0,7498.0,6866.0,767.0,31,10,0,0,0,0,4,0,2451.739906827137,0,2025
2025-01-10 22:00:00,6251,1,0,22,0,8115.0,7390.0,1772.0,31,10,0,0,0,0,4,0,2450.603825338772,0,2025
2025-01-10 23:00:00,7163,1,0,23,0,8148.0,8048.0,3976.0,31,10,0,0,0,0,4,0,2449.720967556963,0,2025
2025-01-11 00:00:00,6127,1,0,0,0,7160.0,8142.0,4932.0,31,11,0,0,0,0,5,0,2452.9680551284137,0,2025
2025-01-11 01:00:00,4747,1,0,1,0,5721.0,9190.0,4543.0,31,11,0,0,0,0,5,0,2451.5479034672085,0,2025
2025-01-11 02:00:00,3165,1,0,2,0,4366.0,9472.0,4743.0,31,11,0,0,0,0,5,0,2446.8704837072155,0,2025
2025-01-11 03:00:00,1892,1,0,3,0,3057.0,8331.0,5042.0,31,11,0,0,0,0,5,0,2442.469123902188,0,2025
2025-01-11 04:00:00,1000,1,0,4,0,2059.0,7498.0,5472.0,31,11,0,0,0,0,5,0,2441.33588820644,0,2025
2025-01-11 05:00:00,489,1,0,5,0,994.0,8115.0,5785.0,31,11,0,0,0,0,5,0,2444.042813058772,0,2025
2025-01-11 06:00:00,847,1,0,6,0,474.0,8148.0,6232.0,31,11,0,0,0,0,5,0,2449.445793105697,0,2025
2025-01-11 07:00:00,1378,1,0,7,0,795.0,7160.0,6821.0,31,11,0,0,0,0,5,0,2452.735284693711,0,2025
2025-01-11 08:00:00,2175,1,0,8,0,1445.0,5721.0,6769.0,31,11,0,0,0,0,5,0,2453.4109490867204,0,2025
2025-01-11 09:00:00,3258,1,0,9,0,2440.0,4366.0,8079.0,31,11,0,0,0,0,5,0,2451.1509623293814,0,2025
2025-01-11 10:00:00,4202,1,0,10,0,3847.0,3057.0,8867.0,31,11,0,0,0,0,5,0,2446.649908270195,0,2025
2025-01-11 11:00:00,5041,1,0,11,0,5211.0,2059.0,7429.0,31,11,0,0,0,0,5,0,2441.7930485184093,0,2025
2025-01-11 12:00:00,5826,1,0,12,0,6348.0,994.0,5970.0,31,11,0,0,0,0,5,0,2437.844283173965,0,2025
2025-01-11 13:00:00,6437,1,0,13,0,7292.0,474.0,6177.0,31,11,0,0,0,0,5,0,2435.7629487711206,0,2025
2025-01-11 14:00:00,6087,1,0,14,0,8104.0,795.0,6251.0,31,11,0,0,0,0,5,0,2435.7911535658154,0,2025
2025-01-11 15:00:00,6826,1,0,15,0,7798.0,1445.0,7163.0,31,11,0,0,0,0,5,0,2434.505745972491,0,2025
2025-01-11 16:00:00,7728,1,0,16,0,8967.0,2440.0,6127.0,31,11,0,0,0,0,5,0,2436.1065931796443,0,2025
2025-01-11 17:00:00,7957,1,0,17,0,10099.0,3847.0,4747.0,31,11,0,0,0,0,5,0,2442.332172870308,0,2025
2025-01-11 18:00:00,8372,1,0,18,0,9946.0,5211.0,3165.0,31,11,0,0,0,0,5,0,2449.790002520705,0,2025
2025-01-11 19:00:00,8118,1,0,19,0,9889.0,6348.0,1892.0,31,11,0,0,0,0,5,0,2459.7573606239243,0,2025
2025-01-11 20:00:00,6580,1,0,20,0,9582.0,7292.0,1000.0,31,11,0,0,0,0,5,0,2467.8416234661468,0,2025
2025-01-11 21:00:00,6941,1,0,21,0,8326.0,8104.0,489.0,31,11,0,0,0,0,5,0,2467.947228912706,0,2025
2025-01-11 22:00:00,7647,1,0,22,0,9060.0,7798.0,847.0,31,11,0,0,0,0,5,0,2469.5057918450493,0,2025
2025-01-11 23:00:00,9126,1,0,23,0,9139.0,8967.0,1378.0,31,11,0,0,0,0,5,0,2474.470770000838,0,2025
2025-01-12 00:00:00,7636,1,0,0,0,8426.0,10099.0,2175.0,31,12,0,0,0,0,6,0,2488.9508066133203,0,2025
2025-01-12 01:00:00,5941,1,0,1,0,6571.0,9946.0,3258.0,31,12,0,0,0,0,6,0,2493.534975224951,0,2025
2025-01-12 02:00:00,4096,1,0,2,0,5309.0,9889.0,4202.0,31,12,0,0,0,0,6,0,2491.257446728797,0,2025
2025-01-12 03:00:00,2317,1,0,3,0,3874.0,9582.0,5041.0,31,12,0,0,0,0,6,0,2486.5726655246485,0,2025
2025-01-12 04:00:00,1372,1,0,4,0,2382.0,8326.0,5826.0,31,12,0,0,0,0,6,0,2484.443717163378,0,2025
2025-01-12 05:00:00,597,1,0,5,0,1202.0,9060.0,6437.0,31,12,0,0,0,0,6,0,2485.5649283769685,0,2025
2025-01-12 06:00:00,948,1,0,6,0,571.0,9139.0,6087.0,31,12,0,0,0,0,6,0,2490.2695538833154,0,2025
2025-01-12 07:00:00,1404,1,0,7,0,768.0,8426.0,6826.0,31,12,0,0,0,0,6,0,2493.122480247814,0,2025
2025-01-12 08:00:00,2268,1,0,8,0,1386.0,6571.0,7728.0,31,12,0,0,0,0,6,0,2493.9245247746394,0,2025
2025-01-12 09:00:00,3310,1,0,9,0,2398.0,5309.0,7957.0,31,12,0,0,0,0,6,0,2491.806143852972,0,2025
2025-01-12 10:00:00,4298,1,0,10,0,3649.0,3874.0,8372.0,31,12,0,0,0,0,6,0,2487.689234100973,0,2025
2025-01-12 11:00:00,5177,1,0,11,0,4839.0,2382.0,8118.0,31,12,0,0,0,0,6,0,2483.176809146116,0,2025
2025-01-12 12:00:00,6107,1,0,12,0,6083.0,1202.0,6580.0,31,12,0,0,0,0,6,0,2479.518110867757,0,2025
2025-01-12 13:00:00,6291,1,0,13,0,7201.0,571.0,6941.0,31,12,0,0,0,0,6,0,2477.970053927184,0,2025
2025-01-12 14:00:00,6371,1,0,14,0,7518.0,768.0,7647.0,31,12,0,0,0,0,6,0,2476.971172448542,0,2025
2025-01-12 15:00:00,6094,1,0,15,0,7671.0,1386.0,9126.0,31,12,0,0,0,0,6,0,2476.211321172729,0,2025
2025-01-12 16:00:00,6360,1,0,16,0,7531.0,2398.0,7636.0,31,12,0,0,0,0,6,0,2474.5856412856974,0,2025
2025-01-12 17:00:00,6665,1,0,17,0,7730.0,3649.0,5941.0,31,12,0,0,0,0,6,0,2473.754576782325,0,2025
2025-01-12 18:00:00,6278,1,0,18,0,7730.0,4839.0,4096.0,31,12,0,0,0,0,6,0,2473.9437651701583,0,2025
2025-01-12 19:00:00,4957,1,0,19,0,7185.0,6083.0,2317.0,31,12,0,0,0,0,6,0,2472.8119913573405,0,2025
2025-01-12 20:00:00,4549,1,0,20,0,6040.0,7201.0,1372.0,31,12,0,0,0,0,6,0,2468.9028771726444,0,2025
2025-01-12 21:00:00,4084,1,0,21,0,5432.0,7518.0,597.0,31,12,0,0,0,0,6,0,2464.6637250572435,0,2025
2025-01-12 22:00:00,3231,1,0,22,0,4892.0,7671.0,948.0,31,12,0,0,0,0,6,0,2460.339525373047,0,2025
2025-01-12 23:00:00,2159,1,0,23,0,3796.0,7531.0,1404.0,31,12,0,0,0,0,6,0,2456.63954501792,0,2025
2025-01-13 00:00:00,1136,1,0,0,0,2478.0,7730.0,2268.0,31,13,0,0,0,0,0,0,2455.164686435877,0,2025
2025-01-13 01:00:00,539,1,0,1,0,1254.0,7730.0,3310.0,31,13,0,0,0,0,0,0,2457.279484631359,0,2025
2025-01-13 02:00:00,291,1,0,2,0,616.0,7185.0,4298.0,31,13,0,0,0,0,0,0,2462.0920075458766,0,2025
2025-01-13 03:00:00,197,1,0,3,0,320.0,6040.0,5177.0,31,13,0,0,0,0,0,0,2468.080442364996,0,2025
2025-01-13 04:00:00,343,1,0,4,0,239.0,5432.0,6107.0,31,13,0,0,0,0,0,0,2474.4466242129183,0,2025
2025-01-13 05:00:00,798,1,0,5,0,301.0,4892.0,6291.0,31,13,0,0,0,0,0,0,2479.912716336793,0,2025
2025-01-13 06:00:00,2093,1,0,6,0,673.0,3796.0,6371.0,31,13,0,0,0,0,0,0,2483.0762139074204,0,2025
2025-01-13 07:00:00,4388,1,0,7,0,1724.0,2478.0,6094.0,31,13,0,0,0,0,0,0,2481.52387026868,0,2025
2025-01-13 08:00:00,6093,1,0,8,0,3741.0,1254.0,6360.0,31,13,0,0,0,0,0,0,2477.3857018462672,0,2025
2025-01-13 09:00:00,5247,1,0,9,0,5463.0,616.0,6665.0,31,13,0,0,0,0,0,0,2475.993843598216,0,2025
2025-01-13 10:00:00,4832,1,0,10,0,5359.0,320.0,6278.0,31,13,0,0,0,0,0,0,2472.758361844822,0,2025
2025-01-13 11:00:00,4860,1,0,11,0,5553.0,239.0,4957.0,31,13,0,0,0,0,0,0,2468.992751876129,0,2025
2025-01-13 12:00:00,5149,1,0,12,0,5659.0,301.0,4549.0,31,13,0,0,0,0,0,0,2465.273105785493,0,2025
2025-01-13 13:00:00,5757,1,0,13,0,5966.0,673.0,4084.0,31,13,0,0,0,0,0,0,2461.929963802112,0,2025
2025-01-13 14:00:00,6136,1,0,14,0,6681.0,1724.0,3231.0,31,13,0,0,0,0,0,0,2459.719395645246,0,2025
2025-01-13 15:00:00,6761,1,0,15,0,7174.0,3741.0,2159.0,31,13,0,0,0,0,0,0,2458.4535762996497,0,2025
2025-01-13 16:00:00,6640,1,0,16,0,7827.0,5463.0,1136.0,31,13,0,0,0,0,0,0,2459.1435160520464,0,2025
2025-01-13 17:00:00,7752,1,0,17,0,7570.0,5359.0,539.0,31,13,0,0,0,0,0,0,2459.379243489887,0,2025
2025-01-13 18:00:00,7742,1,0,18,0,8345.0,5553.0,291.0,31,13,0,0,0,0,0,0,2464.1343803956847,0,2025
2025-01-13 19:00:00,6043,1,0,19,0,8134.0,5659.0,197.0,31,13,0,0,0,0,0,0,2468.7447280264,0,2025
2025-01-13 20:00:00,5604,1,0,20,0,6877.0,5966.0,343.0,31,13,0,0,0,0,0,0,2467.109716667642,0,2025
2025-01-13 21:00:00,5599,1,0,21,0,6246.0,6681.0,798.0,31,13,0,0,0,0,0,0,2464.5009607679253,0,2025
2025-01-13 22:00:00,4327,1,0,22,0,5844.0,7174.0,2093.0,31,13,0,0,0,0,0,0,2461.887828904212,0,2025
2025-01-13 23:00:00,2165,1,0,23,0,4562.0,7827.0,4388.0,31,13,0,0,0,0,0,0,2457.93349952397,0,2025
2025-01-14 00:00:00,1029,1,0,0,0,2375.0,7570.0,6093.0,31,14,0,0,0,0,1,0,2456.5612657284983,0,2025
2025-01-14 01:00:00,481,1,0,1,0,1179.0,8345.0,5247.0,31,14,0,0,0,0,1,0,2458.9484584720635,0,2025
2025-01-14 02:00:00,294,1,0,2,0,550.0,8134.0,4832.0,31,14,0,0,0,0,1,0,2463.675522863764,0,2025
2025-01-14 03:00:00,210,1,0,3,0,310.0,6877.0,4860.0,31,14,0,0,0,0,1,0,2469.207937239564,0,2025
2025-01-14 04:00:00,300,1,0,4,0,217.0,6246.0,5149.0,31,14,0,0,0,0,1,0,2475.04836493965,0,2025
2025-01-14 05:00:00,737,1,0,5,0,276.0,5844.0,5757.0,31,14,0,0,0,0,1,0,2480.3368022503582,0,2025
2025-01-14 06:00:00,2044,1,0,6,0,708.0,4562.0,6136.0,31,14,0,0,0,0,1,0,2483.547990547375,0,2025
2025-01-14 07:00:00,4587,1,0,7,0,1702.0,2375.0,6761.0,31,14,0,0,0,0,1,0,2482.2566070000908,0,2025
2025-01-14 08:00:00,6506,1,0,8,0,4180.0,1179.0,6640.0,31,14,0,0,0,0,1,0,2478.529591836208,0,2025
2025-01-14 09:00:00,6150,1,0,9,0,5751.0,550.0,7752.0,31,14,0,0,0,0,1,0,2478.3728516357414,0,2025
2025-01-14 10:00:00,5653,1,0,10,0,6103.0,310.0,7742.0,31,14,0,0,0,0,1,0,2477.191829964852,0,2025
2025-01-14 11:00:00,5797,1,0,11,0,6351.0,217.0,6043.0,31,14,0,0,0,0,1,0,2474.8739993725776,0,2025
2025-01-14 12:00:00,6260,1,0,12,0,6514.0,276.0,5604.0,31,14,0,0,0,0,1,0,2472.8522371351887,0,2025
2025-01-14 13:00:00,6372,1,0,13,0,7150.0,708.0,5599.0,31,14,0,0,0,0,1,0,2471.942756016377,0,2025
2025-01-14 14:00:00,6943,1,0,14,0,7408.0,1702.0,4327.0,31,14,0,0,0,0,1,0,2471.328121222793,0,2025
2025-01-14 15:00:00,7615,1,0,15,0,7822.0,4180.0,2165.0,31,14,0,0,0,0,1,0,2472.4960033033626,0,2025
2025-01-14 16:00:00,7959,1,0,16,0,8617.0,5751.0,1029.0,31,14,0,0,0,0,1,0,2476.2405486810294,0,2025
2025-01-14 17:00:00,9618,1,0,17,0,9019.0,6103.0,481.0,31,14,0,0,0,0,1,0,2481.4519998238447,0,2025
2025-01-14 18:00:00,9966,1,0,18,0,9820.0,6351.0,294.0,31,14,0,0,0,0,1,0,2495.941311846495,0,2025
2025-01-14 19:00:00,7770,1,0,19,0,9879.0,6514.0,210.0,31,14,0,0,0,0,1,0,2512.5089313166604,0,2025
2025-01-14 20:00:00,7762,1,0,20,0,8101.0,7150.0,300.0,31,14,0,0,0,0,1,0,2516.4481055056226,0,2025
2025-01-14 21:00:00,8757,1,0,21,0,7942.0,7408.0,737.0,31,14,0,0,0,0,1,0,2520.277153637674,0,2025
2025-01-14 22:00:00,6147,1,0,22,0,8139.0,7822.0,2044.0,31,14,0,0,0,0,1,0,2528.82039633211,0,2025
2025-01-14 23:00:00,2778,1,0,23,0,5723.0,8617.0,4587.0,31,14,0,0,0,0,1,0,2527.243354945942,0,2025
2025-01-15 00:00:00,1271,1,0,0,0,2951.0,9019.0,6506.0,31,15,0,0,0,0,2,0,2524.691233959142,0,2025
2025-01-15 01:00:00,496,1,0,1,0,1362.0,9820.0,6150.0,31,15,0,0,0,0,2,0,2526.023240901728,0,2025
2025-01-15 02:00:00,274,1,0,2,0,558.0,9879.0,5653.0,31,15,0,0,0,0,2,0,2530.3283644868093,0,2025
2025-01-15 03:00:00,215,1,0,3,0,306.0,8101.0,5797.0,31,15,0,0,0,0,2,0,2535.5375290124434,0,2025
2025-01-15 04:00:00,320,1,0,4,0,233.0,7942.0,6260.0,31,15,0,0,0,0,2,0,2540.9220121518065,0,2025
2025-01-15 05:00:00,779,1,0,5,0,258.0,8139.0,6372.0,31,15,0,0,0,0,2,0,2545.73828200161,0,2025
2025-01-15 06:00:00,2193,1,0,6,0,725.0,5723.0,6943.0,31,15,0,0,0,0,2,0,2548.5671693794966,0,2025
2025-01-15 07:00:00,5160,1,0,7,0,1751.0,2951.0,7615.0,31,15,0,0,0,0,2,0,2547.0306745847884,0,2025
2025-01-15 08:00:00,7129,1,0,8,0,4106.0,1362.0,7959.0,31,15,0,0,0,0,2,0,2543.904944310186,0,2025
2025-01-15 09:00:00,6340,1,0,9,0,5853.0,558.0,9618.0,31,15,0,0,0,0,2,0,2545.2731798129835,0,2025
2025-01-15 10:00:00,5742,1,0,10,0,6168.0,306.0,9966.0,31,15,0,0,0,0,2,0,2544.293274824465,0,2025
2025-01-15 11:00:00,5819,1,0,11,0,6364.0,233.0,7770.0,31,15,0,0,0,0,2,0,2542.0294918953127,0,2025
2025-01-15 12:00:00,6312,1,0,12,0,6654.0,258.0,7762.0,31,15,0,0,0,0,2,0,2539.909249440947,0,2025
2025-01-15 13:00:00,6405,1,0,13,0,7181.0,725.0,8757.0,31,15,0,0,0,0,2,0,2538.8447943503925,0,2025
2025-01-15 14:00:00,7095,1,0,14,0,7355.0,1751.0,6147.0,31,15,0,0,0,0,2,0,2537.999618970498,0,2025
2025-01-15 15:00:00,7696,1,0,15,0,8063.0,4106.0,2778.0,31,15,0,0,0,0,2,0,2539.130729743332,0,2025
2025-01-15 16:00:00,7575,1,0,16,0,8752.0,5853.0,1271.0,31,15,0,0,0,0,2,0,2542.3802459651497,0,2025
2025-01-15 17:00:00,9463,1,0,17,0,8786.0,6168.0,496.0,31,15,0,0,0,0,2,0,2545.1060915614084,0,2025
2025-01-15 18:00:00,10198,1,0,18,0,9996.0,6364.0,274.0,31,15,0,0,0,0,2,0,2556.779030687552,0,2025
2025-01-15 19:00:00,8308,1,0,19,0,10406.0,6654.0,215.0,31,15,0,0,0,0,2,0,2572.762091440199,0,2025
2025-01-15 20:00:00,8209,1,0,20,0,8814.0,7181.0,320.0,31,15,0,0,0,0,2,0,2578.152773449888,0,2025
2025-01-15 21:00:00,8672,1,0,21,0,8368.0,7355.0,779.0,31,15,0,0,0,0,2,0,2583.022016514037,0,2025
2025-01-15 22:00:00,6577,1,0,22,0,8252.0,8063.0,2193.0,31,15,0,0,0,0,2,0,2589.893341553858,0,2025
2025-01-15 23:00:00,3111,1,0,23,0,6090.0,8752.0,5160.0,31,15,0,0,0,0,2,0,2589.1184156501586,0,2025
2025-01-16 00:00:00,1675,1,0,0,0,3307.0,8786.0,7129.0,31,16,0,0,0,0,3,0,2586.2493892800694,0,2025
2025-01-16 01:00:00,706,1,0,1,0,1945.0,9996.0,6340.0,31,16,0,0,0,0,3,0,2586.294707361707,0,2025
2025-01-16 02:00:00,433,1,0,2,0,800.0,10406.0,5742.0,31,16,0,0,0,0,3,0,2589.509038646633,0,2025
2025-01-16 03:00:00,245,1,0,3,0,469.0,8814.0,5819.0,31,16,0,0,0,0,3,0,2593.7358712888445,0,2025
2025-01-16 04:00:00,369,1,0,4,0,265.0,8368.0,6312.0,31,16,0,0,0,0,3,0,2598.66807635708,0,2025
2025-01-16 05:00:00,814,1,0,5,0,335.0,8252.0,6405.0,31,16,0,0,0,0,3,0,2603.0040089742683,0,2025
2025-01-16 06:00:00,2319,1,0,6,0,652.0,6090.0,7095.0,31,16,0,0,0,0,3,0,2605.567904918475,0,2025
2025-01-16 07:00:00,4889,1,0,7,0,1824.0,3307.0,7696.0,31,16,0,0,0,0,3,0,2603.9024743200093,0,2025
2025-01-16 08:00:00,6677,1,0,8,0,4018.0,1945.0,7575.0,31,16,0,0,0,0,3,0,2600.588204379796,0,2025
2025-01-16 09:00:00,5928,1,0,9,0,5568.0,800.0,9463.0,31,16,0,0,0,0,3,0,2600.202337226487,0,2025
2025-01-16 10:00:00,5553,1,0,10,0,6052.0,469.0,10198.0,31,16,0,0,0,0,3,0,2598.184040001854,0,2025
2025-01-16 11:00:00,5766,1,0,11,0,6218.0,265.0,8308.0,31,16,0,0,0,0,3,0,2595.578997531215,0,2025
2025-01-16 12:00:00,6161,1,0,12,0,6608.0,335.0,8209.0,31,16,0,0,0,0,3,0,2593.295287374551,0,2025
2025-01-16 13:00:00,6575,1,0,13,0,7129.0,652.0,8672.0,31,16,0,0,0,0,3,0,2591.7204387040742,0,2025
2025-01-16 14:00:00,7195,1,0,14,0,7674.0,1824.0,6577.0,31,16,0,0,0,0,3,0,2591.0507673644297,0,2025
2025-01-16 15:00:00,7618,1,0,15,0,8316.0,4018.0,3111.0,31,16,0,0,0,0,3,0,2592.0511690747167,0,2025
2025-01-16 16:00:00,8205,1,0,16,0,8698.0,5568.0,1675.0,31,16,0,0,0,0,3,0,2594.388101852817,0,2025
2025-01-16 17:00:00,11577,1,0,17,0,9054.0,6052.0,706.0,31,16,0,0,0,0,3,0,2598.864744764681,0,2025
2025-01-16 18:00:00,13288,1,0,18,0,10974.0,6218.0,433.0,31,16,0,0,0,0,3,0,2622.436129612708,0,2025
2025-01-16 19:00:00,10343,1,0,19,0,11699.0,6608.0,245.0,31,16,0,0,0,0,3,0,2659.3825327903687,0,2025
2025-01-16 20:00:00,9372,1,0,20,0,9532.0,7129.0,369.0,31,16,0,0,0,0,3,0,2673.7850327700385,0,2025
2025-01-16 21:00:00,9469,1,0,21,0,10432.0,7674.0,814.0,31,16,0,0,0,0,3,0,2682.7015604703547,0,2025
2025-01-16 22:00:00,8554,1,0,22,0,8887.0,8316.0,2319.0,31,16,0,0,0,0,3,0,2691.955834978862,0,2025
2025-01-16 23:00:00,4980,1,0,23,0,7687.0,8698.0,4889.0,31,16,0,0,0,0,3,0,2696.948743958286,0,2025
2025-01-17 00:00:00,2597,1,0,0,0,4611.0,9054.0,6677.0,31,17,0,0,0,0,4,0,2693.60361748106,0,2025
2025-01-17 01:00:00,1223,1,0,1,0,2650.0,10974.0,5928.0,31,17,0,0,0,0,4,0,2691.619405234064,0,2025
2025-01-17 02:00:00,626,1,0,2,0,1409.0,11699.0,5553.0,31,17,0,0,0,0,4,0,2692.8900845902613,0,2025
2025-01-17 03:00:00,517,1,0,3,0,755.0,9532.0,5766.0,31,17,0,0,0,0,4,0,2696.096609824948,0,2025
2025-01-17 04:00:00,583,1,0,4,0,568.0,10432.0,6161.0,31,17,0,0,0,0,4,0,2699.641904996817,0,2025
2025-01-17 05:00:00,1054,1,0,5,0,428.0,8887.0,6575.0,31,17,0,0,0,0,4,0,2702.890299376488,0,2025
2025-01-17 06:00:00,2184,1,0,6,0,758.0,7687.0,7195.0,31,17,0,0,0,0,4,0,2704.514937620961,0,2025
2025-01-17 07:00:00,4329,1,0,7,0,1465.0,4611.0,7618.0,31,17,0,0,0,0,4,0,2703.213473669528,0,2025
2025-01-17 08:00:00,5374,1,0,8,0,3351.0,2650.0,8205.0,31,17,0,0,0,0,4,0,2699.754513837298,0,2025
2025-01-17 09:00:00,4858,1,0,9,0,4853.0,1409.0,11577.0,31,17,0,0,0,0,4,0,2696.8339330909344,0,2025
2025-01-17 10:00:00,5016,1,0,10,0,5247.0,755.0,13288.0,31,17,0,0,0,0,4,0,2693.53620544998,0,2025
2025-01-17 11:00:00,5198,1,0,11,0,5747.0,568.0,10343.0,31,17,0,0,0,0,4,0,2690.341811962392,0,2025
2025-01-17 12:00:00,5648,1,0,12,0,5973.0,428.0,9372.0,31,17,0,0,0,0,4,0,2687.292472185304,0,2025
2025-01-17 13:00:00,5986,1,0,13,0,6491.0,758.0,9469.0,31,17,0,0,0,0,4,0,2684.7160877472256,0,2025
2025-01-17 14:00:00,7117,1,0,14,0,6802.0,1465.0,8554.0,31,17,0,0,0,0,4,0,2682.616815358678,0,2025
2025-01-17 15:00:00,7679,1,0,15,0,7972.0,3351.0,4980.0,31,17,0,0,0,0,4,0,2682.863495490232,0,2025
2025-01-17 16:00:00,7575,1,0,16,0,8443.0,4853.0,2597.0,31,17,0,0,0,0,4,0,2684.6909822676844,0,2025
2025-01-17 17:00:00,9164,1,0,17,0,8322.0,5247.0,1223.0,31,17,0,0,0,0,4,0,2686.1659101905498,0,2025
2025-01-17 18:00:00,10334,1,0,18,0,9324.0,5747.0,626.0,31,17,0,0,0,0,4,0,2693.5023705458707,0,2025
2025-01-17 19:00:00,8099,1,0,19,0,9855.0,5973.0,517.0,31,17,0,0,0,0,4,0,2706.5062750834395,0,2025
2025-01-17 20:00:00,5937,1,0,20,0,8295.0,6491.0,583.0,31,17,0,0,0,0,4,0,2709.4558007702926,0,2025
2025-01-17 21:00:00,6212,1,0,21,0,6914.0,6802.0,1054.0,31,17,0,0,0,0,4,0,2707.1867460539224,0,2025
2025-01-17 22:00:00,6892,1,0,22,0,7821.0,7972.0,2184.0,31,17,0,0,0,0,4,0,2705.341554629113,0,2025
2025-01-17 23:00:00,6792,1,0,23,0,8287.0,8443.0,4329.0,31,17,0,0,0,0,4,0,2704.8252042607382,0,2025
2025-01-18 00:00:00,6280,1,0,0,0,6785.0,8322.0,5374.0,31,18,0,0,0,0,5,0,2704.0769256128665,0,2025
2025-01-18 01:00:00,5005,1,0,1,0,5503.0,9324.0,4858.0,31,18,0,0,0,0,5,0,2702.336721636896,0,2025
2025-01-18 02:00:00,3581,1,0,2,0,4427.0,9855.0,5016.0,31,18,0,0,0,0,5,0,2699.186497450144,0,2025
2025-01-18 03:00:00,2194,1,0,3,0,3324.0,8295.0,5198.0,31,18,0,0,0,0,5,0,2696.210419532581,0,2025
2025-01-18 04:00:00,1236,1,0,4,0,2064.0,6914.0,5648.0,31,18,0,0,0,0,5,0,2695.156370037116,0,2025
2025-01-18 05:00:00,586,1,0,5,0,1013.0,7821.0,5986.0,31,18,0,0,0,0,5,0,2696.4178496356167,0,2025
2025-01-18 06:00:00,902,1,0,6,0,530.0,8287.0,7117.0,31,18,0,0,0,0,5,0,2699.683490637454,0,2025
2025-01-18 07:00:00,1282,1,0,7,0,792.0,6785.0,7679.0,31,18,0,0,0,0,5,0,2701.869196386057,0,2025
2025-01-18 08:00:00,2000,1,0,8,0,1282.0,5503.0,7575.0,31,18,0,0,0,0,5,0,2702.9031246429863,0,2025
2025-01-18 09:00:00,3195,1,0,9,0,2203.0,4427.0,9164.0,31,18,0,0,0,0,5,0,2702.166611660118,0,2025
2025-01-18 10:00:00,4220,1,0,10,0,3651.0,3324.0,10334.0,31,18,0,0,0,0,5,0,2699.5407044770723,0,2025
2025-01-18 11:00:00,5173,1,0,11,0,5178.0,2064.0,8099.0,31,18,0,0,0,0,5,0,2696.319776076219,0,2025
2025-01-18 12:00:00,5848,1,0,12,0,6451.0,1013.0,5937.0,31,18,0,0,0,0,5,0,2693.384697996425,0,2025
2025-01-18 13:00:00,6832,1,0,13,0,7243.0,530.0,6212.0,31,18,0,0,0,0,5,0,2691.1369893278534,0,2025
2025-01-18 14:00:00,7721,1,0,14,0,8420.0,792.0,6892.0,31,18,0,0,0,0,5,0,2690.5959110929048,0,2025
2025-01-18 15:00:00,7924,1,0,15,0,9213.0,1282.0,6792.0,31,18,0,0,0,0,5,0,2692.3051263229577,0,2025
2025-01-18 16:00:00,7672,1,0,16,0,9562.0,2203.0,6280.0,31,18,0,0,0,0,5,0,2694.592120668633,0,2025
2025-01-18 17:00:00,7216,1,0,17,0,9291.0,3651.0,5005.0,31,18,0,0,0,0,5,0,2696.093188823244,0,2025
2025-01-18 18:00:00,7123,1,0,18,0,8635.0,5178.0,3581.0,31,18,0,0,0,0,5,0,2696.358701985101,0,2025
2025-01-18 19:00:00,7201,1,0,19,0,8071.0,6451.0,2194.0,31,18,0,0,0,0,5,0,2696.384207572351,0,2025
2025-01-18 20:00:00,5488,1,0,20,0,7885.0,7243.0,1236.0,31,18,0,0,0,0,5,0,2696.5801095334573,0,2025
2025-01-18 21:00:00,6053,1,0,21,0,6500.0,8420.0,586.0,31,18,0,0,0,0,5,0,2693.9165412519874,0,2025
2025-01-18 22:00:00,6737,1,0,22,0,7752.0,9213.0,902.0,31,18,0,0,0,0,5,0,2691.915898866488,0,2025
2025-01-18 23:00:00,8343,1,0,23,0,8040.0,9562.0,1282.0,31,18,0,0,0,0,5,0,2691.0758493644985,0,2025
2025-01-19 00:00:00,7277,1,0,0,0,7784.0,9291.0,2000.0,31,19,0,0,0,0,6,0,2694.5133340220546,0,2025
2025-01-19 01:00:00,6109,1,0,1,0,6495.0,8635.0,3195.0,31,19,0,0,0,0,6,0,2694.829027266228,0,2025
2025-01-19 02:00:00,4403,1,0,2,0,5444.0,8071.0,4220.0,31,19,0,0,0,0,6,0,2692.889391542514,0,2025
2025-01-19 03:00:00,3004,1,0,3,0,3833.0,7885.0,5173.0,31,19,0,0,0,0,6,0,2689.786417001793,0,2025
2025-01-19 04:00:00,1605,1,0,4,0,2641.0,6500.0,5848.0,31,19,0,0,0,0,6,0,2687.593118360103,0,2025
2025-01-19 05:00:00,687,1,0,5,0,1212.0,7752.0,6832.0,31,19,0,0,0,0,6,0,2687.964096582585,0,2025
2025-01-19 06:00:00,896,1,0,6,0,584.0,8040.0,7721.0,31,19,0,0,0,0,6,0,2690.889533269965,0,2025
2025-01-19 07:00:00,1275,1,0,7,0,775.0,7784.0,7924.0,31,19,0,0,0,0,6,0,2693.1267075567475,0,2025
2025-01-19 08:00:00,1778,1,0,8,0,1345.0,6495.0,7672.0,31,19,0,0,0,0,6,0,2694.258817267811,0,2025
2025-01-19 09:00:00,2808,1,0,9,0,2018.0,5444.0,7216.0,31,19,0,0,0,0,6,0,2694.140476832152,0,2025
2025-01-19 10:00:00,3973,1,0,10,0,3295.0,3833.0,7123.0,31,19,0,0,0,0,6,0,2692.171769657364,0,2025
2025-01-19 11:00:00,4721,1,0,11,0,4673.0,2641.0,7201.0,31,19,0,0,0,0,6,0,2689.2058727911767,0,2025
2025-01-19 12:00:00,5570,1,0,12,0,5824.0,1212.0,5488.0,31,19,0,0,0,0,6,0,2686.208952947125,0,2025
2025-01-19 13:00:00,6601,1,0,13,0,6719.0,584.0,6053.0,31,19,0,0,0,0,6,0,2683.7429936276926,0,2025
2025-01-19 14:00:00,7491,1,0,14,0,7964.0,775.0,6737.0,31,19,0,0,0,0,6,0,2682.722886584535,0,2025
2025-01-19 15:00:00,6000,1,0,15,0,8221.0,1345.0,8343.0,31,19,0,0,0,0,6,0,2683.646861638984,0,2025
2025-01-19 16:00:00,6131,1,0,16,0,7358.0,2018.0,7277.0,31,19,0,0,0,0,6,0,2681.67316506054,0,2025
2025-01-19 17:00:00,7017,1,0,17,0,7688.0,3295.0,6109.0,31,19,0,0,0,0,6,0,2679.880251512055,0,2025
2025-01-19 18:00:00,7975,1,0,18,0,7248.0,4673.0,4403.0,31,19,0,0,0,0,6,0,2679.661330413128,0,2025
2025-01-19 19:00:00,7163,1,0,19,0,6794.0,5824.0,3004.0,31,19,0,0,0,0,6,0,2681.85261296265,0,2025
2025-01-19 20:00:00,6636,1,0,20,0,5388.0,6719.0,1605.0,31,19,0,0,0,0,6,0,2681.919847142942,0,2025
2025-01-19 21:00:00,6960,1,0,21,0,4478.0,7964.0,687.0,31,19,0,0,0,0,6,0,2680.912396304848,0,2025
2025-01-19 22:00:00,6805,1,0,22,0,4751.0,8221.0,896.0,31,19,0,0,0,0,6,0,2680.523250066431,0,2025
2025-01-19 23:00:00,5347,1,0,23,0,4552.0,7358.0,1275.0,31,19,0,0,0,0,6,0,2679.81710501817,0,2025
2025-01-20 00:00:00,4100,1,0,0,0,3399.0,7688.0,1778.0,31,20,0,0,0,0,0,0,2677.186044641084,0,2025
2025-01-20 01:00:00,2446,1,0,1,0,2736.0,7248.0,2808.0,31,20,0,0,0,0,0,0,2674.305352293893,0,2025
2025-01-20 02:00:00,1469,1,0,2,0,1717.0,6794.0,3973.0,31,20,0,0,0,0,0,0,2673.0523790573748,0,2025
2025-01-20 03:00:00,986,1,0,3,0,977.0,5388.0,4721.0,31,20,0,0,0,0,0,0,2673.7948365858388,0,2025
2025-01-20 04:00:00,966,1,0,4,0,625.0,4478.0,5570.0,31,20,0,0,0,0,0,0,2675.7865947261644,0,2025
2025-01-20 05:00:00,808,1,0,5,0,598.0,4751.0,6601.0,31,20,0,0,0,0,0,0,2677.803336107037,0,2025
2025-01-20 06:00:00,1298,1,0,6,0,488.0,4552.0,7491.0,31,20,0,0,0,0,0,0,2680.2425409365565,0,2025
2025-01-20 07:00:00,1640,1,0,7,0,791.0,3399.0,6000.0,31,20,0,0,0,0,0,0,2681.3107936892006,0,2025
2025-01-20 08:00:00,2501,1,0,8,0,1467.0,2736.0,6131.0,31,20,0,0,0,0,0,0,2681.5432296178515,0,2025
2025-01-20 09:00:00,3150,1,0,9,0,2494.0,1717.0,7017.0,31,20,0,0,0,0,0,0,2680.1358651102933,0,2025
2025-01-20 10:00:00,3948,1,0,10,0,3295.0,977.0,7975.0,31,20,0,0,0,0,0,0,2677.898481924969,0,2025
2025-01-20 11:00:00,4619,1,0,11,0,4397.0,625.0,7163.0,31,20,0,0,0,0,0,0,2675.11169071022,0,2025
2025-01-20 12:00:00,4955,1,0,12,0,5108.0,598.0,6636.0,31,20,0,0,0,0,0,0,2672.262488098676,0,2025
2025-01-20 13:00:00,5486,1,0,13,0,5447.0,488.0,6960.0,31,20,0,0,0,0,0,0,2669.5218236773158,0,2025
2025-01-20 14:00:00,6191,1,0,14,0,5989.0,791.0,6805.0,31,20,0,0,0,0,0,0,2667.129695992104,0,2025
2025-01-20 15:00:00,6287,1,0,15,0,6637.0,1467.0,5347.0,31,20,0,0,0,0,0,0,2665.5404388970355,0,2025
2025-01-20 16:00:00,6079,1,0,16,0,7014.0,2494.0,4100.0,31,20,0,0,0,0,0,0,2664.090302459655,0,2025
2025-01-20 17:00:00,6247,1,0,17,0,6794.0,3295.0,2446.0,31,20,0,0,0,0,0,0,2662.349761478687,0,2025
2025-01-20 18:00:00,6421,1,0,18,0,6855.0,4397.0,1469.0,31,20,0,0,0,0,0,0,2660.84159714266,0,2025
2025-01-20 19:00:00,5127,1,0,19,0,6379.0,5108.0,986.0,31,20,0,0,0,0,0,0,2659.5950369766138,0,2025
2025-01-20 20:00:00,4419,1,0,20,0,5335.0,5447.0,966.0,31,20,0,0,0,0,0,0,2656.981098520412,0,2025
2025-01-20 21:00:00,4423,1,0,21,0,4691.0,5989.0,808.0,31,20,0,0,0,0,0,0,2654.1888671695874,0,2025
2025-01-20 22:00:00,3330,1,0,22,0,4605.0,6637.0,1298.0,31,20,0,0,0,0,0,0,2651.405359054918,0,2025
2025-01-20 23:00:00,3198,1,0,23,0,3391.0,7014.0,1640.0,31,20,0,0,0,0,0,0,2649.1163700823804,0,2025
2025-01-21 00:00:00,1516,1,0,0,0,2469.0,6794.0,2501.0,31,21,0,0,0,0,1,0,2646.954932985859,0,2025
2025-01-21 01:00:00,582,1,0,1,0,1407.0,6855.0,3150.0,31,21,0,0,0,0,1,0,2647.544966134557,0,2025
2025-01-21 02:00:00,277,1,0,2,0,617.0,6379.0,3948.0,31,21,0,0,0,0,1,0,2650.5910469029086,0,2025
2025-01-21 03:00:00,194,1,0,3,0,306.0,5335.0,4619.0,31,21,0,0,0,0,1,0,2654.546889743908,0,2025
2025-01-21 04:00:00,349,1,0,4,0,204.0,4691.0,4955.0,31,21,0,0,0,0,1,0,2658.7223762171075,0,2025
2025-01-21 05:00:00,829,1,0,5,0,265.0,4605.0,5486.0,31,21,0,0,0,0,1,0,2662.349648019351,0,2025
2025-01-21 06:00:00,2324,1,0,6,0,652.0,3391.0,6191.0,31,21,0,0,0,0,1,0,2664.520251579797,0,2025
2025-01-21 07:00:00,5322,1,0,7,0,1714.0,2469.0,6287.0,31,21,0,0,0,0,1,0,2663.4209938215995,0,2025
2025-01-21 08:00:00,7328,1,0,8,0,4039.0,1407.0,6079.0,31,21,0,0,0,0,1,0,2661.0236987709773,0,2025
2025-01-21 09:00:00,6500,1,0,9,0,5490.0,617.0,6247.0,31,21,0,0,0,0,1,0,2661.6226467888387,0,2025
2025-01-21 10:00:00,5570,1,0,10,0,6199.0,306.0,6421.0,31,21,0,0,0,0,1,0,2660.604292713984,0,2025
2025-01-21 11:00:00,5209,1,0,11,0,6038.0,204.0,5127.0,31,21,0,0,0,0,1,0,2658.41559688395,0,2025
2025-01-21 12:00:00,5764,1,0,12,0,5848.0,265.0,4419.0,31,21,0,0,0,0,1,0,2655.958219385217,0,2025
2025-01-21 13:00:00,5925,1,0,13,0,6481.0,652.0,4423.0,31,21,0,0,0,0,1,0,2653.9682495756115,0,2025
2025-01-21 14:00:00,6611,1,0,14,0,6697.0,1714.0,3330.0,31,21,0,0,0,0,1,0,2652.1591075718334,0,2025
2025-01-21 15:00:00,6979,1,0,15,0,7459.0,4039.0,3198.0,31,21,0,0,0,0,1,0,2651.325767209733,0,2025
2025-01-21 16:00:00,6988,1,0,16,0,7892.0,5490.0,1516.0,31,21,0,0,0,0,1,0,2651.1553893840296,0,2025
2025-01-21 17:00:00,9420,1,0,17,0,7787.0,6199.0,582.0,31,21,0,0,0,0,1,0,2650.993153730524,0,2025
2025-01-21 18:00:00,9882,1,0,18,0,9434.0,6038.0,277.0,31,21,0,0,0,0,1,0,2657.781387479914,0,2025
2025-01-21 19:00:00,7153,1,0,19,0,8979.0,5848.0,194.0,31,21,0,0,0,0,1,0,2666.3006583751016,0,2025
2025-01-21 20:00:00,6835,1,0,20,0,7218.0,6481.0,349.0,31,21,0,0,0,0,1,0,2666.3852213619457,0,2025
2025-01-21 21:00:00,8094,1,0,21,0,6716.0,6697.0,829.0,31,21,0,0,0,0,1,0,2665.85222856611,0,2025
2025-01-21 22:00:00,5243,1,0,22,0,6862.0,7459.0,2324.0,31,21,0,0,0,0,1,0,2668.1456379148594,0,2025
2025-01-21 23:00:00,2698,1,0,23,0,4448.0,7892.0,5322.0,31,21,0,0,0,0,1,0,2665.7156832160604,0,2025
2025-01-22 00:00:00,1150,1,0,0,0,2704.0,7787.0,7328.0,31,22,0,0,0,0,2,0,2664.222327444532,0,2025
2025-01-22 01:00:00,505,1,0,1,0,1299.0,9434.0,6500.0,31,22,0,0,0,0,2,0,2665.644605688802,0,2025
2025-01-22 02:00:00,267,1,0,2,0,556.0,8979.0,5570.0,31,22,0,0,0,0,2,0,2668.775784871235,0,2025
2025-01-22 03:00:00,211,1,0,3,0,306.0,7218.0,5209.0,31,22,0,0,0,0,2,0,2672.581006078458,0,2025
2025-01-22 04:00:00,281,1,0,4,0,224.0,6716.0,5764.0,31,22,0,0,0,0,2,0,2676.5134113094323,0,2025
2025-01-22 05:00:00,784,1,0,5,0,270.0,6862.0,5925.0,31,22,0,0,0,0,2,0,2680.184395645176,0,2025
2025-01-22 06:00:00,2255,1,0,6,0,658.0,4448.0,6611.0,31,22,0,0,0,0,2,0,2682.3828687858067,0,2025
2025-01-22 07:00:00,5445,1,0,7,0,1739.0,2704.0,6979.0,31,22,0,0,0,0,2,0,2681.44923197539,0,2025
2025-01-22 08:00:00,7546,1,0,8,0,4050.0,1299.0,6988.0,31,22,0,0,0,0,2,0,2679.216800370921,0,2025
2025-01-22 09:00:00,6380,1,0,9,0,5574.0,556.0,9420.0,31,22,0,0,0,0,2,0,2680.179549346498,0,2025
2025-01-22 10:00:00,5674,1,0,10,0,5941.0,306.0,9882.0,31,22,0,0,0,0,2,0,2678.967908578837,0,2025
2025-01-22 11:00:00,5622,1,0,11,0,6115.0,224.0,7153.0,31,22,0,0,0,0,2,0,2676.9317598195107,0,2025
2025-01-22 12:00:00,5968,1,0,12,0,6337.0,270.0,6835.0,31,22,0,0,0,0,2,0,2674.8535635024923,0,2025
2025-01-22 13:00:00,6065,1,0,13,0,6699.0,658.0,8094.0,31,22,0,0,0,0,2,0,2673.123077358719,0,2025
2025-01-22 14:00:00,6607,1,0,14,0,6877.0,1739.0,5243.0,31,22,0,0,0,0,2,0,2671.50626728184,0,2025
2025-01-22 15:00:00,7327,1,0,15,0,7315.0,4050.0,2698.0,31,22,0,0,0,0,2,0,2670.636374607249,0,2025
2025-01-22 16:00:00,7623,1,0,16,0,8333.0,5574.0,1150.0,31,22,0,0,0,0,2,0,2671.0761972555424,0,2025
2025-01-22 17:00:00,10211,1,0,17,0,8441.0,5941.0,505.0,31,22,0,0,0,0,2,0,2672.148110786179,0,2025
2025-01-22 18:00:00,10798,1,0,18,0,10045.0,6115.0,267.0,31,22,0,0,0,0,2,0,2681.480949466808,0,2025
2025-01-22 19:00:00,8791,1,0,19,0,9871.0,6337.0,211.0,31,22,0,0,0,0,2,0,2693.2220921632857,0,2025
2025-01-22 20:00:00,8539,1,0,20,0,8724.0,6699.0,281.0,31,22,0,0,0,0,2,0,2697.2620003491106,0,2025
2025-01-22 21:00:00,9188,1,0,21,0,7980.0,6877.0,784.0,31,22,0,0,0,0,2,0,2700.511173055555,0,2025
2025-01-22 22:00:00,6793,1,0,22,0,7966.0,7315.0,2255.0,31,22,0,0,0,0,2,0,2705.71936282058,0,2025
2025-01-22 23:00:00,3229,1,0,23,0,5683.0,8333.0,5445.0,31,22,0,0,0,0,2,0,2705.000527395833,0,2025
2025-01-23 00:00:00,1411,1,0,0,0,3104.0,8441.0,7546.0,31,23,0,0,0,0,3,0,2702.9975063786583,0,2025
2025-01-23 01:00:00,616,1,0,1,0,1581.0,10045.0,6380.0,31,23,0,0,0,0,3,0,2703.765752520135,0,2025
2025-01-23 02:00:00,326,1,0,2,0,730.0,9871.0,5674.0,31,23,0,0,0,0,3,0,2706.445929537798,0,2025
2025-01-23 03:00:00,262,1,0,3,0,351.0,8724.0,5622.0,31,23,0,0,0,0,3,0,2709.9023604310973,0,2025
2025-01-23 04:00:00,317,1,0,4,0,287.0,7980.0,5968.0,31,23,0,0,0,0,3,0,2713.504262717182,0,2025
2025-01-23 05:00:00,806,1,0,5,0,277.0,7966.0,6065.0,31,23,0,0,0,0,3,0,2716.9062169828867,0,2025
2025-01-23 06:00:00,2269,1,0,6,0,642.0,5683.0,6607.0,31,23,0,0,0,0,3,0,2718.956514571083,0,2025
2025-01-23 07:00:00,5016,1,0,7,0,1765.0,3104.0,7327.0,31,23,0,0,0,0,3,0,2718.0493082710223,0,2025
2025-01-23 08:00:00,7126,1,0,8,0,4004.0,1581.0,7623.0,31,23,0,0,0,0,3,0,2715.618548431619,0,2025
2025-01-23 09:00:00,6470,1,0,9,0,5629.0,730.0,10211.0,31,23,0,0,0,0,3,0,2715.541542433173,0,2025
2025-01-23 10:00:00,5725,1,0,10,0,6166.0,351.0,10798.0,31,23,0,0,0,0,3,0,2714.403176903828,0,2025
2025-01-23 11:00:00,5768,1,0,11,0,6249.0,287.0,8791.0,31,23,0,0,0,0,3,0,2712.4282008443797,0,2025
2025-01-23 12:00:00,6094,1,0,12,0,6465.0,277.0,8539.0,31,23,0,0,0,0,3,0,2710.4948705237266,0,2025
2025-01-23 13:00:00,6239,1,0,13,0,6825.0,642.0,9188.0,31,23,0,0,0,0,3,0,2708.8917492686624,0,2025
2025-01-23 14:00:00,6906,1,0,14,0,7029.0,1765.0,6793.0,31,23,0,0,0,0,3,0,2707.458299746147,0,2025
2025-01-23 15:00:00,7693,1,0,15,0,7852.0,4004.0,3229.0,31,23,0,0,0,0,3,0,2706.9800073115616,0,2025
2025-01-23 16:00:00,8060,1,0,16,0,8659.0,5629.0,1411.0,31,23,0,0,0,0,3,0,2708.005989820233,0,2025
2025-01-23 17:00:00,11122,1,0,17,0,8897.0,6166.0,616.0,31,23,0,0,0,0,3,0,2709.8591700652296,0,2025
2025-01-23 18:00:00,12287,1,0,18,0,10599.0,6249.0,326.0,31,23,0,0,0,0,3,0,2722.225137726576,0,2025
2025-01-23 19:00:00,10053,1,0,19,0,10737.0,6465.0,262.0,31,23,0,0,0,0,3,0,2740.0433195565206,0,2025
2025-01-23 20:00:00,9072,1,0,20,0,9470.0,6825.0,317.0,31,23,0,0,0,0,3,0,2747.749231398692,0,2025
2025-01-23 21:00:00,10100,1,0,21,0,9047.0,7029.0,806.0,31,23,0,0,0,0,3,0,2752.0983518651933,0,2025
2025-01-23 22:00:00,9191,1,0,22,0,9363.0,7852.0,2269.0,31,23,0,0,0,0,3,0,2759.825584243133,0,2025
2025-01-23 23:00:00,5207,1,0,23,0,7758.0,8659.0,5016.0,31,23,0,0,0,0,3,0,2764.421899965657,0,2025
2025-01-24 00:00:00,2559,1,0,0,0,4536.0,8897.0,7126.0,31,24,0,0,0,0,4,0,2762.05394464073,0,2025
2025-01-24 01:00:00,1128,1,0,1,0,2757.0,10599.0,6470.0,31,24,0,0,0,0,4,0,2760.8504924560543,0,2025
2025-01-24 02:00:00,694,1,0,2,0,1345.0,10737.0,5725.0,31,24,0,0,0,0,4,0,2762.1756814638525,0,2025
2025-01-24 03:00:00,462,1,0,3,0,772.0,9470.0,5768.0,31,24,0,0,0,0,4,0,2764.508714028793,0,2025
2025-01-24 04:00:00,446,1,0,4,0,527.0,9047.0,6094.0,31,24,0,0,0,0,4,0,2767.4106366603714,0,2025
2025-01-24 05:00:00,818,1,0,5,0,370.0,9363.0,6239.0,31,24,0,0,0,0,4,0,2770.322034992234,0,2025
2025-01-24 06:00:00,1889,1,0,6,0,654.0,7758.0,6906.0,31,24,0,0,0,0,4,0,2772.2659727943324,0,2025
2025-01-24 07:00:00,4399,1,0,7,0,1545.0,4536.0,7693.0,31,24,0,0,0,0,4,0,2772.003034947422,0,2025
2025-01-24 08:00:00,5367,1,0,8,0,3607.0,2757.0,8060.0,31,24,0,0,0,0,4,0,2769.5263325168003,0,2025
2025-01-24 09:00:00,5088,1,0,9,0,4870.0,1345.0,11122.0,31,24,0,0,0,0,4,0,2767.290146375537,0,2025
2025-01-24 10:00:00,5148,1,0,10,0,5382.0,772.0,12287.0,31,24,0,0,0,0,4,0,2764.9303647014185,0,2025
2025-01-24 11:00:00,5407,1,0,11,0,5833.0,527.0,10053.0,31,24,0,0,0,0,4,0,2762.6000301277,0,2025
2025-01-24 12:00:00,5954,1,0,12,0,6052.0,370.0,9072.0,31,24,0,0,0,0,4,0,2760.402971238426,0,2025
2025-01-24 13:00:00,6388,1,0,13,0,6644.0,654.0,10100.0,31,24,0,0,0,0,4,0,2758.620750899221,0,2025
2025-01-24 14:00:00,7127,1,0,14,0,7253.0,1545.0,9191.0,31,24,0,0,0,0,4,0,2757.301695824411,0,2025
2025-01-24 15:00:00,7596,1,0,15,0,7994.0,3607.0,5207.0,31,24,0,0,0,0,4,0,2757.041115451754,0,2025
2025-01-24 16:00:00,7601,1,0,16,0,8527.0,4870.0,2559.0,31,24,0,0,0,0,4,0,2757.6236399254594,0,2025
2025-01-24 17:00:00,9498,1,0,17,0,8554.0,5382.0,1128.0,31,24,0,0,0,0,4,0,2758.203199444876,0,2025
2025-01-24 18:00:00,11066,1,0,18,0,10007.0,5833.0,694.0,31,24,0,0,0,0,4,0,2763.6094157158163,0,2025
2025-01-24 19:00:00,9590,1,0,19,0,10238.0,6052.0,462.0,31,24,0,0,0,0,4,0,2774.644411636211,0,2025
2025-01-24 20:00:00,7490,1,0,20,0,9004.0,6644.0,446.0,31,24,0,0,0,0,4,0,2780.1971922528023,0,2025
2025-01-24 21:00:00,7182,1,0,21,0,8288.0,7253.0,818.0,31,24,0,0,0,0,4,0,2780.455183986352,0,2025
2025-01-24 22:00:00,8098,1,0,22,0,8792.0,7994.0,1889.0,31,24,0,0,0,0,4,0,2780.1688136724133,0,2025
2025-01-24 23:00:00,8551,1,0,23,0,8929.0,8527.0,4399.0,31,24,0,0,0,0,4,0,2781.6329785885805,0,2025
2025-01-25 00:00:00,7594,1,0,0,0,7507.0,8554.0,5367.0,31,25,0,0,0,0,5,0,2784.1360003901527,0,2025
2025-01-25 01:00:00,5840,1,0,1,0,6531.0,10007.0,5088.0,31,25,0,0,0,0,5,0,2784.535214272291,0,2025
2025-01-25 02:00:00,4117,1,0,2,0,5112.0,10238.0,5148.0,31,25,0,0,0,0,5,0,2782.606012419447,0,2025
2025-01-25 03:00:00,2317,1,0,3,0,3799.0,9004.0,5407.0,31,25,0,0,0,0,5,0,2780.268381273679,0,2025
2025-01-25 04:00:00,1179,1,0,4,0,2313.0,8288.0,5954.0,31,25,0,0,0,0,5,0,2779.4730215182844,0,2025
2025-01-25 05:00:00,479,1,0,5,0,1071.0,8792.0,6388.0,31,25,0,0,0,0,5,0,2780.676353306634,0,2025
2025-01-25 06:00:00,841,1,0,6,0,426.0,8929.0,7127.0,31,25,0,0,0,0,5,0,2783.485199472935,0,2025
2025-01-25 07:00:00,1244,1,0,7,0,789.0,7507.0,7596.0,31,25,0,0,0,0,5,0,2785.391012925797,0,2025
2025-01-25 08:00:00,2202,1,0,8,0,1334.0,6531.0,7601.0,31,25,0,0,0,0,5,0,2786.401003510191,0,2025
2025-01-25 09:00:00,3625,1,0,9,0,2445.0,5112.0,9498.0,31,25,0,0,0,0,5,0,2785.726164355297,0,2025
2025-01-25 10:00:00,4743,1,0,10,0,4267.0,3799.0,11066.0,31,25,0,0,0,0,5,0,2783.6119649756624,0,2025
2025-01-25 11:00:00,5784,1,0,11,0,5671.0,2313.0,9590.0,31,25,0,0,0,0,5,0,2781.246331137784,0,2025
2025-01-25 12:00:00,6536,1,0,12,0,7012.0,1071.0,7490.0,31,25,0,0,0,0,5,0,2779.335916314964,0,2025
2025-01-25 13:00:00,6993,1,0,13,0,7851.0,426.0,7182.0,31,25,0,0,0,0,5,0,2778.164322586343,0,2025
2025-01-25 14:00:00,6694,1,0,14,0,8694.0,789.0,8098.0,31,25,0,0,0,0,5,0,2777.605941574251,0,2025
2025-01-25 15:00:00,7282,1,0,15,0,8612.0,1334.0,8551.0,31,25,0,0,0,0,5,0,2776.6286622344232,0,2025
2025-01-25 16:00:00,8350,1,0,16,0,9561.0,2445.0,7594.0,31,25,0,0,0,0,5,0,2776.514283296009,0,2025
2025-01-25 17:00:00,8703,1,0,17,0,11128.0,4267.0,5840.0,31,25,0,0,0,0,5,0,2778.493649793605,0,2025
2025-01-25 18:00:00,9629,1,0,18,0,10158.0,5671.0,4117.0,31,25,0,0,0,0,5,0,2781.293267019228,0,2025
2025-01-25 19:00:00,9580,1,0,19,0,10188.0,7012.0,2317.0,31,25,0,0,0,0,5,0,2786.620593426605,0,2025
2025-01-25 20:00:00,6591,1,0,20,0,9641.0,7851.0,1179.0,31,25,0,0,0,0,5,0,2791.7468521641995,0,2025
2025-01-25 21:00:00,7104,1,0,21,0,8016.0,8694.0,479.0,31,25,0,0,0,0,5,0,2790.586330791174,0,2025
2025-01-25 22:00:00,9237,1,0,22,0,9083.0,8612.0,841.0,31,25,0,0,0,0,5,0,2790.113440362141,0,2025
2025-01-25 23:00:00,10152,1,0,23,0,10267.0,9561.0,1244.0,31,25,0,0,0,0,5,0,2794.1723240312213,0,2025
2025-01-26 00:00:00,8421,1,0,0,0,8876.0,11128.0,2202.0,31,26,0,0,0,0,6,0,2800.95400463676,0,2025
2025-01-26 01:00:00,6727,1,0,1,0,6985.0,10158.0,3625.0,31,26,0,0,0,0,6,0,2802.886434374195,0,2025
2025-01-26 02:00:00,4792,1,0,2,0,6033.0,10188.0,4743.0,31,26,0,0,0,0,6,0,2801.8488055858797,0,2025
2025-01-26 03:00:00,2966,1,0,3,0,4273.0,9641.0,5784.0,31,26,0,0,0,0,6,0,2799.527524988377,0,2025
2025-01-26 04:00:00,1555,1,0,4,0,2578.0,8016.0,6536.0,31,26,0,0,0,0,6,0,2798.0351063012504,0,2025
2025-01-26 05:00:00,600,1,0,5,0,1342.0,9083.0,6993.0,31,26,0,0,0,0,6,0,2798.5260885576536,0,2025
2025-01-26 06:00:00,918,1,0,6,0,533.0,10267.0,6694.0,31,26,0,0,0,0,6,0,2801.007132576885,0,2025
2025-01-26 07:00:00,1234,1,0,7,0,761.0,8876.0,7282.0,31,26,0,0,0,0,6,0,2802.739300619275,0,2025
2025-01-26 08:00:00,1866,1,0,8,0,1297.0,6985.0,8350.0,31,26,0,0,0,0,6,0,2803.794551064896,0,2025
2025-01-26 09:00:00,3023,1,0,9,0,2080.0,6033.0,8703.0,31,26,0,0,0,0,6,0,2803.7008471411727,0,2025
2025-01-26 10:00:00,4405,1,0,10,0,3524.0,4273.0,9629.0,31,26,0,0,0,0,6,0,2802.134812209839,0,2025
2025-01-26 11:00:00,5263,1,0,11,0,5167.0,2578.0,9580.0,31,26,0,0,0,0,6,0,2799.8490087528908,0,2025
2025-01-26 12:00:00,5775,1,0,12,0,6190.0,1342.0,6591.0,31,26,0,0,0,0,6,0,2797.682523166372,0,2025
2025-01-26 13:00:00,6025,1,0,13,0,6860.0,533.0,7104.0,31,26,0,0,0,0,6,0,2795.7931748862147,0,2025
2025-01-26 14:00:00,6856,1,0,14,0,7323.0,761.0,9237.0,31,26,0,0,0,0,6,0,2794.095413885797,0,2025
2025-01-26 15:00:00,6721,1,0,15,0,7865.0,1297.0,10152.0,31,26,0,0,0,0,6,0,2793.2847593454667,0,2025
2025-01-26 16:00:00,6164,1,0,16,0,7950.0,2080.0,8421.0,31,26,0,0,0,0,6,0,2792.3012488299114,0,2025
2025-01-26 17:00:00,5628,1,0,17,0,7600.0,3524.0,6727.0,31,26,0,0,0,0,6,0,2790.7267320689903,0,2025
2025-01-26 18:00:00,5624,1,0,18,0,6874.0,5167.0,4792.0,31,26,0,0,0,0,6,0,2788.7579711113062,0,2025
2025-01-26 19:00:00,4243,1,0,19,0,6693.0,6190.0,2966.0,31,26,0,0,0,0,6,0,2786.790924900308,0,2025
2025-01-26 20:00:00,3926,1,0,20,0,5251.0,6860.0,1555.0,31,26,0,0,0,0,6,0,2784.581264503273,0,2025
2025-01-26 21:00:00,3801,1,0,21,0,4896.0,7323.0,600.0,31,26,0,0,0,0,6,0,2782.4759224390027,0,2025
2025-01-26 22:00:00,3667,1,0,22,0,4555.0,7865.0,918.0,31,26,0,0,0,0,6,0,2780.4302452658585,0,2025
2025-01-26 23:00:00,2028,1,0,23,0,3481.0,7950.0,1234.0,31,26,0,0,0,0,6,0,2778.457768885957,0,2025
2025-01-27 00:00:00,1061,1,0,0,0,2245.0,7600.0,1866.0,31,27,0,0,0,0,0,0,2778.166204629973,0,2025
2025-01-27 01:00:00,382,1,0,1,0,1204.0,6874.0,3023.0,31,27,0,0,0,0,0,0,2779.5797833826864,0,2025
2025-01-27 02:00:00,214,1,0,2,0,449.0,6693.0,4405.0,31,27,0,0,0,0,0,0,2782.4930151013027,0,2025
2025-01-27 03:00:00,206,1,0,3,0,241.0,5251.0,5263.0,31,27,0,0,0,0,0,0,2785.79176108494,0,2025
2025-01-27 04:00:00,312,1,0,4,0,252.0,4896.0,5775.0,31,27,0,0,0,0,0,0,2789.078618694541,0,2025
2025-01-27 05:00:00,790,1,0,5,0,272.0,4555.0,6025.0,31,27,0,0,0,0,0,0,2792.0723147703407,0,2025
2025-01-27 06:00:00,1911,1,0,6,0,638.0,3481.0,6856.0,31,27,0,0,0,0,0,0,2793.9420378804216,0,2025
2025-01-27 07:00:00,4128,1,0,7,0,1642.0,2245.0,6721.0,31,27,0,0,0,0,0,0,2793.7405902424766,0,2025
2025-01-27 08:00:00,5433,1,0,8,0,3644.0,1204.0,6164.0,31,27,0,0,0,0,0,0,2791.582068322355,0,2025
2025-01-27 09:00:00,4809,1,0,9,0,4947.0,449.0,5628.0,31,27,0,0,0,0,0,0,2789.582485474832,0,2025
2025-01-27 10:00:00,4542,1,0,10,0,5107.0,241.0,5624.0,31,27,0,0,0,0,0,0,2787.3938367151013,0,2025
2025-01-27 11:00:00,4809,1,0,11,0,5124.0,252.0,4243.0,31,27,0,0,0,0,0,0,2785.19499729732,0,2025
2025-01-27 12:00:00,4933,1,0,12,0,5545.0,272.0,3926.0,31,27,0,0,0,0,0,0,2783.0166827198027,0,2025
2025-01-27 13:00:00,5206,1,0,13,0,5666.0,638.0,3801.0,31,27,0,0,0,0,0,0,2780.864243799659,0,2025
2025-01-27 14:00:00,5672,1,0,14,0,6013.0,1642.0,3667.0,31,27,0,0,0,0,0,0,2778.792966596811,0,2025
2025-01-27 15:00:00,6215,1,0,15,0,6579.0,3644.0,2028.0,31,27,0,0,0,0,0,0,2776.952989956551,0,2025
2025-01-27 16:00:00,6007,1,0,16,0,7311.0,4947.0,1061.0,31,27,0,0,0,0,0,0,2775.534092154808,0,2025
2025-01-27 17:00:00,7065,1,0,17,0,6985.0,5107.0,382.0,31,27,0,0,0,0,0,0,2773.9374730722448,0,2025
2025-01-27 18:00:00,7166,1,0,18,0,7833.0,5124.0,214.0,31,27,0,0,0,0,0,0,2773.5042404814253,0,2025
2025-01-27 19:00:00,5781,1,0,19,0,7678.0,5545.0,206.0,31,27,0,0,0,0,0,0,2773.2101805887937,0,2025
2025-01-27 20:00:00,5401,1,0,20,0,6359.0,5666.0,312.0,31,27,0,0,0,0,0,0,2771.450162603297,0,2025
2025-01-27 21:00:00,5474,1,0,21,0,5941.0,6013.0,790.0,31,27,0,0,0,0,0,0,2769.4807653692246,0,2025
2025-01-27 22:00:00,3649,1,0,22,0,5674.0,6579.0,1911.0,31,27,0,0,0,0,0,0,2767.549984010964,0,2025
2025-01-27 23:00:00,1894,1,0,23,0,3701.0,7311.0,4128.0,31,27,0,0,0,0,0,0,2765.656975718929,0,2025
2025-01-28 00:00:00,941,1,0,0,0,2026.0,6985.0,5433.0,31,28,0,0,0,0,1,0,2765.5523286949247,0,2025
2025-01-28 01:00:00,383,1,0,1,0,1009.0,7833.0,4809.0,31,28,0,0,0,0,1,0,2767.1252686732505,0,2025
2025-01-28 02:00:00,195,1,0,2,0,438.0,7678.0,4542.0,31,28,0,0,0,0,1,0,2769.896703478527,0,2025
2025-01-28 03:00:00,173,1,0,3,0,249.0,6359.0,4809.0,31,28,0,0,0,0,1,0,2773.0884155833905,0,2025
2025-01-28 04:00:00,223,1,0,4,0,228.0,5941.0,4933.0,31,28,0,0,0,0,1,0,2776.303709210845,0,2025
2025-01-28 05:00:00,633,1,0,5,0,243.0,5674.0,5206.0,31,28,0,0,0,0,1,0,2779.3688608551965,0,2025
2025-01-28 06:00:00,1752,1,0,6,0,671.0,3701.0,5672.0,31,28,0,0,0,0,1,0,2781.4750030088658,0,2025
2025-01-28 07:00:00,4198,1,0,7,0,1577.0,2026.0,6215.0,31,28,0,0,0,0,1,0,2781.498312104044,0,2025
2025-01-28 08:00:00,6194,1,0,8,0,3754.0,1009.0,6007.0,31,28,0,0,0,0,1,0,2779.407533914489,0,2025
2025-01-28 09:00:00,5598,1,0,9,0,5606.0,438.0,7065.0,31,28,0,0,0,0,1,0,2778.0323802120038,0,2025
2025-01-28 10:00:00,5143,1,0,10,0,5770.0,249.0,7166.0,31,28,0,0,0,0,1,0,2776.218878431776,0,2025
2025-01-28 11:00:00,5262,1,0,11,0,5738.0,228.0,5781.0,31,28,0,0,0,0,1,0,2774.204625705236,0,2025
2025-01-28 12:00:00,5440,1,0,12,0,5902.0,243.0,5401.0,31,28,0,0,0,0,1,0,2772.2371102898774,0,2025
2025-01-28 13:00:00,5683,1,0,13,0,6045.0,671.0,5474.0,31,28,0,0,0,0,1,0,2770.35140654364,0,2025
2025-01-28 14:00:00,6501,1,0,14,0,6360.0,1577.0,3649.0,31,28,0,0,0,0,1,0,2768.603135543404,0,2025
2025-01-28 15:00:00,6888,1,0,15,0,7419.0,3754.0,1894.0,31,28,0,0,0,0,1,0,2767.5432227469,0,2025
2025-01-28 16:00:00,6942,1,0,16,0,7803.0,5606.0,941.0,31,28,0,0,0,0,1,0,2766.9330553604505,0,2025
2025-01-28 17:00:00,8653,1,0,17,0,7850.0,5770.0,383.0,31,28,0,0,0,0,1,0,2766.3892360479645,0,2025
2025-01-28 18:00:00,9638,1,0,18,0,9156.0,5738.0,195.0,31,28,0,0,0,0,1,0,2768.843073817171,0,2025
2025-01-28 19:00:00,7276,1,0,19,0,9565.0,5902.0,173.0,31,28,0,0,0,0,1,0,2773.710262486228,0,2025
2025-01-28 20:00:00,7685,1,0,20,0,7887.0,6045.0,223.0,31,28,0,0,0,0,1,0,2773.594048049636,0,2025
2025-01-28 21:00:00,8751,1,0,21,0,8056.0,6360.0,633.0,31,28,0,0,0,0,1,0,2774.110956937033,0,2025
2025-01-28 22:00:00,6507,1,0,22,0,8293.0,7419.0,1752.0,31,28,0,0,0,0,1,0,2776.699508258247,0,2025
2025-01-28 23:00:00,3343,1,0,23,0,5750.0,7803.0,4198.0,31,28,0,0,0,0,1,0,2775.6094334152003,0,2025
2025-01-29 00:00:00,1295,1,0,0,0,3182.0,7850.0,6194.0,31,29,0,0,0,0,2,0,2773.9619763879014,0,2025
2025-01-29 01:00:00,540,1,0,1,0,1383.0,9156.0,5598.0,31,29,0,0,0,0,2,0,2774.8141198184107,0,2025
2025-01-29 02:00:00,287,1,0,2,0,594.0,9565.0,5143.0,31,29,0,0,0,0,2,0,2777.1365069335275,0,2025
2025-01-29 03:00:00,221,1,0,3,0,314.0,7887.0,5262.0,31,29,0,0,0,0,2,0,2779.999447284452,0,2025
2025-01-29 04:00:00,296,1,0,4,0,272.0,8056.0,5440.0,31,29,0,0,0,0,2,0,2782.9881356902165,0,2025
2025-01-29 05:00:00,672,1,0,5,0,266.0,8293.0,5683.0,31,29,0,0,0,0,2,0,2785.77843318611,0,2025
2025-01-29 06:00:00,1717,1,0,6,0,599.0,5750.0,6501.0,31,29,0,0,0,0,2,0,2787.731774939086,0,2025
2025-01-29 07:00:00,3775,1,0,7,0,1516.0,3182.0,6888.0,31,29,0,0,0,0,2,0,2787.809438916968,0,2025
2025-01-29 08:00:00,5485,1,0,8,0,3635.0,1383.0,6942.0,31,29,0,0,0,0,2,0,2785.9163060858973,0,2025
2025-01-29 09:00:00,5660,1,0,9,0,5177.0,594.0,8653.0,31,29,0,0,0,0,2,0,2784.095839980197,0,2025
2025-01-29 10:00:00,5341,1,0,10,0,5664.0,314.0,9638.0,31,29,0,0,0,0,2,0,2782.372699747616,0,2025
2025-01-29 11:00:00,5502,1,0,11,0,5791.0,272.0,7276.0,31,29,0,0,0,0,2,0,2780.494068344934,0,2025
2025-01-29 12:00:00,6145,1,0,12,0,6162.0,266.0,7685.0,31,29,0,0,0,0,2,0,2778.692364507737,0,2025
2025-01-29 13:00:00,6158,1,0,13,0,6874.0,599.0,8751.0,31,29,0,0,0,0,2,0,2777.3214322511494,0,2025
2025-01-29 14:00:00,6546,1,0,14,0,7053.0,1516.0,6507.0,31,29,0,0,0,0,2,0,2775.962757945053,0,2025
2025-01-29 15:00:00,7159,1,0,15,0,7450.0,3635.0,3343.0,31,29,0,0,0,0,2,0,2774.969398251547,0,2025
2025-01-29 16:00:00,7425,1,0,16,0,8346.0,5177.0,1295.0,31,29,0,0,0,0,2,0,2774.709673504649,0,2025
2025-01-29 17:00:00,9003,1,0,17,0,8504.0,5664.0,540.0,31,29,0,0,0,0,2,0,2774.824254555525,0,2025
2025-01-29 18:00:00,9846,1,0,18,0,9580.0,5791.0,287.0,31,29,0,0,0,0,2,0,2777.9301038846406,0,2025
2025-01-29 19:00:00,8507,1,0,19,0,9768.0,6162.0,221.0,31,29,0,0,0,0,2,0,2783.132645980832,0,2025
2025-01-29 20:00:00,7730,1,0,20,0,8941.0,6874.0,296.0,31,29,0,0,0,0,2,0,2785.104087486914,0,2025
2025-01-29 21:00:00,9139,1,0,21,0,8097.0,7053.0,672.0,31,29,0,0,0,0,2,0,2785.638858590766,0,2025
2025-01-29 22:00:00,8086,1,0,22,0,8965.0,7450.0,1717.0,31,29,0,0,0,0,2,0,2788.9582750207637,0,2025
2025-01-29 23:00:00,4137,1,0,23,0,7436.0,8346.0,3775.0,31,29,0,0,0,0,2,0,2790.073756048483,0,2025
2025-01-30 00:00:00,1676,1,0,0,0,3785.0,8504.0,5485.0,31,30,0,0,0,0,3,0,2788.123528469232,0,2025
2025-01-30 01:00:00,789,1,0,1,0,1758.0,9580.0,5660.0,31,30,0,0,0,0,3,0,2788.3349778372067,0,2025
2025-01-30 02:00:00,419,1,0,2,0,858.0,9768.0,5341.0,31,30,0,0,0,0,3,0,2790.076166965233,0,2025
2025-01-30 03:00:00,287,1,0,3,0,453.0,8941.0,5502.0,31,30,0,0,0,0,3,0,2792.558156231193,0,2025
2025-01-30 04:00:00,358,1,0,4,0,312.0,8097.0,6145.0,31,30,0,0,0,0,3,0,2795.304201840965,0,2025
2025-01-30 05:00:00,828,1,0,5,0,320.0,8965.0,6158.0,31,30,0,0,0,0,3,0,2797.871821682419,0,2025
2025-01-30 06:00:00,2120,1,0,6,0,660.0,7436.0,6546.0,31,30,0,0,0,0,3,0,2799.4629980413474,0,2025
2025-01-30 07:00:00,4875,1,0,7,0,1726.0,3785.0,7159.0,31,30,0,0,0,0,3,0,2799.00217430767,0,2025
2025-01-30 08:00:00,6889,1,0,8,0,4000.0,1758.0,7425.0,31,30,0,0,0,0,3,0,2797.0338654468933,0,2025
2025-01-30 09:00:00,6370,1,0,9,0,5692.0,858.0,9003.0,31,30,0,0,0,0,3,0,2796.4068001851974,0,2025
2025-01-30 10:00:00,5693,1,0,10,0,6165.0,453.0,9846.0,31,30,0,0,0,0,3,0,2795.2377164763493,0,2025
2025-01-30 11:00:00,5711,1,0,11,0,6167.0,312.0,8507.0,31,30,0,0,0,0,3,0,2793.5714134038,0,2025
2025-01-30 12:00:00,6255,1,0,12,0,6312.0,320.0,7730.0,31,30,0,0,0,0,3,0,2791.918156855967,0,2025
2025-01-30 13:00:00,6323,1,0,13,0,7056.0,660.0,9139.0,31,30,0,0,0,0,3,0,2790.652786437746,0,2025
2025-01-30 14:00:00,7104,1,0,14,0,7120.0,1726.0,8086.0,31,30,0,0,0,0,3,0,2789.4469378546087,0,2025
2025-01-30 15:00:00,7708,1,0,15,0,7986.0,4000.0,4137.0,31,30,0,0,0,0,3,0,2789.079350203386,0,2025
2025-01-30 16:00:00,7922,1,0,16,0,8660.0,5692.0,1676.0,31,30,0,0,0,0,3,0,2789.5645109777365,0,2025
2025-01-30 17:00:00,10207,1,0,17,0,8737.0,6165.0,789.0,31,30,0,0,0,0,3,0,2790.387727220038,0,2025
2025-01-30 18:00:00,11557,1,0,18,0,9907.0,6167.0,419.0,31,30,0,0,0,0,3,0,2796.3149312459955,0,2025
2025-01-30 19:00:00,8936,1,0,19,0,10342.0,6312.0,287.0,31,30,0,0,0,0,3,0,2806.415534638914,0,2025
2025-01-30 20:00:00,8527,1,0,20,0,8885.0,7056.0,358.0,31,30,0,0,0,0,3,0,2809.092482368106,0,2025
2025-01-30 21:00:00,8812,1,0,21,0,8747.0,7120.0,828.0,31,30,0,0,0,0,3,0,2810.9129680213127,0,2025
2025-01-30 22:00:00,8562,1,0,22,0,10539.0,7986.0,2120.0,31,30,0,0,0,0,3,0,2813.286854683593,0,2025
2025-01-30 23:00:00,5338,1,0,23,0,7338.0,8660.0,4875.0,31,30,0,0,0,0,3,0,2815.139650441289,0,2025
2025-01-31 00:00:00,2659,1,0,0,0,4812.0,8737.0,6889.0,31,31,0,0,0,1,4,0,2813.301496907148,0,2025
2025-01-31 01:00:00,1363,1,0,1,0,2829.0,9907.0,6370.0,31,31,0,0,0,1,4,0,2812.316120545091,0,2025
2025-01-31 02:00:00,760,1,0,2,0,1590.0,10342.0,5693.0,31,31,0,0,0,1,4,0,2813.0075259433866,0,2025
2025-01-31 03:00:00,554,1,0,3,0,869.0,8885.0,5711.0,31,31,0,0,0,1,4,0,2814.748261192758,0,2025
2025-01-31 04:00:00,532,1,0,4,0,633.0,8747.0,6255.0,31,31,0,0,0,1,4,0,2816.874131890361,0,2025
2025-01-31 05:00:00,1024,1,0,5,0,436.0,10539.0,6323.0,31,31,0,0,0,1,4,0,2819.0252466512925,0,2025
2025-01-31 06:00:00,1956,1,0,6,0,778.0,7338.0,7104.0,31,31,0,0,0,1,4,0,2820.235145274317,0,2025
2025-01-31 07:00:00,4186,1,0,7,0,1494.0,4812.0,7708.0,31,31,0,0,0,1,4,0,2820.013500476861,0,2025
2025-01-31 08:00:00,5809,1,0,8,0,3505.0,2829.0,7922.0,31,31,0,0,0,1,4,0,2818.1168776928725,0,2025
2025-01-31 09:00:00,5071,1,0,9,0,4987.0,1590.0,10207.0,31,31,0,0,0,1,4,0,2816.5319344728377,0,2025
2025-01-31 10:00:00,4977,1,0,10,0,5179.0,869.0,11557.0,31,31,0,0,0,1,4,0,2814.6512785710534,0,2025
2025-01-31 11:00:00,5146,1,0,11,0,5374.0,633.0,8936.0,31,31,0,0,0,1,4,0,2812.7554694628866,0,2025
2025-01-31 12:00:00,5788,1,0,12,0,5648.0,436.0,8527.0,31,31,0,0,0,1,4,0,2810.900500846107,0,2025
2025-01-31 13:00:00,6244,1,0,13,0,6330.0,778.0,8812.0,31,31,0,0,0,1,4,0,2809.3159015559045,0,2025
2025-01-31 14:00:00,7177,1,0,14,0,6910.0,1494.0,8562.0,31,31,0,0,0,1,4,0,2808.0442014926966,0,2025
2025-01-31 15:00:00,7849,1,0,15,0,7969.0,3505.0,5338.0,31,31,0,0,0,1,4,0,2807.7210118927937,0,2025
2025-01-31 16:00:00,7818,1,0,16,0,8347.0,4987.0,2659.0,31,31,0,0,0,1,4,0,2808.335443729531,0,2025
2025-01-31 17:00:00,11173,1,0,17,0,8331.0,5179.0,1363.0,31,31,0,0,0,1,4,0,2808.893161515263,0,2025
2025-01-31 18:00:00,11874,1,0,18,0,10496.0,5374.0,760.0,31,31,0,0,0,1,4,0,2817.3085228402656,0,2025
2025-01-31 19:00:00,10191,1,0,19,0,9777.0,5648.0,554.0,31,31,0,0,0,1,4,0,2827.95940958656,0,2025
2025-01-31 20:00:00,7298,1,0,20,0,8514.0,6330.0,532.0,31,31,0,0,0,1,4,0,2833.386440804461,0,2025
2025-01-31 21:00:00,7201,1,0,21,0,7386.0,6910.0,1024.0,31,31,0,0,0,1,4,0,2833.1371188228545,0,2025
2025-01-31 22:00:00,2,1,0,22,0,8632.0,7969.0,1956.0,31,31,0,0,0,1,4,0,2832.764342297204,0,2025
2025-01-31 23:00:00,8360,1,0,23,0,2.0,8347.0,4186.0,31,31,0,0,0,1,4,0,2836.009568285418,0,2025
2025-02-01 00:00:00,1,1,0,0,0,6917.0,8331.0,5809.0,28,1,1,0,0,0,5,0,2837.3545440234207,0,2025
2025-02-01 01:00:00,5973,1,0,1,0,1.0,10496.0,5071.0,28,1,1,0,0,0,5,0,2840.5790445916628,0,2025
2025-02-01 02:00:00,4238,1,0,2,0,4695.0,9777.0,4977.0,28,1,1,0,0,0,5,0,2839.083217305666,0,2025
2025-02-01 03:00:00,2686,1,0,3,0,3650.0,8514.0,5146.0,28,1,1,0,0,0,5,0,2837.220726774828,0,2025
2025-02-01 04:00:00,1478,1,0,4,0,2456.0,7386.0,5788.0,28,1,1,0,0,0,5,0,2836.234349084489,0,2025
2025-02-01 05:00:00,598,1,0,5,0,1174.0,8632.0,6244.0,28,1,1,0,0,0,5,0,2836.709264027519,0,2025
2025-02-01 06:00:00,892,1,0,6,0,488.0,2.0,7177.0,28,1,1,0,0,0,5,0,2838.6688799698845,0,2025
2025-02-01 07:00:00,1298,1,0,7,0,750.0,6917.0,7849.0,28,1,1,0,0,0,5,0,2840.074553031441,0,2025
2025-02-01 08:00:00,2264,1,0,8,0,1260.0,1.0,7818.0,28,1,1,0,0,0,5,0,2840.793930195512,0,2025
2025-02-01 09:00:00,3685,1,0,9,0,2345.0,4695.0,11173.0,28,1,1,0,0,0,5,0,2840.2165224828864,0,2025
2025-02-01 10:00:00,4880,1,0,10,0,3998.0,3650.0,11874.0,28,1,1,0,0,0,5,0,2838.538404660898,0,2025
2025-02-01 11:00:00,5800,1,0,11,0,5468.0,2456.0,10191.0,28,1,1,0,0,0,5,0,2836.670248861892,0,2025
2025-02-01 12:00:00,6579,1,0,12,0,6588.0,1174.0,7298.0,28,1,1,0,0,0,5,0,2835.111130246072,0,2025
2025-02-01 13:00:00,7040,1,0,13,0,7655.0,488.0,7201.0,28,1,1,0,0,0,5,0,2834.120671865904,0,2025
2025-02-01 14:00:00,6799,1,0,14,0,8137.0,750.0,2.0,28,1,1,0,0,0,5,0,2833.5973851870185,0,2025
2025-02-01 15:00:00,7716,1,0,15,0,8316.0,1260.0,8360.0,28,1,1,0,0,0,5,0,2832.815886564864,0,2025
2025-02-01 16:00:00,8588,1,0,16,0,9472.0,2345.0,1.0,28,1,1,0,0,0,5,0,2833.148842081834,0,2025
2025-02-01 17:00:00,9341,1,0,17,0,10603.0,3998.0,5973.0,28,1,1,0,0,0,5,0,2834.893862127892,0,2025
2025-02-01 18:00:00,10975,1,0,18,0,10503.0,5468.0,4238.0,28,1,1,0,0,0,5,0,2838.127098332965,0,2025
2025-02-01 19:00:00,11570,1,0,19,0,10786.0,6588.0,2686.0,28,1,1,0,0,0,5,0,2845.480129663399,0,2025
2025-02-01 20:00:00,8591,1,0,20,0,10552.0,7655.0,1478.0,28,1,1,0,0,0,5,0,2854.5749578163627,0,2025
2025-02-01 21:00:00,8294,1,0,21,0,8924.0,8137.0,598.0,28,1,1,0,0,0,5,0,2856.223730371372,0,2025
2025-02-01 22:00:00,10180,1,0,22,0,9415.0,8316.0,892.0,28,1,1,0,0,0,5,0,2857.3471198261072,0,2025
2025-02-01 23:00:00,11347,1,0,23,0,9827.0,9472.0,1298.0,28,1,1,0,0,0,5,0,2862.3755665270683,0,2025
2025-02-02 00:00:00,10023,1,0,0,0,9401.0,10603.0,2264.0,28,2,0,0,0,0,6,0,2870.5818046447453,0,2025
2025-02-02 01:00:00,7747,1,0,1,0,7671.0,10503.0,3685.0,28,2,0,0,0,0,6,0,2875.133886548406,0,2025
2025-02-02 02:00:00,5498,1,0,2,0,6391.0,10786.0,4880.0,28,2,0,0,0,0,6,0,2875.3556490205838,0,2025
2025-02-02 03:00:00,3404,1,0,3,0,4742.0,10552.0,5800.0,28,2,0,0,0,0,6,0,2873.6287482891585,0,2025
2025-02-02 04:00:00,1946,1,0,4,0,2850.0,8924.0,6579.0,28,2,0,0,0,0,6,0,2872.148688614084,0,2025
2025-02-02 05:00:00,690,1,0,5,0,1530.0,9415.0,7040.0,28,2,0,0,0,0,6,0,2872.005784382991,0,2025
2025-02-02 06:00:00,963,1,0,6,0,545.0,9827.0,6799.0,28,2,0,0,0,0,6,0,2873.7713368070413,0,2025
2025-02-02 07:00:00,1469,1,0,7,0,728.0,9401.0,7716.0,28,2,0,0,0,0,6,0,2875.0475321377457,0,2025
2025-02-02 08:00:00,2190,1,0,8,0,1329.0,7671.0,8588.0,28,2,0,0,0,0,6,0,2875.523277699548,0,2025
2025-02-02 09:00:00,3701,1,0,9,0,2164.0,6391.0,9341.0,28,2,0,0,0,0,6,0,2875.0687555769514,0,2025
2025-02-02 10:00:00,5186,1,0,10,0,3804.0,4742.0,10975.0,28,2,0,0,0,0,6,0,2873.4352634515444,0,2025
2025-02-02 11:00:00,5944,1,0,11,0,5573.0,2850.0,11570.0,28,2,0,0,0,0,6,0,2871.6440478678,0,2025
2025-02-02 12:00:00,6728,1,0,12,0,6199.0,1530.0,8591.0,28,2,0,0,0,0,6,0,2870.153861738312,0,2025
2025-02-02 13:00:00,7212,1,0,13,0,7192.0,545.0,8294.0,28,2,0,0,0,0,6,0,2869.242645074662,0,2025
2025-02-02 14:00:00,7285,1,0,14,0,7991.0,728.0,10180.0,28,2,0,0,0,0,6,0,2868.823020240603,0,2025
2025-02-02 15:00:00,7469,1,0,15,0,8129.0,1329.0,11347.0,28,2,0,0,0,0,6,0,2868.483841277015,0,2025
2025-02-02 16:00:00,7941,1,0,16,0,8175.0,2164.0,10023.0,28,2,0,0,0,0,6,0,2868.361001765008,0,2025
2025-02-02 17:00:00,7596,1,0,17,0,8638.0,3804.0,7747.0,28,2,0,0,0,0,6,0,2868.8639688671246,0,2025
2025-02-02 18:00:00,7475,1,0,18,0,7822.0,5573.0,5498.0,28,2,0,0,0,0,6,0,2868.8908612285377,0,2025
2025-02-02 19:00:00,6117,1,0,19,0,7513.0,6199.0,3404.0,28,2,0,0,0,0,6,0,2868.76144275277,0,2025
2025-02-02 20:00:00,5171,1,0,20,0,6508.0,7192.0,1946.0,28,2,0,0,0,0,6,0,2867.3754705625856,0,2025
2025-02-02 21:00:00,5092,1,0,21,0,5602.0,7991.0,690.0,28,2,0,0,0,0,6,0,2865.601832103542,0,2025
2025-02-02 22:00:00,3966,1,0,22,0,4992.0,8129.0,963.0,28,2,0,0,0,0,6,0,2863.816893388841,0,2025
2025-02-02 23:00:00,2833,1,0,23,0,3295.0,8175.0,1469.0,28,2,0,0,0,0,6,0,2862.1274474018146,0,2025
2025-02-03 00:00:00,1884,1,0,0,0,2363.0,8638.0,2190.0,28,3,0,0,0,0,0,0,2861.097972401921,0,2025
2025-02-03 01:00:00,474,1,0,1,0,1411.0,7822.0,3701.0,28,3,0,0,0,0,0,0,2861.0529266551034,0,2025
2025-02-03 02:00:00,247,1,0,2,0,455.0,7513.0,5186.0,28,3,0,0,0,0,0,0,2863.192804757998,0,2025
2025-02-03 03:00:00,203,1,0,3,0,242.0,6508.0,5944.0,28,3,0,0,0,0,0,0,2865.748419354388,0,2025
2025-02-03 04:00:00,325,1,0,4,0,205.0,5602.0,6728.0,28,3,0,0,0,0,0,0,2868.370586504245,0,2025
2025-02-03 05:00:00,918,1,0,5,0,257.0,4992.0,7212.0,28,3,0,0,0,0,0,0,2870.73666871522,0,2025
2025-02-03 06:00:00,2132,1,0,6,0,721.0,3295.0,7285.0,28,3,0,0,0,0,0,0,2872.033167555275,0,2025
2025-02-03 07:00:00,4410,1,0,7,0,1671.0,2363.0,7469.0,28,3,0,0,0,0,0,0,2871.648924501589,0,2025
2025-02-03 08:00:00,5962,1,0,8,0,3464.0,1411.0,7941.0,28,3,0,0,0,0,0,0,2869.866912243654,0,2025
2025-02-03 09:00:00,5623,1,0,9,0,4921.0,455.0,7596.0,28,3,0,0,0,0,0,0,2868.4319795624237,0,2025
2025-02-03 10:00:00,4912,1,0,10,0,5576.0,242.0,7475.0,28,3,0,0,0,0,0,0,2866.834804488616,0,2025
2025-02-03 11:00:00,4957,1,0,11,0,5395.0,205.0,6117.0,28,3,0,0,0,0,0,0,2865.058651951192,0,2025
2025-02-03 12:00:00,5162,1,0,12,0,5532.0,257.0,5171.0,28,3,0,0,0,0,0,0,2863.2907677159747,0,2025
2025-02-03 13:00:00,5174,1,0,13,0,5832.0,721.0,5092.0,28,3,0,0,0,0,0,0,2861.5598778984267,0,2025
2025-02-03 14:00:00,5768,1,0,14,0,5878.0,1671.0,3966.0,28,3,0,0,0,0,0,0,2859.8346546286207,0,2025
2025-02-03 15:00:00,6452,1,0,15,0,6476.0,3464.0,2833.0,28,3,0,0,0,0,0,0,2858.315798980672,0,2025
2025-02-03 16:00:00,6225,1,0,16,0,7321.0,4921.0,1884.0,28,3,0,0,0,0,0,0,2857.2220674206524,0,2025
2025-02-03 17:00:00,7180,1,0,17,0,7200.0,5576.0,474.0,28,3,0,0,0,0,0,0,2855.966529886719,0,2025
2025-02-03 18:00:00,7429,1,0,18,0,7819.0,5395.0,247.0,28,3,0,0,0,0,0,0,2855.5444999815377,0,2025
2025-02-03 19:00:00,5735,1,0,19,0,7979.0,5532.0,203.0,28,3,0,0,0,0,0,0,2855.401252918136,0,2025
2025-02-03 20:00:00,5425,1,0,20,0,6352.0,5832.0,325.0,28,3,0,0,0,0,0,0,2853.874285684368,0,2025
2025-02-03 21:00:00,5296,1,0,21,0,5837.0,5878.0,918.0,28,3,0,0,0,0,0,0,2852.231368182899,0,2025
2025-02-03 22:00:00,4332,1,0,22,0,5562.0,6476.0,2132.0,28,3,0,0,0,0,0,0,2850.554313441856,0,2025
2025-02-03 23:00:00,2251,1,0,23,0,4279.0,7321.0,4410.0,28,3,0,0,0,0,0,0,2848.8314395890934,0,2025
2025-02-04 00:00:00,1073,1,0,0,0,2212.0,7200.0,5962.0,28,4,0,0,0,0,1,0,2848.369549624943,0,2025
2025-02-04 01:00:00,407,1,0,1,0,1092.0,7819.0,5623.0,28,4,0,0,0,0,1,0,2849.439769947591,0,2025
2025-02-04 02:00:00,193,1,0,2,0,441.0,7979.0,4912.0,28,4,0,0,0,0,1,0,2851.6277250290896,0,2025
2025-02-04 03:00:00,162,1,0,3,0,214.0,6352.0,4957.0,28,4,0,0,0,0,1,0,2854.2004021458183,0,2025
2025-02-04 04:00:00,222,1,0,4,0,185.0,5837.0,5162.0,28,4,0,0,0,0,1,0,2856.8135473596167,0,2025
2025-02-04 05:00:00,729,1,0,5,0,187.0,5562.0,5174.0,28,4,0,0,0,0,1,0,2859.29284354274,0,2025
2025-02-04 06:00:00,1898,1,0,6,0,645.0,4279.0,5768.0,28,4,0,0,0,0,1,0,2860.850182445709,0,2025
2025-02-04 07:00:00,4221,1,0,7,0,1597.0,2212.0,6452.0,28,4,0,0,0,0,1,0,2860.732655166698,0,2025
2025-02-04 08:00:00,6283,1,0,8,0,3561.0,1092.0,6225.0,28,4,0,0,0,0,1,0,2859.03483030662,0,2025
2025-02-04 09:00:00,5924,1,0,9,0,5372.0,441.0,7180.0,28,4,0,0,0,0,1,0,2857.859261037672,0,2025
2025-02-04 10:00:00,5502,1,0,10,0,5828.0,214.0,7429.0,28,4,0,0,0,0,1,0,2856.465126407356,0,2025
2025-02-04 11:00:00,5366,1,0,11,0,5948.0,185.0,5735.0,28,4,0,0,0,0,1,0,2854.884995544066,0,2025
2025-02-04 12:00:00,5818,1,0,12,0,5921.0,187.0,5425.0,28,4,0,0,0,0,1,0,2853.263062196979,0,2025
2025-02-04 13:00:00,5924,1,0,13,0,6484.0,645.0,5296.0,28,4,0,0,0,0,1,0,2851.8213589118354,0,2025
2025-02-04 14:00:00,6766,1,0,14,0,6607.0,1597.0,4332.0,28,4,0,0,0,0,1,0,2850.4357582114826,0,2025
2025-02-04 15:00:00,7416,1,0,15,0,7612.0,3561.0,2251.0,28,4,0,0,0,0,1,0,2849.648856275814,0,2025
2025-02-04 16:00:00,7341,1,0,16,0,8361.0,5372.0,1073.0,28,4,0,0,0,0,1,0,2849.52547016904,0,2025
2025-02-04 17:00:00,8970,1,0,17,0,8280.0,5828.0,407.0,28,4,0,0,0,0,1,0,2849.3130513500814,0,2025
2025-02-04 18:00:00,9651,1,0,18,0,9582.0,5948.0,193.0,28,4,0,0,0,0,1,0,2851.4821932025457,0,2025
2025-02-04 19:00:00,8062,1,0,19,0,9776.0,5921.0,162.0,28,4,0,0,0,0,1,0,2854.958083176571,0,2025
2025-02-04 20:00:00,8386,1,0,20,0,8396.0,6484.0,222.0,28,4,0,0,0,0,1,0,2855.635023591236,0,2025
2025-02-04 21:00:00,9344,1,0,21,0,8403.0,6607.0,729.0,28,4,0,0,0,0,1,0,2856.7832849061683,0,2025
2025-02-04 22:00:00,6988,1,0,22,0,8455.0,7612.0,1898.0,28,4,0,0,0,0,1,0,2859.589014001694,0,2025
2025-02-04 23:00:00,3217,1,0,23,0,5932.0,8361.0,4221.0,28,4,0,0,0,0,1,0,2858.9730113111973,0,2025
2025-02-05 00:00:00,1275,1,0,0,0,3026.0,8280.0,6283.0,28,5,0,0,0,0,2,0,2857.728984803495,0,2025
2025-02-05 01:00:00,530,1,0,1,0,1352.0,9582.0,5924.0,28,5,0,0,0,0,2,0,2858.470768152454,0,2025
2025-02-05 02:00:00,282,1,0,2,0,607.0,9776.0,5502.0,28,5,0,0,0,0,2,0,2860.3789887936878,0,2025
2025-02-05 03:00:00,175,1,0,3,0,325.0,8396.0,5366.0,28,5,0,0,0,0,2,0,2862.7134261221613,0,2025
2025-02-05 04:00:00,303,1,0,4,0,202.0,8403.0,5818.0,28,5,0,0,0,0,2,0,2865.228198699484,0,2025
2025-02-05 05:00:00,755,1,0,5,0,301.0,8455.0,5924.0,28,5,0,0,0,0,2,0,2867.490166583006,0,2025
2025-02-05 06:00:00,2047,1,0,6,0,710.0,5932.0,6766.0,28,5,0,0,0,0,2,0,2868.963315479068,0,2025
2025-02-05 07:00:00,4885,1,0,7,0,1729.0,3026.0,7416.0,28,5,0,0,0,0,2,0,2868.68582467654,0,2025
2025-02-05 08:00:00,6804,1,0,8,0,4343.0,1352.0,7341.0,28,5,0,0,0,0,2,0,2867.001463991958,0,2025
2025-02-05 09:00:00,6253,1,0,9,0,5708.0,607.0,8970.0,28,5,0,0,0,0,2,0,2866.246860498144,0,2025
2025-02-05 10:00:00,5854,1,0,10,0,6115.0,325.0,9651.0,28,5,0,0,0,0,2,0,2865.071615310713,0,2025
2025-02-05 11:00:00,5963,1,0,11,0,6264.0,202.0,8062.0,28,5,0,0,0,0,2,0,2863.671567150606,0,2025
2025-02-05 12:00:00,6179,1,0,12,0,6554.0,301.0,8386.0,28,5,0,0,0,0,2,0,2862.3285803883014,0,2025
2025-02-05 13:00:00,6255,1,0,13,0,6959.0,710.0,9344.0,28,5,0,0,0,0,2,0,2861.110725818895,0,2025
2025-02-05 14:00:00,6890,1,0,14,0,7004.0,1729.0,6988.0,28,5,0,0,0,0,2,0,2859.942002635065,0,2025
2025-02-05 15:00:00,7771,1,0,15,0,7663.0,4343.0,3217.0,28,5,0,0,0,0,2,0,2859.265883761988,0,2025
2025-02-05 16:00:00,7659,1,0,16,0,8552.0,5708.0,1275.0,28,5,0,0,0,0,2,0,2859.54193604741,0,2025
2025-02-05 17:00:00,9358,1,0,17,0,8564.0,6115.0,530.0,28,5,0,0,0,0,2,0,2859.674376669683,0,2025
2025-02-05 18:00:00,10477,1,0,18,0,9548.0,6264.0,282.0,28,5,0,0,0,0,2,0,2862.4451048576125,0,2025
2025-02-05 19:00:00,8541,1,0,19,0,10038.0,6554.0,175.0,28,5,0,0,0,0,2,0,2867.569661212557,0,2025
2025-02-05 20:00:00,8043,1,0,20,0,8701.0,6959.0,303.0,28,5,0,0,0,0,2,0,2868.888077274584,0,2025
2025-02-05 21:00:00,9503,1,0,21,0,8270.0,7004.0,755.0,28,5,0,0,0,0,2,0,2869.4732863247414,0,2025
2025-02-05 22:00:00,8265,1,0,22,0,8743.0,7663.0,2047.0,28,5,0,0,0,0,2,0,2872.4482495195957,0,2025
2025-02-05 23:00:00,4302,1,0,23,0,6803.0,8552.0,4885.0,28,5,0,0,0,0,2,0,2873.3223872966114,0,2025
2025-02-06 00:00:00,1775,1,0,0,0,3878.0,8564.0,6804.0,28,6,0,0,0,0,3,0,2871.6924140270007,0,2025
2025-02-06 01:00:00,735,1,0,1,0,1991.0,9548.0,6253.0,28,6,0,0,0,0,3,0,2871.775943252808,0,2025
2025-02-06 02:00:00,412,1,0,2,0,820.0,10038.0,5854.0,28,6,0,0,0,0,3,0,2873.302288340384,0,2025
2025-02-06 03:00:00,326,1,0,3,0,461.0,8701.0,5963.0,28,6,0,0,0,0,3,0,2875.353184630671,0,2025
2025-02-06 04:00:00,353,1,0,4,0,367.0,8270.0,6179.0,28,6,0,0,0,0,3,0,2877.5387240678792,0,2025
2025-02-06 05:00:00,872,1,0,5,0,338.0,8743.0,6255.0,28,6,0,0,0,0,3,0,2879.661684588495,0,2025
2025-02-06 06:00:00,2345,1,0,6,0,664.0,6803.0,6890.0,28,6,0,0,0,0,3,0,2880.923947663069,0,2025
2025-02-06 07:00:00,5130,1,0,7,0,1819.0,3878.0,7771.0,28,6,0,0,0,0,3,0,2880.366050436044,0,2025
2025-02-06 08:00:00,6863,1,0,8,0,3926.0,1991.0,7659.0,28,6,0,0,0,0,3,0,2878.7507292673376,0,2025
2025-02-06 09:00:00,6391,1,0,9,0,5319.0,820.0,9358.0,28,6,0,0,0,0,3,0,2878.0393547110275,0,2025
2025-02-06 10:00:00,5438,1,0,10,0,5837.0,461.0,10477.0,28,6,0,0,0,0,3,0,2876.96419049434,0,2025
2025-02-06 11:00:00,5504,1,0,11,0,5660.0,367.0,8541.0,28,6,0,0,0,0,3,0,2875.427712031493,0,2025
2025-02-06 12:00:00,6505,1,0,12,0,5954.0,338.0,8043.0,28,6,0,0,0,0,3,0,2873.914010346338,0,2025
2025-02-06 13:00:00,5925,1,0,13,0,7179.0,664.0,9503.0,28,6,0,0,0,0,3,0,2872.922463883177,0,2025
2025-02-06 14:00:00,6615,1,0,14,0,6531.0,1819.0,8265.0,28,6,0,0,0,0,3,0,2871.582483767587,0,2025
2025-02-06 15:00:00,7189,1,0,15,0,7462.0,3926.0,4302.0,28,6,0,0,0,0,3,0,2870.6736703089023,0,2025
2025-02-06 16:00:00,7035,1,0,16,0,8110.0,5319.0,1775.0,28,6,0,0,0,0,3,0,2870.2650014601245,0,2025
2025-02-06 17:00:00,8773,1,0,17,0,7861.0,5837.0,735.0,28,6,0,0,0,0,3,0,2869.7077985068013,0,2025
2025-02-06 18:00:00,9778,1,0,18,0,9202.0,5660.0,412.0,28,6,0,0,0,0,3,0,2871.3438958784823,0,2025
2025-02-06 19:00:00,8078,1,0,19,0,9599.0,5954.0,326.0,28,6,0,0,0,0,3,0,2874.775297174979,0,2025
2025-02-06 20:00:00,7793,1,0,20,0,8327.0,7179.0,353.0,28,6,0,0,0,0,3,0,2875.3689528761806,0,2025
2025-02-06 21:00:00,8608,1,0,21,0,8292.0,6531.0,872.0,28,6,0,0,0,0,3,0,2875.5962269385027,0,2025
2025-02-06 22:00:00,8102,1,0,22,0,9076.0,7462.0,2345.0,28,6,0,0,0,0,3,0,2876.930250447689,0,2025
2025-02-06 23:00:00,5537,1,0,23,0,7195.0,8110.0,5130.0,28,6,0,0,0,0,3,0,2877.535314011897,0,2025
2025-02-07 00:00:00,2921,1,0,0,0,5034.0,7861.0,6863.0,28,7,0,0,0,0,4,0,2876.0392892468435,0,2025
2025-02-07 01:00:00,1473,1,0,1,0,3103.0,9202.0,6391.0,28,7,0,0,0,0,4,0,2875.062596867382,0,2025
2025-02-07 02:00:00,846,1,0,2,0,1686.0,9599.0,5438.0,28,7,0,0,0,0,4,0,2875.5210223602994,0,2025
2025-02-07 03:00:00,539,1,0,3,0,961.0,8327.0,5504.0,28,7,0,0,0,0,4,0,2876.846812795628,0,2025
2025-02-07 04:00:00,574,1,0,4,0,572.0,8292.0,6505.0,28,7,0,0,0,0,4,0,2878.644488326586,0,2025
2025-02-07 05:00:00,880,1,0,5,0,412.0,9076.0,5925.0,28,7,0,0,0,0,4,0,2880.372745912232,0,2025
2025-02-07 06:00:00,1911,1,0,6,0,641.0,7195.0,6615.0,28,7,0,0,0,0,4,0,2881.615013209359,0,2025
2025-02-07 07:00:00,4171,1,0,7,0,1598.0,5034.0,7189.0,28,7,0,0,0,0,4,0,2881.522687074601,0,2025
2025-02-07 08:00:00,5362,1,0,8,0,3482.0,3103.0,7035.0,28,7,0,0,0,0,4,0,2879.968177787142,0,2025
2025-02-07 09:00:00,5017,1,0,9,0,4688.0,1686.0,8773.0,28,7,0,0,0,0,4,0,2878.4437631009687,0,2025
2025-02-07 10:00:00,5160,1,0,10,0,5167.0,961.0,9778.0,28,7,0,0,0,0,4,0,2876.857380084707,0,2025
2025-02-07 11:00:00,5614,1,0,11,0,5637.0,572.0,8078.0,28,7,0,0,0,0,4,0,2875.2946791144914,0,2025
2025-02-07 12:00:00,6242,1,0,12,0,6261.0,412.0,7793.0,28,7,0,0,0,0,4,0,2873.853658062543,0,2025
2025-02-07 13:00:00,6528,1,0,13,0,6924.0,641.0,8608.0,28,7,0,0,0,0,4,0,2872.710478653736,0,2025
2025-02-07 14:00:00,7457,1,0,14,0,7214.0,1598.0,8102.0,28,7,0,0,0,0,4,0,2871.7532135296624,0,2025
2025-02-07 15:00:00,8349,1,0,15,0,8194.0,3482.0,5537.0,28,7,0,0,0,0,4,0,2871.61312002154,0,2025
2025-02-07 16:00:00,8290,1,0,16,0,8921.0,4688.0,2921.0,28,7,0,0,0,0,4,0,2872.565051446016,0,2025
2025-02-07 17:00:00,9783,1,0,17,0,9027.0,5167.0,1473.0,28,7,0,0,0,0,4,0,2873.4272901176605,0,2025
2025-02-07 18:00:00,11670,1,0,18,0,9806.0,5637.0,846.0,28,7,0,0,0,0,4,0,2876.7533730228924,0,2025
2025-02-07 19:00:00,10303,1,0,19,0,10406.0,6261.0,539.0,28,7,0,0,0,0,4,0,2884.386259567187,0,2025
2025-02-07 20:00:00,8210,1,0,20,0,9342.0,6924.0,574.0,28,7,0,0,0,0,4,0,2888.706940272466,0,2025
2025-02-07 21:00:00,8191,1,0,21,0,8523.0,7214.0,880.0,28,7,0,0,0,0,4,0,2889.4044886978813,0,2025
2025-02-07 22:00:00,9036,1,0,22,0,9593.0,8194.0,1911.0,28,7,0,0,0,0,4,0,2890.0703650352725,0,2025
2025-02-07 23:00:00,9572,1,0,23,0,9360.0,8921.0,4171.0,28,7,0,0,0,0,4,0,2891.9687929064457,0,2025
2025-02-08 00:00:00,8699,1,0,0,0,8185.0,9027.0,5362.0,28,8,0,0,0,0,5,0,2894.777766766528,0,2025
2025-02-08 01:00:00,6903,1,0,1,0,7195.0,9806.0,5017.0,28,8,0,0,0,0,5,0,2896.1243143790703,0,2025
2025-02-08 02:00:00,4857,1,0,2,0,5990.0,10406.0,5160.0,28,8,0,0,0,0,5,0,2895.4013841795545,0,2025
2025-02-08 03:00:00,2863,1,0,3,0,4423.0,9342.0,5614.0,28,8,0,0,0,0,5,0,2893.818542296889,0,2025
2025-02-08 04:00:00,1518,1,0,4,0,2682.0,8523.0,6242.0,28,8,0,0,0,0,5,0,2892.9213959786225,0,2025
2025-02-08 05:00:00,622,1,0,5,0,1420.0,9593.0,6528.0,28,8,0,0,0,0,5,0,2893.3301599202755,0,2025
2025-02-08 06:00:00,908,1,0,6,0,555.0,9360.0,7457.0,28,8,0,0,0,0,5,0,2894.9786922318026,0,2025
2025-02-08 07:00:00,1433,1,0,7,0,842.0,8185.0,8349.0,28,8,0,0,0,0,5,0,2896.1867044886903,0,2025
2025-02-08 08:00:00,2393,1,0,8,0,1404.0,7195.0,8290.0,28,8,0,0,0,0,5,0,2896.6797940612955,0,2025
2025-02-08 09:00:00,3824,1,0,9,0,2477.0,5990.0,9783.0,28,8,0,0,0,0,5,0,2896.146446636447,0,2025
2025-02-08 10:00:00,5053,1,0,10,0,4178.0,4423.0,11670.0,28,8,0,0,0,0,5,0,2894.7334136218765,0,2025
2025-02-08 11:00:00,5816,1,0,11,0,5694.0,2682.0,10303.0,28,8,0,0,0,0,5,0,2893.180798630104,0,2025
2025-02-08 12:00:00,6583,1,0,12,0,6574.0,1420.0,8210.0,28,8,0,0,0,0,5,0,2891.827131140844,0,2025
2025-02-08 13:00:00,7310,1,0,13,0,7591.0,555.0,8191.0,28,8,0,0,0,0,5,0,2890.891746695994,0,2025
2025-02-08 14:00:00,7186,1,0,14,0,8609.0,842.0,9036.0,28,8,0,0,0,0,5,0,2890.5534580884155,0,2025
2025-02-08 15:00:00,7648,1,0,15,0,8496.0,1404.0,9572.0,28,8,0,0,0,0,5,0,2890.097719881869,0,2025
2025-02-08 16:00:00,8080,1,0,16,0,9319.0,2477.0,8699.0,28,8,0,0,0,0,5,0,2890.099089994933,0,2025
2025-02-08 17:00:00,8294,1,0,17,0,9945.0,4178.0,6903.0,28,8,0,0,0,0,5,0,2890.596782865477,0,2025
2025-02-08 18:00:00,9179,1,0,18,0,9723.0,5694.0,4857.0,28,8,0,0,0,0,5,0,2891.3615143198213,0,2025
2025-02-08 19:00:00,9768,1,0,19,0,9651.0,6574.0,2863.0,28,8,0,0,0,0,5,0,2893.4243074555256,0,2025
2025-02-08 20:00:00,10142,1,0,20,0,9529.0,7591.0,1518.0,28,8,0,0,0,0,5,0,2896.499810530688,0,2025
2025-02-08 21:00:00,8982,1,0,21,0,8428.0,8609.0,622.0,28,8,0,0,0,0,5,0,2900.271509996214,0,2025
2025-02-08 22:00:00,9197,1,0,22,0,7265.0,8496.0,908.0,28,8,0,0,0,0,5,0,2901.973629236972,0,2025
2025-02-08 23:00:00,8791,1,0,23,0,7461.0,9319.0,1433.0,28,8,0,0,0,0,5,0,2904.004946821109,0,2025
2025-02-09 00:00:00,8225,1,0,0,0,6852.0,9945.0,2393.0,28,9,0,0,0,0,6,0,2905.3953881705074,0,2025
2025-02-09 01:00:00,6564,1,0,1,0,5938.0,9723.0,3824.0,28,9,0,0,0,0,6,0,2906.0042069225824,0,2025
2025-02-09 02:00:00,4854,1,0,2,0,4776.0,9651.0,5053.0,28,9,0,0,0,0,6,0,2905.025051691337,0,2025
2025-02-09 03:00:00,3190,1,0,3,0,3726.0,9529.0,5816.0,28,9,0,0,0,0,6,0,2903.4766438194047,0,2025
2025-02-09 04:00:00,1856,1,0,4,0,2405.0,8428.0,6583.0,28,9,0,0,0,0,6,0,2902.4055696817245,0,2025
2025-02-09 05:00:00,987,1,0,5,0,1334.0,7265.0,7310.0,28,9,0,0,0,0,6,0,2902.4471488743698,0,2025
2025-02-09 06:00:00,1308,1,0,6,0,562.0,7461.0,7186.0,28,9,0,0,0,0,6,0,2903.5575000648687,0,2025
2025-02-09 07:00:00,1501,1,0,7,0,658.0,6852.0,7648.0,28,9,0,0,0,0,6,0,2904.23236097962,0,2025
2025-02-09 08:00:00,2143,1,0,8,0,1077.0,5938.0,8080.0,28,9,0,0,0,0,6,0,2904.6628081614213,0,2025
2025-02-09 09:00:00,3549,1,0,9,0,1769.0,4776.0,8294.0,28,9,0,0,0,0,6,0,2904.395253820992,0,2025
2025-02-09 10:00:00,5093,1,0,10,0,3199.0,3726.0,9179.0,28,9,0,0,0,0,6,0,2903.1347693630496,0,2025
2025-02-09 11:00:00,5813,1,0,11,0,4595.0,2405.0,9768.0,28,9,0,0,0,0,6,0,2901.6177240543425,0,2025
2025-02-09 12:00:00,6568,1,0,12,0,5383.0,1334.0,10142.0,28,9,0,0,0,0,6,0,2900.279119293186,0,2025
2025-02-09 13:00:00,6447,1,0,13,0,6440.0,562.0,8982.0,28,9,0,0,0,0,6,0,2899.328895058403,0,2025
2025-02-09 14:00:00,6447,1,0,14,0,6605.0,658.0,9197.0,28,9,0,0,0,0,6,0,2898.303388086716,0,2025
2025-02-09 15:00:00,6250,1,0,15,0,6954.0,1077.0,8791.0,28,9,0,0,0,0,6,0,2897.278622358549,0,2025
2025-02-09 16:00:00,6931,1,0,16,0,6697.0,1769.0,8225.0,28,9,0,0,0,0,6,0,2896.143040335816,0,2025
2025-02-09 17:00:00,9640,1,0,17,0,7182.0,3199.0,6564.0,28,9,0,0,0,0,6,0,2895.4533002455046,0,2025
2025-02-09 18:00:00,9633,1,0,18,0,8121.0,4595.0,4854.0,28,9,0,0,0,0,6,0,2898.1890748662954,0,2025
2025-02-09 19:00:00,4368,1,0,19,0,7845.0,5383.0,3190.0,28,9,0,0,0,0,6,0,2900.8954241175184,0,2025
2025-02-09 20:00:00,3944,1,0,20,0,4437.0,6440.0,1856.0,28,9,0,0,0,0,6,0,2899.4100662238334,0,2025
2025-02-09 21:00:00,5674,1,0,21,0,4179.0,6605.0,987.0,28,9,0,0,0,0,6,0,2898.025538899601,0,2025
2025-02-09 22:00:00,8144,1,0,22,0,4745.0,6954.0,1308.0,28,9,0,0,0,0,6,0,2896.648746273906,0,2025
2025-02-09 23:00:00,4302,1,0,23,0,5215.0,6697.0,1501.0,28,9,0,0,0,0,6,0,2897.148846470053,0,2025
2025-02-10 00:00:00,1606,1,0,0,0,3150.0,7182.0,2143.0,28,10,0,0,0,0,0,0,2895.683298441928,0,2025
2025-02-10 01:00:00,603,1,0,1,0,1430.0,8121.0,3549.0,28,10,0,0,0,0,0,0,2896.012268796412,0,2025
2025-02-10 02:00:00,414,1,0,2,0,546.0,7845.0,5093.0,28,10,0,0,0,0,0,0,2897.666800057908,0,2025
2025-02-10 03:00:00,294,1,0,3,0,386.0,4437.0,5813.0,28,10,0,0,0,0,0,0,2899.6006098433395,0,2025
2025-02-10 04:00:00,508,1,0,4,0,254.0,4179.0,6568.0,28,10,0,0,0,0,0,0,2901.7123635641847,0,2025
2025-02-10 05:00:00,1072,1,0,5,0,304.0,4745.0,6447.0,28,10,0,0,0,0,0,0,2903.475773333798,0,2025
2025-02-10 06:00:00,2290,1,0,6,0,756.0,5215.0,6447.0,28,10,0,0,0,0,0,0,2904.425288690858,0,2025
2025-02-10 07:00:00,4912,1,0,7,0,1651.0,3150.0,6250.0,28,10,0,0,0,0,0,0,2904.024321268821,0,2025
2025-02-10 08:00:00,6363,1,0,8,0,3791.0,1430.0,6931.0,28,10,0,0,0,0,0,0,2902.525667634236,0,2025
2025-02-10 09:00:00,5632,1,0,9,0,5231.0,546.0,9640.0,28,10,0,0,0,0,0,0,2901.4739790276294,0,2025
2025-02-10 10:00:00,5132,1,0,10,0,5533.0,386.0,9633.0,28,10,0,0,0,0,0,0,2900.10618650082,0,2025
2025-02-10 11:00:00,5195,1,0,11,0,5434.0,254.0,4368.0,28,10,0,0,0,0,0,0,2898.6330983456487,0,2025
2025-02-10 12:00:00,5430,1,0,12,0,5803.0,304.0,3944.0,28,10,0,0,0,0,0,0,2897.1708566894235,0,2025
2025-02-10 13:00:00,6162,1,0,13,0,5954.0,756.0,5674.0,28,10,0,0,0,0,0,0,2895.7552959390173,0,2025
2025-02-10 14:00:00,6406,1,0,14,0,6712.0,1651.0,8144.0,28,10,0,0,0,0,0,0,2894.6056077587587,0,2025
2025-02-10 15:00:00,6890,1,0,15,0,7073.0,3791.0,4302.0,28,10,0,0,0,0,0,0,2893.5870886601856,0,2025
2025-02-10 16:00:00,6947,1,0,16,0,7638.0,5231.0,1606.0,28,10,0,0,0,0,0,0,2892.8890506839434,0,2025
2025-02-10 17:00:00,8309,1,0,17,0,7616.0,5533.0,603.0,28,10,0,0,0,0,0,0,2892.233699808336,0,2025
2025-02-10 18:00:00,8479,1,0,18,0,8470.0,5434.0,414.0,28,10,0,0,0,0,0,0,2892.945600003268,0,2025
2025-02-10 19:00:00,6660,1,0,19,0,8205.0,5803.0,294.0,28,10,0,0,0,0,0,0,2893.867602390192,0,2025
2025-02-10 20:00:00,6354,1,0,20,0,6887.0,5954.0,508.0,28,10,0,0,0,0,0,0,2893.002863024092,0,2025
2025-02-10 21:00:00,6105,1,0,21,0,6632.0,6712.0,1072.0,28,10,0,0,0,0,0,0,2891.9539137028905,0,2025
2025-02-10 22:00:00,4357,1,0,22,0,6014.0,7073.0,2290.0,28,10,0,0,0,0,0,0,2890.7803180414403,0,2025
2025-02-10 23:00:00,2449,1,0,23,0,4291.0,7638.0,4912.0,28,10,0,0,0,0,0,0,2889.3425483663755,0,2025
2025-02-11 00:00:00,1225,1,0,0,0,2455.0,7616.0,6363.0,28,11,0,0,0,0,1,0,2888.844197779292,0,2025
2025-02-11 01:00:00,540,1,0,1,0,1204.0,8470.0,5632.0,28,11,0,0,0,0,1,0,2889.6178967732885,0,2025
2025-02-11 02:00:00,212,1,0,2,0,573.0,8205.0,5132.0,28,11,0,0,0,0,1,0,2891.3250816100017,0,2025
2025-02-11 03:00:00,169,1,0,3,0,201.0,6887.0,5195.0,28,11,0,0,0,0,1,0,2893.5282377270078,0,2025
2025-02-11 04:00:00,314,1,0,4,0,166.0,6632.0,5430.0,28,11,0,0,0,0,1,0,2895.786889614074,0,2025
2025-02-11 05:00:00,821,1,0,5,0,272.0,6014.0,6162.0,28,11,0,0,0,0,1,0,2897.80210977981,0,2025
2025-02-11 06:00:00,1987,1,0,6,0,689.0,4291.0,6406.0,28,11,0,0,0,0,1,0,2899.061676301784,0,2025
2025-02-11 07:00:00,4606,1,0,7,0,1721.0,2455.0,6890.0,28,11,0,0,0,0,1,0,2898.94641846994,0,2025
2025-02-11 08:00:00,6597,1,0,8,0,4014.0,1204.0,6947.0,28,11,0,0,0,0,1,0,2897.487989817112,0,2025
2025-02-11 09:00:00,6209,1,0,9,0,5612.0,573.0,8309.0,28,11,0,0,0,0,1,0,2896.6087307417547,0,2025
2025-02-11 10:00:00,5752,1,0,10,0,6026.0,201.0,8479.0,28,11,0,0,0,0,1,0,2895.5096575457665,0,2025
2025-02-11 11:00:00,5799,1,0,11,0,6078.0,166.0,6660.0,28,11,0,0,0,0,1,0,2894.219776707578,0,2025
2025-02-11 12:00:00,6046,1,0,12,0,6275.0,272.0,6354.0,28,11,0,0,0,0,1,0,2892.947943544691,0,2025
2025-02-11 13:00:00,6228,1,0,13,0,6565.0,689.0,6105.0,28,11,0,0,0,0,1,0,2891.776190379592,0,2025
2025-02-11 14:00:00,6900,1,0,14,0,6884.0,1721.0,4357.0,28,11,0,0,0,0,1,0,2890.6917003065323,0,2025
2025-02-11 15:00:00,7253,1,0,15,0,7621.0,4014.0,2449.0,28,11,0,0,0,0,1,0,2890.024423114148,0,2025
2025-02-11 16:00:00,7173,1,0,16,0,8005.0,5612.0,1225.0,28,11,0,0,0,0,1,0,2889.637540289483,0,2025
2025-02-11 17:00:00,8929,1,0,17,0,7865.0,6026.0,540.0,28,11,0,0,0,0,1,0,2889.1819827215318,0,2025
2025-02-11 18:00:00,10119,1,0,18,0,8974.0,6078.0,212.0,28,11,0,0,0,0,1,0,2890.7071494485112,0,2025
2025-02-11 19:00:00,8114,1,0,19,0,9316.0,6275.0,169.0,28,11,0,0,0,0,1,0,2894.165021064834,0,2025
2025-02-11 20:00:00,9602,1,0,20,0,7867.0,6565.0,314.0,28,11,0,0,0,0,1,0,2894.620563360889,0,2025
2025-02-11 21:00:00,9651,1,0,21,0,8312.0,6884.0,821.0,28,11,0,0,0,0,1,0,2897.1480765431534,0,2025
2025-02-11 22:00:00,7327,1,0,22,0,8278.0,7621.0,1987.0,28,11,0,0,0,0,1,0,2899.7415545684926,0,2025
2025-02-11 23:00:00,3953,1,0,23,0,5554.0,8005.0,4606.0,28,11,0,0,0,0,1,0,2899.389032545207,0,2025
2025-02-12 00:00:00,1499,1,0,0,0,3221.0,7865.0,6597.0,28,12,0,0,0,0,2,0,2898.074167804402,0,2025
2025-02-12 01:00:00,678,1,0,1,0,1339.0,8974.0,6209.0,28,12,0,0,0,0,2,0,2898.5078297012983,0,2025
2025-02-12 02:00:00,313,1,0,2,0,642.0,9316.0,5752.0,28,12,0,0,0,0,2,0,2899.9784686183098,0,2025
2025-02-12 03:00:00,260,1,0,3,0,254.0,7867.0,5799.0,28,12,0,0,0,0,2,0,2901.9752431522325,0,2025
2025-02-12 04:00:00,401,1,0,4,0,200.0,8312.0,6046.0,28,12,0,0,0,0,2,0,2904.041242876072,0,2025
2025-02-12 05:00:00,982,1,0,5,0,229.0,8278.0,6228.0,28,12,0,0,0,0,2,0,2905.881158169623,0,2025
2025-02-12 06:00:00,2266,1,0,6,0,627.0,5554.0,6900.0,28,12,0,0,0,0,2,0,2906.902785471795,0,2025
2025-02-12 07:00:00,4904,1,0,7,0,1614.0,3221.0,7253.0,28,12,0,0,0,0,2,0,2906.5427463909723,0,2025
2025-02-12 08:00:00,6808,1,0,8,0,3805.0,1339.0,7173.0,28,12,0,0,0,0,2,0,2905.113193087542,0,2025
2025-02-12 09:00:00,6183,1,0,9,0,5358.0,642.0,8929.0,28,12,0,0,0,0,2,0,2904.3791802185565,0,2025
2025-02-12 10:00:00,5441,1,0,10,0,5612.0,254.0,10119.0,28,12,0,0,0,0,2,0,2903.2828116085893,0,2025
2025-02-12 11:00:00,5557,1,0,11,0,5731.0,200.0,8114.0,28,12,0,0,0,0,2,0,2901.929530631964,0,2025
2025-02-12 12:00:00,5853,1,0,12,0,5945.0,229.0,9602.0,28,12,0,0,0,0,2,0,2900.606151221405,0,2025
2025-02-12 13:00:00,6044,1,0,13,0,6296.0,627.0,9651.0,28,12,0,0,0,0,2,0,2899.3765452575703,0,2025
2025-02-12 14:00:00,6954,1,0,14,0,6563.0,1614.0,7327.0,28,12,0,0,0,0,2,0,2898.2234018820536,0,2025
2025-02-12 15:00:00,7347,1,0,15,0,7583.0,3805.0,3953.0,28,12,0,0,0,0,2,0,2897.5970238351683,0,2025
2025-02-12 16:00:00,7520,1,0,16,0,8092.0,5358.0,1499.0,28,12,0,0,0,0,2,0,2897.2829514494897,0,2025
2025-02-12 17:00:00,9437,1,0,17,0,8099.0,5612.0,678.0,28,12,0,0,0,0,2,0,2897.121199800232,0,2025
2025-02-12 18:00:00,10786,1,0,18,0,9338.0,5731.0,313.0,28,12,0,0,0,0,2,0,2899.3322423951254,0,2025
2025-02-12 19:00:00,8422,1,0,19,0,9869.0,5945.0,260.0,28,12,0,0,0,0,2,0,2903.934144789665,0,2025
2025-02-12 20:00:00,8382,1,0,20,0,8124.0,6296.0,401.0,28,12,0,0,0,0,2,0,2904.711403582753,0,2025
2025-02-12 21:00:00,9723,1,0,21,0,8254.0,6563.0,982.0,28,12,0,0,0,0,2,0,2905.434613354309,0,2025
2025-02-12 22:00:00,8229,1,0,22,0,8568.0,7583.0,2266.0,28,12,0,0,0,0,2,0,2908.0511775191326,0,2025
2025-02-12 23:00:00,4931,1,0,23,0,6436.0,8092.0,4904.0,28,12,0,0,0,0,2,0,2908.5811188801617,0,2025
2025-02-13 00:00:00,1842,1,0,0,0,3961.0,8099.0,6808.0,28,13,0,0,0,0,3,0,2907.172262309386,0,2025
2025-02-13 01:00:00,742,1,0,1,0,1663.0,9338.0,6183.0,28,13,0,0,0,0,3,0,2907.2405289318863,0,2025
2025-02-13 02:00:00,398,1,0,2,0,740.0,9869.0,5441.0,28,13,0,0,0,0,3,0,2908.595504047995,0,2025
2025-02-13 03:00:00,349,1,0,3,0,378.0,8124.0,5557.0,28,13,0,0,0,0,3,0,2910.426533597409,0,2025
2025-02-13 04:00:00,481,1,0,4,0,317.0,8254.0,5853.0,28,13,0,0,0,0,3,0,2912.318677390533,0,2025
2025-02-13 05:00:00,1181,1,0,5,0,315.0,8568.0,6044.0,28,13,0,0,0,0,3,0,2914.0078442636877,0,2025
2025-02-13 06:00:00,2559,1,0,6,0,750.0,6436.0,6954.0,28,13,0,0,0,0,3,0,2914.768531198319,0,2025
2025-02-13 07:00:00,5334,1,0,7,0,1911.0,3961.0,7347.0,28,13,0,0,0,0,3,0,2914.191509566594,0,2025
2025-02-13 08:00:00,7304,1,0,8,0,4073.0,1663.0,7520.0,28,13,0,0,0,0,3,0,2912.8367167035817,0,2025
2025-02-13 09:00:00,6709,1,0,9,0,5501.0,740.0,9437.0,28,13,0,0,0,0,3,0,2912.4738585467207,0,2025
2025-02-13 10:00:00,5827,1,0,10,0,5813.0,378.0,10786.0,28,13,0,0,0,0,3,0,2911.6765702409903,0,2025
2025-02-13 11:00:00,5664,1,0,11,0,5963.0,317.0,8422.0,28,13,0,0,0,0,3,0,2910.452880633922,0,2025
2025-02-13 12:00:00,6024,1,0,12,0,6012.0,315.0,8382.0,28,13,0,0,0,0,3,0,2909.179990199741,0,2025
2025-02-13 13:00:00,6241,1,0,13,0,6432.0,750.0,9723.0,28,13,0,0,0,0,3,0,2908.0322377190246,0,2025
2025-02-13 14:00:00,7368,1,0,14,0,6665.0,1911.0,8229.0,28,13,0,0,0,0,3,0,2906.9806581063654,0,2025
2025-02-13 15:00:00,7661,1,0,15,0,7929.0,4073.0,4931.0,28,13,0,0,0,0,3,0,2906.6709336474573,0,2025
2025-02-13 16:00:00,8098,1,0,16,0,7972.0,5501.0,1842.0,28,13,0,0,0,0,3,0,2906.620186755054,0,2025
2025-02-13 17:00:00,10116,1,0,17,0,8300.0,5813.0,742.0,28,13,0,0,0,0,3,0,2907.006992821951,0,2025
2025-02-13 18:00:00,12407,1,0,18,0,9368.0,5963.0,398.0,28,13,0,0,0,0,3,0,2910.2271252244577,0,2025
2025-02-13 19:00:00,10558,1,0,19,0,11127.0,6012.0,349.0,28,13,0,0,0,0,3,0,2918.2462535180875,0,2025
2025-02-13 20:00:00,9729,1,0,20,0,9349.0,6432.0,481.0,28,13,0,0,0,0,3,0,2922.208747017881,0,2025
2025-02-13 21:00:00,10271,1,0,21,0,8855.0,6665.0,1181.0,28,13,0,0,0,0,3,0,2924.718336377888,0,2025
2025-02-13 22:00:00,9462,1,0,22,0,9568.0,7929.0,2559.0,28,13,0,0,0,0,3,0,2928.1208733149074,0,2025
2025-02-13 23:00:00,6435,1,0,23,0,8420.0,7972.0,5334.0,28,13,0,0,0,0,3,0,2930.188824455891,0,2025
2025-02-14 00:00:00,3912,1,0,0,0,5015.0,8300.0,7304.0,28,14,0,0,0,0,4,0,2929.2087837909016,0,2025
2025-02-14 01:00:00,1904,1,0,1,0,3192.0,9368.0,6709.0,28,14,0,0,0,0,4,0,2927.962420269032,0,2025
2025-02-14 02:00:00,1068,1,0,2,0,1945.0,11127.0,5827.0,28,14,0,0,0,0,4,0,2927.9734497553736,0,2025
2025-02-14 03:00:00,617,1,0,3,0,1080.0,9349.0,5664.0,28,14,0,0,0,0,4,0,2928.8865641181883,0,2025
2025-02-14 04:00:00,694,1,0,4,0,565.0,8855.0,6024.0,28,14,0,0,0,0,4,0,2930.373615328715,0,2025
2025-02-14 05:00:00,1092,1,0,5,0,491.0,9568.0,6241.0,28,14,0,0,0,0,4,0,2931.748258812295,0,2025
2025-02-14 06:00:00,2311,1,0,6,0,752.0,8420.0,7368.0,28,14,0,0,0,0,4,0,2932.61131455729,0,2025
2025-02-14 07:00:00,4426,1,0,7,0,1552.0,5015.0,7661.0,28,14,0,0,0,0,4,0,2932.2461032976903,0,2025
2025-02-14 08:00:00,5510,1,0,8,0,3277.0,3192.0,8098.0,28,14,0,0,0,0,4,0,2930.892056432325,0,2025
2025-02-14 09:00:00,5355,1,0,9,0,4445.0,1945.0,10116.0,28,14,0,0,0,0,4,0,2929.589741376138,0,2025
2025-02-14 10:00:00,5422,1,0,10,0,5210.0,1080.0,12407.0,28,14,0,0,0,0,4,0,2928.258994757655,0,2025
2025-02-14 11:00:00,5718,1,0,11,0,5618.0,565.0,10558.0,28,14,0,0,0,0,4,0,2926.942132621144,0,2025
2025-02-14 12:00:00,6577,1,0,12,0,6047.0,491.0,9729.0,28,14,0,0,0,0,4,0,2925.6975031638285,0,2025
2025-02-14 13:00:00,7405,1,0,13,0,6930.0,752.0,10271.0,28,14,0,0,0,0,4,0,2924.8172421392783,0,2025
2025-02-14 14:00:00,8427,1,0,14,0,7335.0,1552.0,9462.0,28,14,0,0,0,0,4,0,2924.5096628125902,0,2025
2025-02-14 15:00:00,9484,1,0,15,0,8098.0,3277.0,6435.0,28,14,0,0,0,0,4,0,2925.2071710284263,0,2025
2025-02-14 16:00:00,10491,1,0,16,0,8954.0,4445.0,3912.0,28,14,0,0,0,0,4,0,2927.2878062475365,0,2025
2025-02-14 17:00:00,12004,1,0,17,0,9582.0,5210.0,1904.0,28,14,0,0,0,0,4,0,2931.00573186367,0,2025
2025-02-14 18:00:00,13168,1,0,18,0,10687.0,5618.0,1068.0,28,14,0,0,0,0,4,0,2937.7748538201413,0,2025
2025-02-14 19:00:00,12692,1,0,19,0,10990.0,6047.0,617.0,28,14,0,0,0,0,4,0,2947.343938770017,0,2025
2025-02-14 20:00:00,10942,1,0,20,0,10246.0,6930.0,694.0,28,14,0,0,0,0,4,0,2955.636284058058,0,2025
2025-02-14 21:00:00,9614,1,0,21,0,9223.0,7335.0,1092.0,28,14,0,0,0,0,4,0,2960.0588782264267,0,2025
2025-02-14 22:00:00,9853,1,0,22,0,9577.0,8098.0,2311.0,28,14,0,0,0,0,4,0,2962.208325878728,0,2025
2025-02-14 23:00:00,9889,1,0,23,0,8850.0,8954.0,4426.0,28,14,0,0,0,0,4,0,2964.7086710040103,0,2025
2025-02-15 00:00:00,7498,1,0,0,0,8662.0,9582.0,5510.0,28,15,0,0,0,0,5,0,2967.2511865479346,0,2025
2025-02-15 01:00:00,5819,1,0,1,0,6785.0,10687.0,5355.0,28,15,0,0,0,0,5,0,2966.9417433512917,0,2025
2025-02-15 02:00:00,4227,1,0,2,0,4969.0,10990.0,5422.0,28,15,0,0,0,0,5,0,2965.7043366625758,0,2025
2025-02-15 03:00:00,2933,1,0,3,0,3869.0,10246.0,5718.0,28,15,0,0,0,0,5,0,2964.40165419135,0,2025
2025-02-15 04:00:00,1833,1,0,4,0,2447.0,9223.0,6577.0,28,15,0,0,0,0,5,0,2963.627451799913,0,2025
2025-02-15 05:00:00,872,1,0,5,0,1436.0,9577.0,7405.0,28,15,0,0,0,0,5,0,2963.7096881712328,0,2025
2025-02-15 06:00:00,1124,1,0,6,0,541.0,8850.0,8427.0,28,15,0,0,0,0,5,0,2964.8430378565363,0,2025
2025-02-15 07:00:00,1340,1,0,7,0,773.0,8662.0,9484.0,28,15,0,0,0,0,5,0,2965.665880306009,0,2025
2025-02-15 08:00:00,2345,1,0,8,0,1184.0,6785.0,10491.0,28,15,0,0,0,0,5,0,2966.2390889684475,0,2025
2025-02-15 09:00:00,3591,1,0,9,0,2153.0,4969.0,12004.0,28,15,0,0,0,0,5,0,2965.86485659583,0,2025
2025-02-15 10:00:00,4474,1,0,10,0,3535.0,3869.0,13168.0,28,15,0,0,0,0,5,0,2964.7560555908904,0,2025
2025-02-15 11:00:00,5498,1,0,11,0,4857.0,2447.0,12692.0,28,15,0,0,0,0,5,0,2963.419914131668,0,2025
2025-02-15 12:00:00,6194,1,0,12,0,6098.0,1436.0,10942.0,28,15,0,0,0,0,5,0,2962.122676461016,0,2025
2025-02-15 13:00:00,7203,1,0,13,0,6847.0,541.0,9614.0,28,15,0,0,0,0,5,0,2961.037167141759,0,2025
2025-02-15 14:00:00,7494,1,0,14,0,8445.0,773.0,9853.0,28,15,0,0,0,0,5,0,2960.5222604828523,0,2025
2025-02-15 15:00:00,8428,1,0,15,0,8364.0,1184.0,9889.0,28,15,0,0,0,0,5,0,2960.228942730372,0,2025
2025-02-15 16:00:00,8744,1,0,16,0,8817.0,2153.0,7498.0,28,15,0,0,0,0,5,0,2960.8225156133726,0,2025
2025-02-15 17:00:00,8980,1,0,17,0,9328.0,3535.0,5819.0,28,15,0,0,0,0,5,0,2961.771966724648,0,2025
2025-02-15 18:00:00,10564,1,0,18,0,8694.0,4857.0,4227.0,28,15,0,0,0,0,5,0,2963.003931098689,0,2025
2025-02-15 19:00:00,11316,1,0,19,0,9171.0,6098.0,2933.0,28,15,0,0,0,0,5,0,2966.603424696069,0,2025
2025-02-15 20:00:00,8864,1,0,20,0,9159.0,6847.0,1833.0,28,15,0,0,0,0,5,0,2971.575045006695,0,2025
2025-02-15 21:00:00,9033,1,0,21,0,7875.0,8445.0,872.0,28,15,0,0,0,0,5,0,2972.629621071052,0,2025
2025-02-15 22:00:00,10299,1,0,22,0,7957.0,8364.0,1124.0,28,15,0,0,0,0,5,0,2973.8863184907486,0,2025
2025-02-15 23:00:00,9800,1,0,23,0,8317.0,8817.0,1340.0,28,15,0,0,0,0,5,0,2976.972060848692,0,2025
2025-02-16 00:00:00,8045,1,0,0,0,7603.0,9328.0,2345.0,28,16,0,0,0,0,6,0,2979.261210078385,0,2025
2025-02-16 01:00:00,6061,1,0,1,0,6097.0,8694.0,3591.0,28,16,0,0,0,0,6,0,2979.4014645209018,0,2025
2025-02-16 02:00:00,4542,1,0,2,0,4692.0,9171.0,4474.0,28,16,0,0,0,0,6,0,2978.2519776262143,0,2025
2025-02-16 03:00:00,2942,1,0,3,0,3550.0,9159.0,5498.0,28,16,0,0,0,0,6,0,2976.926622307028,0,2025
2025-02-16 04:00:00,1771,1,0,4,0,2334.0,7875.0,6194.0,28,16,0,0,0,0,6,0,2976.173120250535,0,2025
2025-02-16 05:00:00,812,1,0,5,0,1127.0,7957.0,7203.0,28,16,0,0,0,0,6,0,2976.327553604037,0,2025
2025-02-16 06:00:00,1016,1,0,6,0,506.0,8317.0,7494.0,28,16,0,0,0,0,6,0,2977.5297825299767,0,2025
2025-02-16 07:00:00,1390,1,0,7,0,695.0,7603.0,8428.0,28,16,0,0,0,0,6,0,2978.4785431558776,0,2025
2025-02-16 08:00:00,1758,1,0,8,0,1254.0,6097.0,8744.0,28,16,0,0,0,0,6,0,2979.003251355632,0,2025
2025-02-16 09:00:00,3037,1,0,9,0,1853.0,4692.0,8980.0,28,16,0,0,0,0,6,0,2979.154260615839,0,2025
2025-02-16 10:00:00,4951,1,0,10,0,3313.0,3550.0,10564.0,28,16,0,0,0,0,6,0,2978.338161222374,0,2025
2025-02-16 11:00:00,5353,1,0,11,0,5087.0,2334.0,11316.0,28,16,0,0,0,0,6,0,2977.001517901199,0,2025
2025-02-16 12:00:00,7698,1,0,12,0,5710.0,1127.0,8864.0,28,16,0,0,0,0,6,0,2975.697491351134,0,2025
2025-02-16 13:00:00,7875,1,0,13,0,7182.0,506.0,9033.0,28,16,0,0,0,0,6,0,2975.5437958744465,0,2025
2025-02-16 14:00:00,6031,1,0,14,0,7070.0,695.0,10299.0,28,16,0,0,0,0,6,0,2975.5418267529467,0,2025
2025-02-16 15:00:00,5368,1,0,15,0,6514.0,1254.0,9800.0,28,16,0,0,0,0,6,0,2974.401939550777,0,2025
2025-02-16 16:00:00,5756,1,0,16,0,6424.0,1853.0,8045.0,28,16,0,0,0,0,6,0,2973.10492667414,0,2025
2025-02-16 17:00:00,7645,1,0,17,0,6612.0,3313.0,6061.0,28,16,0,0,0,0,6,0,2971.886194756548,0,2025
2025-02-16 18:00:00,7180,1,0,18,0,7789.0,5087.0,4542.0,28,16,0,0,0,0,6,0,2971.6862588518616,0,2025
2025-02-16 19:00:00,5764,1,0,19,0,6363.0,5710.0,2942.0,28,16,0,0,0,0,6,0,2971.135591759029,0,2025
2025-02-16 20:00:00,4847,1,0,20,0,5679.0,7182.0,1771.0,28,16,0,0,0,0,6,0,2969.9217745171145,0,2025
2025-02-16 21:00:00,4710,1,0,21,0,5182.0,7070.0,812.0,28,16,0,0,0,0,6,0,2968.600942636644,0,2025
2025-02-16 22:00:00,4730,1,0,22,0,5171.0,6514.0,1016.0,28,16,0,0,0,0,6,0,2967.2872772918854,0,2025
2025-02-16 23:00:00,4444,1,0,23,0,4309.0,6424.0,1390.0,28,16,0,0,0,0,6,0,2965.9742165578523,0,2025
2025-02-17 00:00:00,3265,1,0,0,0,3548.0,6612.0,1758.0,28,17,0,0,0,0,0,0,2964.690521111418,0,2025
2025-02-17 01:00:00,1848,1,0,1,0,2575.0,7789.0,3037.0,28,17,0,0,0,0,0,0,2963.7802724598246,0,2025
2025-02-17 02:00:00,1071,1,0,2,0,1473.0,6363.0,4951.0,28,17,0,0,0,0,0,0,2963.8657610401,0,2025
2025-02-17 03:00:00,687,1,0,3,0,889.0,5679.0,5353.0,28,17,0,0,0,0,0,0,2964.7472358427563,0,2025
2025-02-17 04:00:00,712,1,0,4,0,528.0,5182.0,7698.0,28,17,0,0,0,0,0,0,2966.083160222035,0,2025
2025-02-17 05:00:00,698,1,0,5,0,467.0,5171.0,7875.0,28,17,0,0,0,0,0,0,2967.3802384251044,0,2025
2025-02-17 06:00:00,1182,1,0,6,0,453.0,4309.0,6031.0,28,17,0,0,0,0,0,0,2968.687294239185,0,2025
2025-02-17 07:00:00,1747,1,0,7,0,990.0,3548.0,5368.0,28,17,0,0,0,0,0,0,2969.4195404702587,0,2025
2025-02-17 08:00:00,2828,1,0,8,0,1718.0,2575.0,5756.0,28,17,0,0,0,0,0,0,2969.57345721797,0,2025
2025-02-17 09:00:00,3628,1,0,9,0,2804.0,1473.0,7645.0,28,17,0,0,0,0,0,0,2968.892866574176,0,2025
2025-02-17 10:00:00,4262,1,0,10,0,3864.0,889.0,7180.0,28,17,0,0,0,0,0,0,2967.820205929593,0,2025
2025-02-17 11:00:00,5135,1,0,11,0,4766.0,528.0,5764.0,28,17,0,0,0,0,0,0,2966.5728328733826,0,2025
2025-02-17 12:00:00,5675,1,0,12,0,5994.0,467.0,4847.0,28,17,0,0,0,0,0,0,2965.279786916162,0,2025
2025-02-17 13:00:00,5859,1,0,13,0,6412.0,453.0,4710.0,28,17,0,0,0,0,0,0,2964.0719944579146,0,2025
2025-02-17 14:00:00,6342,1,0,14,0,6762.0,990.0,4730.0,28,17,0,0,0,0,0,0,2962.913772517541,0,2025
2025-02-17 15:00:00,6664,1,0,15,0,7362.0,1718.0,4444.0,28,17,0,0,0,0,0,0,2961.9305557831835,0,2025
2025-02-17 16:00:00,6519,1,0,16,0,7633.0,2804.0,3265.0,28,17,0,0,0,0,0,0,2961.102038242174,0,2025
2025-02-17 17:00:00,6669,1,0,17,0,7783.0,3864.0,1848.0,28,17,0,0,0,0,0,0,2960.200962680147,0,2025
2025-02-17 18:00:00,7120,1,0,18,0,7329.0,4766.0,1071.0,28,17,0,0,0,0,0,0,2959.3759809146145,0,2025
2025-02-17 19:00:00,6017,1,0,19,0,7071.0,5994.0,687.0,28,17,0,0,0,0,0,0,2958.81791724362,0,2025
2025-02-17 20:00:00,5607,1,0,20,0,6260.0,6412.0,712.0,28,17,0,0,0,0,0,0,2957.714551493568,0,2025
2025-02-17 21:00:00,4781,1,0,21,0,6073.0,6762.0,698.0,28,17,0,0,0,0,0,0,2956.501328260826,0,2025
2025-02-17 22:00:00,3848,1,0,22,0,5289.0,7362.0,1182.0,28,17,0,0,0,0,0,0,2955.216325086613,0,2025
2025-02-17 23:00:00,2410,1,0,23,0,3992.0,7633.0,1747.0,28,17,0,0,0,0,0,0,2954.0915920662437,0,2025
2025-02-18 00:00:00,1772,1,0,0,0,2390.0,7783.0,2828.0,28,18,0,0,0,0,1,0,2953.7130715512158,0,2025
2025-02-18 01:00:00,862,1,0,1,0,1688.0,7329.0,3628.0,28,18,0,0,0,0,1,0,2953.85785529613,0,2025
2025-02-18 02:00:00,408,1,0,2,0,931.0,7071.0,4262.0,28,18,0,0,0,0,1,0,2954.9526764586003,0,2025
2025-02-18 03:00:00,306,1,0,3,0,422.0,6260.0,5135.0,28,18,0,0,0,0,1,0,2956.6059310342525,0,2025
2025-02-18 04:00:00,391,1,0,4,0,279.0,6073.0,5675.0,28,18,0,0,0,0,1,0,2958.385219064352,0,2025
2025-02-18 05:00:00,893,1,0,5,0,273.0,5289.0,5859.0,28,18,0,0,0,0,1,0,2960.042732561184,0,2025
2025-02-18 06:00:00,2139,1,0,6,0,734.0,3992.0,6342.0,28,18,0,0,0,0,1,0,2961.0722506926486,0,2025
2025-02-18 07:00:00,4043,1,0,7,0,1695.0,2390.0,6664.0,28,18,0,0,0,0,1,0,2960.878805175677,0,2025
2025-02-18 08:00:00,6089,1,0,8,0,3684.0,1688.0,6519.0,28,18,0,0,0,0,1,0,2959.699762365219,0,2025
2025-02-18 09:00:00,6403,1,0,9,0,5359.0,931.0,6669.0,28,18,0,0,0,0,1,0,2958.641838248633,0,2025
2025-02-18 10:00:00,6034,1,0,10,0,6100.0,422.0,7120.0,28,18,0,0,0,0,1,0,2957.7110617354188,0,2025
2025-02-18 11:00:00,5870,1,0,11,0,6428.0,279.0,6017.0,28,18,0,0,0,0,1,0,2956.6360161958373,0,2025
2025-02-18 12:00:00,6195,1,0,12,0,6696.0,273.0,5607.0,28,18,0,0,0,0,1,0,2955.5104323044384,0,2025
2025-02-18 13:00:00,6392,1,0,13,0,7129.0,734.0,4781.0,28,18,0,0,0,0,1,0,2954.49594385505,0,2025
2025-02-18 14:00:00,6749,1,0,14,0,7481.0,1695.0,3848.0,28,18,0,0,0,0,1,0,2953.5638200391086,0,2025
2025-02-18 15:00:00,6853,1,0,15,0,7670.0,3684.0,2410.0,28,18,0,0,0,0,1,0,2952.808429168947,0,2025
2025-02-18 16:00:00,7328,1,0,16,0,8086.0,5359.0,1772.0,28,18,0,0,0,0,1,0,2952.11140869894,0,2025
2025-02-18 17:00:00,8261,1,0,17,0,8355.0,6100.0,862.0,28,18,0,0,0,0,1,0,2951.719446237737,0,2025
2025-02-18 18:00:00,9609,1,0,18,0,8830.0,6428.0,408.0,28,18,0,0,0,0,1,0,2952.1147803270737,0,2025
2025-02-18 19:00:00,7583,1,0,19,0,9478.0,6696.0,306.0,28,18,0,0,0,0,1,0,2954.0871464648576,0,2025
2025-02-18 20:00:00,7498,1,0,20,0,7647.0,7129.0,391.0,28,18,0,0,0,0,1,0,2953.8777948301768,0,2025
2025-02-18 21:00:00,7686,1,0,21,0,7574.0,7481.0,893.0,28,18,0,0,0,0,1,0,2953.6018762173367,0,2025
2025-02-18 22:00:00,5126,1,0,22,0,7319.0,7670.0,2139.0,28,18,0,0,0,0,1,0,2953.471310651428,0,2025
2025-02-18 23:00:00,2865,1,0,23,0,4587.0,8086.0,4043.0,28,18,0,0,0,0,1,0,2952.221140702269,0,2025
2025-02-19 00:00:00,1311,1,0,0,0,2874.0,8355.0,6089.0,28,19,0,0,0,0,2,0,2951.556020625588,0,2025
2025-02-19 01:00:00,547,1,0,1,0,1285.0,8830.0,6403.0,28,19,0,0,0,0,2,0,2952.144034864464,0,2025
2025-02-19 02:00:00,359,1,0,2,0,553.0,9478.0,6034.0,28,19,0,0,0,0,2,0,2953.596902669903,0,2025
2025-02-19 03:00:00,281,1,0,3,0,342.0,7647.0,5870.0,28,19,0,0,0,0,2,0,2955.2810278366787,0,2025
2025-02-19 04:00:00,349,1,0,4,0,253.0,7574.0,6195.0,28,19,0,0,0,0,2,0,2957.0582787906874,0,2025
2025-02-19 05:00:00,913,1,0,5,0,259.0,7319.0,6392.0,28,19,0,0,0,0,2,0,2958.7375927775965,0,2025
2025-02-19 06:00:00,2097,1,0,6,0,744.0,4587.0,6749.0,28,19,0,0,0,0,2,0,2959.724660790944,0,2025
2025-02-19 07:00:00,4419,1,0,7,0,1626.0,2874.0,6853.0,28,19,0,0,0,0,2,0,2959.568971198944,0,2025
2025-02-19 08:00:00,6363,1,0,8,0,3980.0,1285.0,7328.0,28,19,0,0,0,0,2,0,2958.346281614811,0,2025
2025-02-19 09:00:00,6453,1,0,9,0,5331.0,553.0,8261.0,28,19,0,0,0,0,2,0,2957.4168689083367,0,2025
2025-02-19 10:00:00,5859,1,0,10,0,6052.0,342.0,9609.0,28,19,0,0,0,0,2,0,2956.527764614733,0,2025
2025-02-19 11:00:00,6226,1,0,11,0,6407.0,253.0,7583.0,28,19,0,0,0,0,2,0,2955.421149192748,0,2025
2025-02-19 12:00:00,6399,1,0,12,0,6896.0,259.0,7498.0,28,19,0,0,0,0,2,0,2954.4385090894616,0,2025
2025-02-19 13:00:00,6561,1,0,13,0,7077.0,744.0,7686.0,28,19,0,0,0,0,2,0,2953.5278371533427,0,2025
2025-02-19 14:00:00,6973,1,0,14,0,7366.0,1626.0,5126.0,28,19,0,0,0,0,2,0,2952.692045549362,0,2025
2025-02-19 15:00:00,7361,1,0,15,0,8025.0,3980.0,2865.0,28,19,0,0,0,0,2,0,2952.0787675250567,0,2025
2025-02-19 16:00:00,7353,1,0,16,0,8291.0,5331.0,1311.0,28,19,0,0,0,0,2,0,2951.7182024165536,0,2025
2025-02-19 17:00:00,8814,1,0,17,0,8465.0,6052.0,547.0,28,19,0,0,0,0,2,0,2951.3510893176053,0,2025
2025-02-19 18:00:00,9846,1,0,18,0,9223.0,6407.0,359.0,28,19,0,0,0,0,2,0,2952.3118329126746,0,2025
2025-02-19 19:00:00,8359,1,0,19,0,9541.0,6896.0,281.0,28,19,0,0,0,0,2,0,2954.5675154140285,0,2025
2025-02-19 20:00:00,8136,1,0,20,0,8658.0,7077.0,349.0,28,19,0,0,0,0,2,0,2955.038228641,0,2025
2025-02-19 21:00:00,8408,1,0,21,0,8188.0,7366.0,913.0,28,19,0,0,0,0,2,0,2955.2934977319715,0,2025
2025-02-19 22:00:00,6981,1,0,22,0,7784.0,8025.0,2097.0,28,19,0,0,0,0,2,0,2955.80552394711,0,2025
2025-02-19 23:00:00,3311,1,0,23,0,6126.0,8291.0,4419.0,28,19,0,0,0,0,2,0,2955.1861581827857,0,2025
2025-02-20 00:00:00,1603,1,0,0,0,3256.0,8465.0,6363.0,28,20,0,0,0,0,3,0,2954.3078870836625,0,2025
2025-02-20 01:00:00,747,1,0,1,0,1727.0,9223.0,6453.0,28,20,0,0,0,0,3,0,2954.6038007464267,0,2025
2025-02-20 02:00:00,411,1,0,2,0,813.0,9541.0,5859.0,28,20,0,0,0,0,3,0,2955.792322461339,0,2025
2025-02-20 03:00:00,334,1,0,3,0,404.0,8658.0,6226.0,28,20,0,0,0,0,3,0,2957.3814018188405,0,2025
2025-02-20 04:00:00,422,1,0,4,0,353.0,8188.0,6399.0,28,20,0,0,0,0,3,0,2959.0598385263293,0,2025
2025-02-20 05:00:00,813,1,0,5,0,338.0,7784.0,6561.0,28,20,0,0,0,0,3,0,2960.6186483121483,0,2025
2025-02-20 06:00:00,2175,1,0,6,0,644.0,6126.0,6973.0,28,20,0,0,0,0,3,0,2961.7031624373667,0,2025
2025-02-20 07:00:00,4399,1,0,7,0,1712.0,3256.0,7361.0,28,20,0,0,0,0,3,0,2961.4940832311854,0,2025
2025-02-20 08:00:00,6152,1,0,8,0,3954.0,1727.0,7353.0,28,20,0,0,0,0,3,0,2960.298270018811,0,2025
2025-02-20 09:00:00,6302,1,0,9,0,5273.0,813.0,8814.0,28,20,0,0,0,0,3,0,2959.30195577438,0,2025
2025-02-20 10:00:00,5818,1,0,10,0,5973.0,404.0,9846.0,28,20,0,0,0,0,3,0,2958.363341707765,0,2025
2025-02-20 11:00:00,5944,1,0,11,0,6330.0,353.0,8359.0,28,20,0,0,0,0,3,0,2957.265166443143,0,2025
2025-02-20 12:00:00,6377,1,0,12,0,6619.0,338.0,8136.0,28,20,0,0,0,0,3,0,2956.2035945704924,0,2025
2025-02-20 13:00:00,6788,1,0,13,0,7227.0,644.0,8408.0,28,20,0,0,0,0,3,0,2955.298384547404,0,2025
2025-02-20 14:00:00,7129,1,0,14,0,7703.0,1712.0,6981.0,28,20,0,0,0,0,3,0,2954.5893672021034,0,2025
2025-02-20 15:00:00,7808,1,0,15,0,8254.0,3954.0,3311.0,28,20,0,0,0,0,3,0,2954.0781779213817,0,2025
2025-02-20 16:00:00,8418,1,0,16,0,9103.0,5273.0,1603.0,28,20,0,0,0,0,3,0,2954.0559369249754,0,2025
2025-02-20 17:00:00,10410,1,0,17,0,9591.0,5973.0,747.0,28,20,0,0,0,0,3,0,2954.5799032786344,0,2025
2025-02-20 18:00:00,11908,1,0,18,0,10549.0,6330.0,411.0,28,20,0,0,0,0,3,0,2957.6054293249204,0,2025
2025-02-20 19:00:00,10993,1,0,19,0,10880.0,6619.0,334.0,28,20,0,0,0,0,3,0,2963.2170428160425,0,2025
2025-02-20 20:00:00,10303,1,0,20,0,9875.0,7227.0,422.0,28,20,0,0,0,0,3,0,2967.1412787790387,0,2025
2025-02-20 21:00:00,10188,1,0,21,0,8732.0,7703.0,813.0,28,20,0,0,0,0,3,0,2969.952101420212,0,2025
2025-02-20 22:00:00,9310,1,0,22,0,9025.0,8254.0,2175.0,28,20,0,0,0,0,3,0,2972.580021963481,0,2025
2025-02-20 23:00:00,7494,1,0,23,0,7952.0,9103.0,4399.0,28,20,0,0,0,0,3,0,2974.026997854178,0,2025
2025-02-21 00:00:00,3971,1,0,0,0,5546.0,9591.0,6152.0,28,21,0,0,0,0,4,0,2973.7262364621797,0,2025
2025-02-21 01:00:00,1654,1,0,1,0,3289.0,10549.0,6302.0,28,21,0,0,0,0,4,0,2972.633573003306,0,2025
2025-02-21 02:00:00,932,1,0,2,0,1670.0,10880.0,5818.0,28,21,0,0,0,0,4,0,2972.878434257611,0,2025
2025-02-21 03:00:00,531,1,0,3,0,918.0,9875.0,5944.0,28,21,0,0,0,0,4,0,2973.8365719924072,0,2025
2025-02-21 04:00:00,584,1,0,4,0,500.0,8732.0,6377.0,28,21,0,0,0,0,4,0,2975.24776308966,0,2025
2025-02-21 05:00:00,996,1,0,5,0,430.0,9025.0,6788.0,28,21,0,0,0,0,4,0,2976.588745950646,0,2025
2025-02-21 06:00:00,2038,1,0,6,0,658.0,7952.0,7129.0,28,21,0,0,0,0,4,0,2977.4603364812347,0,2025
2025-02-21 07:00:00,3721,1,0,7,0,1526.0,5546.0,7808.0,28,21,0,0,0,0,4,0,2977.3658127110098,0,2025
2025-02-21 08:00:00,4979,1,0,8,0,3382.0,3289.0,8418.0,28,21,0,0,0,0,4,0,2976.3443975279497,0,2025
2025-02-21 09:00:00,5452,1,0,9,0,4604.0,1670.0,10410.0,28,21,0,0,0,0,4,0,2975.137188497863,0,2025
2025-02-21 10:00:00,5330,1,0,10,0,5481.0,918.0,11908.0,28,21,0,0,0,0,4,0,2973.9727830553384,0,2025
2025-02-21 11:00:00,5591,1,0,11,0,5829.0,500.0,10993.0,28,21,0,0,0,0,4,0,2972.793267388652,0,2025
2025-02-21 12:00:00,6225,1,0,12,0,6139.0,430.0,10303.0,28,21,0,0,0,0,4,0,2971.6552956801406,0,2025
2025-02-21 13:00:00,6360,1,0,13,0,6822.0,658.0,10188.0,28,21,0,0,0,0,4,0,2970.6932017480663,0,2025
2025-02-21 14:00:00,7312,1,0,14,0,7113.0,1526.0,9310.0,28,21,0,0,0,0,4,0,2969.783197565057,0,2025
2025-02-21 15:00:00,7480,1,0,15,0,8301.0,3382.0,7494.0,28,21,0,0,0,0,4,0,2969.375332731196,0,2025
2025-02-21 16:00:00,7717,1,0,16,0,8687.0,4604.0,3971.0,28,21,0,0,0,0,4,0,2969.08067657938,0,2025
2025-02-21 17:00:00,8651,1,0,17,0,9097.0,5481.0,1654.0,28,21,0,0,0,0,4,0,2968.958437332604,0,2025
2025-02-21 18:00:00,10586,1,0,18,0,9326.0,5829.0,932.0,28,21,0,0,0,0,4,0,2969.665196907819,0,2025
2025-02-21 19:00:00,9996,1,0,19,0,9790.0,6139.0,531.0,28,21,0,0,0,0,4,0,2972.835403078317,0,2025
2025-02-21 20:00:00,8047,1,0,20,0,9058.0,6822.0,584.0,28,21,0,0,0,0,4,0,2975.132822799106,0,2025
2025-02-21 21:00:00,8184,1,0,21,0,8270.0,7113.0,996.0,28,21,0,0,0,0,4,0,2975.2600142497613,0,2025
2025-02-21 22:00:00,8608,1,0,22,0,9284.0,8301.0,2038.0,28,21,0,0,0,0,4,0,2975.5029987917846,0,2025
2025-02-21 23:00:00,9035,1,0,23,0,9036.0,8687.0,3721.0,28,21,0,0,0,0,4,0,2976.140246915603,0,2025
2025-02-22 00:00:00,7990,1,0,0,0,7664.0,9097.0,4979.0,28,22,0,0,0,0,5,0,2977.221292907289,0,2025
2025-02-22 01:00:00,6273,1,0,1,0,6444.0,9326.0,5452.0,28,22,0,0,0,0,5,0,2977.2893761343757,0,2025
2025-02-22 02:00:00,4542,1,0,2,0,5050.0,9790.0,5330.0,28,22,0,0,0,0,5,0,2976.339598923659,0,2025
2025-02-22 03:00:00,2769,1,0,3,0,3854.0,9058.0,5591.0,28,22,0,0,0,0,5,0,2975.169183407665,0,2025
2025-02-22 04:00:00,1606,1,0,4,0,2329.0,8270.0,6225.0,28,22,0,0,0,0,5,0,2974.607431158564,0,2025
2025-02-22 05:00:00,769,1,0,5,0,1263.0,9284.0,6360.0,28,22,0,0,0,0,5,0,2974.9010216677752,0,2025
2025-02-22 06:00:00,1051,1,0,6,0,579.0,9036.0,7312.0,28,22,0,0,0,0,5,0,2976.0304773030907,0,2025
2025-02-22 07:00:00,1515,1,0,7,0,794.0,7664.0,7480.0,28,22,0,0,0,0,5,0,2976.851099148469,0,2025
2025-02-22 08:00:00,2448,1,0,8,0,1220.0,6444.0,7717.0,28,22,0,0,0,0,5,0,2977.215709332519,0,2025
2025-02-22 09:00:00,3910,1,0,9,0,2343.0,5050.0,8651.0,28,22,0,0,0,0,5,0,2976.845264005955,0,2025
2025-02-22 10:00:00,4969,1,0,10,0,4110.0,3854.0,10586.0,28,22,0,0,0,0,5,0,2975.7959664922605,0,2025
2025-02-22 11:00:00,5543,1,0,11,0,5268.0,2329.0,9996.0,28,22,0,0,0,0,5,0,2974.613375884636,0,2025
2025-02-22 12:00:00,6338,1,0,12,0,6200.0,1263.0,8047.0,28,22,0,0,0,0,5,0,2973.484473644723,0,2025
2025-02-22 13:00:00,6762,1,0,13,0,7201.0,579.0,8184.0,28,22,0,0,0,0,5,0,2972.574301832107,0,2025
2025-02-22 14:00:00,6725,1,0,14,0,7724.0,794.0,8608.0,28,22,0,0,0,0,5,0,2971.849556730263,0,2025
2025-02-22 15:00:00,6937,1,0,15,0,7960.0,1220.0,9035.0,28,22,0,0,0,0,5,0,2971.107064186546,0,2025
2025-02-22 16:00:00,7937,1,0,16,0,8287.0,2343.0,7990.0,28,22,0,0,0,0,5,0,2970.4728169908108,0,2025
2025-02-22 17:00:00,8230,1,0,17,0,9340.0,4110.0,6273.0,28,22,0,0,0,0,5,0,2970.508248187362,0,2025
2025-02-22 18:00:00,9730,1,0,18,0,8935.0,5268.0,4542.0,28,22,0,0,0,0,5,0,2970.787918704153,0,2025
2025-02-22 19:00:00,10173,1,0,19,0,9514.0,6200.0,2769.0,28,22,0,0,0,0,5,0,2972.6798610274536,0,2025
2025-02-22 20:00:00,7785,1,0,20,0,9089.0,7201.0,1606.0,28,22,0,0,0,0,5,0,2975.152557340878,0,2025
2025-02-22 21:00:00,7829,1,0,21,0,7744.0,7724.0,769.0,28,22,0,0,0,0,5,0,2975.055984756393,0,2025
2025-02-22 22:00:00,9992,1,0,22,0,8561.0,7960.0,1051.0,28,22,0,0,0,0,5,0,2974.991301251824,0,2025
2025-02-22 23:00:00,10039,1,0,23,0,10045.0,8287.0,1515.0,28,22,0,0,0,0,5,0,2977.196394531092,0,2025
2025-02-23 00:00:00,9108,1,0,0,0,9095.0,9340.0,2448.0,28,23,0,0,0,0,6,0,2979.4540076478547,0,2025
2025-02-23 01:00:00,7319,1,0,1,0,7860.0,8935.0,3910.0,28,23,0,0,0,0,6,0,2980.565830170648,0,2025
2025-02-23 02:00:00,5282,1,0,2,0,6188.0,9514.0,4969.0,28,23,0,0,0,0,6,0,2980.134352771187,0,2025
2025-02-23 03:00:00,3519,1,0,3,0,4639.0,9089.0,5543.0,28,23,0,0,0,0,6,0,2978.978910007621,0,2025
2025-02-23 04:00:00,2171,1,0,4,0,2994.0,7744.0,6338.0,28,23,0,0,0,0,6,0,2978.080547135333,0,2025
2025-02-23 05:00:00,912,1,0,5,0,1751.0,8561.0,6762.0,28,23,0,0,0,0,6,0,2977.9293658393003,0,2025
2025-02-23 06:00:00,1216,1,0,6,0,656.0,10045.0,6725.0,28,23,0,0,0,0,6,0,2978.9037115825927,0,2025
2025-02-23 07:00:00,1457,1,0,7,0,899.0,9095.0,6937.0,28,23,0,0,0,0,6,0,2979.563273936733,0,2025
2025-02-23 08:00:00,2156,1,0,8,0,1348.0,7860.0,7937.0,28,23,0,0,0,0,6,0,2979.990997038925,0,2025
2025-02-23 09:00:00,3366,1,0,9,0,2214.0,6188.0,8230.0,28,23,0,0,0,0,6,0,2979.841829154016,0,2025
2025-02-23 10:00:00,4679,1,0,10,0,3545.0,4639.0,9730.0,28,23,0,0,0,0,6,0,2979.0018249828777,0,2025
2025-02-23 11:00:00,5699,1,0,11,0,5056.0,2994.0,10173.0,28,23,0,0,0,0,6,0,2977.8483988533844,0,2025
2025-02-23 12:00:00,6016,1,0,12,0,6066.0,1751.0,7785.0,28,23,0,0,0,0,6,0,2976.763827389216,0,2025
2025-02-23 13:00:00,6203,1,0,13,0,6498.0,656.0,7829.0,28,23,0,0,0,0,6,0,2975.7567767762016,0,2025
2025-02-23 14:00:00,6629,1,0,14,0,7042.0,899.0,9992.0,28,23,0,0,0,0,6,0,2974.808008850145,0,2025
2025-02-23 15:00:00,6398,1,0,15,0,7469.0,1348.0,10039.0,28,23,0,0,0,0,6,0,2974.024544818385,0,2025
2025-02-23 16:00:00,6524,1,0,16,0,7186.0,2214.0,9108.0,28,23,0,0,0,0,6,0,2973.146581005072,0,2025
2025-02-23 17:00:00,6124,1,0,17,0,7534.0,3545.0,7319.0,28,23,0,0,0,0,6,0,2972.319283862365,0,2025
2025-02-23 18:00:00,6031,1,0,18,0,7031.0,5056.0,5282.0,28,23,0,0,0,0,6,0,2971.348327647174,0,2025
2025-02-23 19:00:00,4815,1,0,19,0,6377.0,6066.0,3519.0,28,23,0,0,0,0,6,0,2970.3507644629067,0,2025
2025-02-23 20:00:00,4311,1,0,20,0,5281.0,6498.0,2171.0,28,23,0,0,0,0,6,0,2969.2022987672763,0,2025
2025-02-23 21:00:00,3824,1,0,21,0,5013.0,7042.0,912.0,28,23,0,0,0,0,6,0,2968.1051681196773,0,2025
2025-02-23 22:00:00,3012,1,0,22,0,4423.0,7469.0,1216.0,28,23,0,0,0,0,6,0,2967.1203344429778,0,2025
2025-02-23 23:00:00,2199,1,0,23,0,3171.0,7186.0,1457.0,28,23,0,0,0,0,6,0,2966.458678746132,0,2025
2025-02-24 00:00:00,1188,1,0,0,0,2240.0,7534.0,2156.0,28,24,0,0,0,0,0,0,2966.2910864306627,0,2025
2025-02-24 01:00:00,463,1,0,1,0,1198.0,7031.0,3366.0,28,24,0,0,0,0,0,0,2966.974971514475,0,2025
2025-02-24 02:00:00,288,1,0,2,0,475.0,6377.0,4679.0,28,24,0,0,0,0,0,0,2968.428362344233,0,2025
2025-02-24 03:00:00,255,1,0,3,0,301.0,5281.0,5699.0,28,24,0,0,0,0,0,0,2970.081516706462,0,2025
2025-02-24 04:00:00,391,1,0,4,0,251.0,5013.0,6016.0,28,24,0,0,0,0,0,0,2971.766696467232,0,2025
2025-02-24 05:00:00,802,1,0,5,0,311.0,4423.0,6203.0,28,24,0,0,0,0,0,0,2973.2821869535824,0,2025
2025-02-24 06:00:00,2131,1,0,6,0,648.0,3171.0,6629.0,28,24,0,0,0,0,0,0,2974.3314880198864,0,2025
2025-02-24 07:00:00,4550,1,0,7,0,1721.0,2240.0,6398.0,28,24,0,0,0,0,0,0,2974.191825291626,0,2025
2025-02-24 08:00:00,5712,1,0,8,0,3774.0,1198.0,6524.0,28,24,0,0,0,0,0,0,2973.067643478589,0,2025
2025-02-24 09:00:00,5013,1,0,9,0,4837.0,475.0,6124.0,28,24,0,0,0,0,0,0,2972.009085062224,0,2025
2025-02-24 10:00:00,4872,1,0,10,0,5004.0,301.0,6031.0,28,24,0,0,0,0,0,0,2970.871357949563,0,2025
2025-02-24 11:00:00,4711,1,0,11,0,5214.0,251.0,4815.0,28,24,0,0,0,0,0,0,2969.7340065319727,0,2025
2025-02-24 12:00:00,5120,1,0,12,0,5302.0,311.0,4311.0,28,24,0,0,0,0,0,0,2968.603158520724,0,2025
2025-02-24 13:00:00,5307,1,0,13,0,5757.0,648.0,3824.0,28,24,0,0,0,0,0,0,2967.473473994021,0,2025
2025-02-24 14:00:00,5933,1,0,14,0,5916.0,1721.0,3012.0,28,24,0,0,0,0,0,0,2966.3593529481373,0,2025
2025-02-24 15:00:00,6513,1,0,15,0,6645.0,3774.0,2199.0,28,24,0,0,0,0,0,0,2965.359662141472,0,2025
2025-02-24 16:00:00,6378,1,0,16,0,7404.0,4837.0,1188.0,28,24,0,0,0,0,0,0,2964.5555745412357,0,2025
2025-02-24 17:00:00,7307,1,0,17,0,7070.0,5004.0,463.0,28,24,0,0,0,0,0,0,2963.699044846805,0,2025
2025-02-24 18:00:00,7150,1,0,18,0,8067.0,5214.0,288.0,28,24,0,0,0,0,0,0,2963.301810273979,0,2025
2025-02-24 19:00:00,6080,1,0,19,0,7640.0,5302.0,255.0,28,24,0,0,0,0,0,0,2962.811075624228,0,2025
2025-02-24 20:00:00,5765,1,0,20,0,6436.0,5757.0,391.0,28,24,0,0,0,0,0,0,2961.8558106939263,0,2025
2025-02-24 21:00:00,5333,1,0,21,0,6116.0,5916.0,802.0,28,24,0,0,0,0,0,0,2960.8208231563417,0,2025
2025-02-24 22:00:00,3702,1,0,22,0,5521.0,6645.0,2131.0,28,24,0,0,0,0,0,0,2959.717838097629,0,2025
2025-02-24 23:00:00,2384,1,0,23,0,3821.0,7404.0,4550.0,28,24,0,0,0,0,0,0,2958.7866435837886,0,2025
2025-02-25 00:00:00,1190,1,0,0,0,2398.0,7070.0,5712.0,28,25,0,0,0,0,1,0,2958.4914071173303,0,2025
2025-02-25 01:00:00,507,1,0,1,0,1171.0,8067.0,5013.0,28,25,0,0,0,0,1,0,2959.1532941495043,0,2025
2025-02-25 02:00:00,254,1,0,2,0,521.0,7640.0,4872.0,28,25,0,0,0,0,1,0,2960.5219281511563,0,2025
2025-02-25 03:00:00,199,1,0,3,0,243.0,6436.0,4711.0,28,25,0,0,0,0,1,0,2962.1769590512504,0,2025
2025-02-25 04:00:00,269,1,0,4,0,205.0,6116.0,5120.0,28,25,0,0,0,0,1,0,2963.890067431923,0,2025
2025-02-25 05:00:00,746,1,0,5,0,231.0,5521.0,5307.0,28,25,0,0,0,0,1,0,2965.512040250552,0,2025
2025-02-25 06:00:00,2012,1,0,6,0,621.0,3821.0,5933.0,28,25,0,0,0,0,1,0,2966.593239465893,0,2025
2025-02-25 07:00:00,4559,1,0,7,0,1737.0,2398.0,6513.0,28,25,0,0,0,0,1,0,2966.5360537535794,0,2025
2025-02-25 08:00:00,6320,1,0,8,0,4016.0,1171.0,6378.0,28,25,0,0,0,0,1,0,2965.4329054722302,0,2025
2025-02-25 09:00:00,5783,1,0,9,0,5467.0,521.0,7307.0,28,25,0,0,0,0,1,0,2964.5719436154773,0,2025
2025-02-25 10:00:00,5232,1,0,10,0,5508.0,243.0,7150.0,28,25,0,0,0,0,1,0,2963.5549688271544,0,2025
2025-02-25 11:00:00,5251,1,0,11,0,5704.0,205.0,6080.0,28,25,0,0,0,0,1,0,2962.4544371159595,0,2025
2025-02-25 12:00:00,5663,1,0,12,0,5770.0,231.0,5765.0,28,25,0,0,0,0,1,0,2961.356763679593,0,2025
2025-02-25 13:00:00,6074,1,0,13,0,6250.0,621.0,5333.0,28,25,0,0,0,0,1,0,2960.3181860720074,0,2025
2025-02-25 14:00:00,6652,1,0,14,0,6723.0,1737.0,3702.0,28,25,0,0,0,0,1,0,2959.381186951633,0,2025
2025-02-25 15:00:00,7140,1,0,15,0,7338.0,4016.0,2384.0,28,25,0,0,0,0,1,0,2958.6585321965263,0,2025
2025-02-25 16:00:00,7073,1,0,16,0,7832.0,5467.0,1190.0,28,25,0,0,0,0,1,0,2958.182007366965,0,2025
2025-02-25 17:00:00,9106,1,0,17,0,7759.0,5508.0,507.0,28,25,0,0,0,0,1,0,2957.667910260732,0,2025
2025-02-25 18:00:00,9473,1,0,18,0,9509.0,5704.0,254.0,28,25,0,0,0,0,1,0,2958.787492808289,0,2025
2025-02-25 19:00:00,7457,1,0,19,0,9367.0,5770.0,199.0,28,25,0,0,0,0,1,0,2960.3069994657526,0,2025
2025-02-25 20:00:00,7518,1,0,20,0,7867.0,6250.0,269.0,28,25,0,0,0,0,1,0,2960.015880822685,0,2025
2025-02-25 21:00:00,8182,1,0,21,0,7604.0,6723.0,746.0,28,25,0,0,0,0,1,0,2959.7634580471704,0,2025
2025-02-25 22:00:00,6041,1,0,22,0,7645.0,7338.0,2012.0,28,25,0,0,0,0,1,0,2960.000082203071,0,2025
2025-02-25 23:00:00,3103,1,0,23,0,5618.0,7832.0,4559.0,28,25,0,0,0,0,1,0,2959.054726477123,0,2025
2025-02-26 00:00:00,1392,1,0,0,0,3125.0,7759.0,6320.0,28,26,0,0,0,0,2,0,2958.369143303605,0,2025
2025-02-26 01:00:00,577,1,0,1,0,1351.0,9509.0,5783.0,28,26,0,0,0,0,2,0,2958.833471921376,0,2025
2025-02-26 02:00:00,337,1,0,2,0,610.0,9367.0,5232.0,28,26,0,0,0,0,2,0,2960.099512032102,0,2025
2025-02-26 03:00:00,224,1,0,3,0,342.0,7867.0,5251.0,28,26,0,0,0,0,2,0,2961.627841299084,0,2025
2025-02-26 04:00:00,336,1,0,4,0,245.0,7604.0,5663.0,28,26,0,0,0,0,2,0,2963.2802381585752,0,2025
2025-02-26 05:00:00,760,1,0,5,0,295.0,7645.0,6074.0,28,26,0,0,0,0,2,0,2964.795586823477,0,2025
2025-02-26 06:00:00,2307,1,0,6,0,602.0,5618.0,6652.0,28,26,0,0,0,0,2,0,2965.84270324887,0,2025
2025-02-26 07:00:00,4987,1,0,7,0,1787.0,3125.0,7140.0,28,26,0,0,0,0,2,0,2965.584429006018,0,2025
2025-02-26 08:00:00,6643,1,0,8,0,4095.0,1351.0,7073.0,28,26,0,0,0,0,2,0,2964.487620638799,0,2025
2025-02-26 09:00:00,6294,1,0,9,0,5371.0,610.0,9106.0,28,26,0,0,0,0,2,0,2963.7699342292904,0,2025
2025-02-26 10:00:00,5793,1,0,10,0,6012.0,342.0,9473.0,28,26,0,0,0,0,2,0,2962.916238598089,0,2025
2025-02-26 11:00:00,5699,1,0,11,0,6130.0,245.0,7457.0,28,26,0,0,0,0,2,0,2961.920744922001,0,2025
2025-02-26 12:00:00,5946,1,0,12,0,6272.0,295.0,7518.0,28,26,0,0,0,0,2,0,2960.9065030203983,0,2025
2025-02-26 13:00:00,6435,1,0,13,0,6542.0,602.0,8182.0,28,26,0,0,0,0,2,0,2959.949805950689,0,2025
2025-02-26 14:00:00,6852,1,0,14,0,7206.0,1787.0,6041.0,28,26,0,0,0,0,2,0,2959.150529020784,0,2025
2025-02-26 15:00:00,7355,1,0,15,0,7565.0,4095.0,3103.0,28,26,0,0,0,0,2,0,2958.5320547351803,0,2025
2025-02-26 16:00:00,7653,1,0,16,0,8219.0,5371.0,1392.0,28,26,0,0,0,0,2,0,2958.1883215252283,0,2025
2025-02-26 17:00:00,9543,1,0,17,0,8347.0,6012.0,577.0,28,26,0,0,0,0,2,0,2958.036076281525,0,2025
2025-02-26 18:00:00,10002,1,0,18,0,9738.0,6130.0,337.0,28,26,0,0,0,0,2,0,2959.6120478845983,0,2025
2025-02-26 19:00:00,8705,1,0,19,0,9691.0,6272.0,224.0,28,26,0,0,0,0,2,0,2961.7334357959094,0,2025
2025-02-26 20:00:00,8410,1,0,20,0,8858.0,6542.0,336.0,28,26,0,0,0,0,2,0,2962.42207126891,0,2025
2025-02-26 21:00:00,9517,1,0,21,0,8500.0,7206.0,760.0,28,26,0,0,0,0,2,0,2962.841665139147,0,2025
2025-02-26 22:00:00,8555,1,0,22,0,8971.0,7565.0,2307.0,28,26,0,0,0,0,2,0,2964.363140036544,0,2025
2025-02-26 23:00:00,4652,1,0,23,0,7608.0,8219.0,4987.0,28,26,0,0,0,0,2,0,2964.9025558629264,0,2025
2025-02-27 00:00:00,1914,1,0,0,0,4282.0,8347.0,6643.0,28,27,0,0,0,0,3,0,2963.8273742456,0,2025
2025-02-27 01:00:00,889,1,0,1,0,2070.0,9738.0,6294.0,28,27,0,0,0,0,3,0,2963.864249139303,0,2025
2025-02-27 02:00:00,458,1,0,2,0,970.0,9691.0,5793.0,28,27,0,0,0,0,3,0,2964.789178539902,0,2025
2025-02-27 03:00:00,359,1,0,3,0,489.0,8858.0,5699.0,28,27,0,0,0,0,3,0,2966.160048542601,0,2025
2025-02-27 04:00:00,478,1,0,4,0,402.0,8500.0,5946.0,28,27,0,0,0,0,3,0,2967.634428101116,0,2025
2025-02-27 05:00:00,1020,1,0,5,0,380.0,8971.0,6435.0,28,27,0,0,0,0,3,0,2968.970884587894,0,2025
2025-02-27 06:00:00,2506,1,0,6,0,711.0,7608.0,6852.0,28,27,0,0,0,0,3,0,2969.7481004242977,0,2025
2025-02-27 07:00:00,5342,1,0,7,0,1926.0,4282.0,7355.0,28,27,0,0,0,0,3,0,2969.375708501711,0,2025
2025-02-27 08:00:00,7518,1,0,8,0,4288.0,2070.0,7653.0,28,27,0,0,0,0,3,0,2968.318648245534,0,2025
2025-02-27 09:00:00,6585,1,0,9,0,5900.0,970.0,9543.0,28,27,0,0,0,0,3,0,2968.072247105364,0,2025
2025-02-27 10:00:00,5964,1,0,10,0,6077.0,489.0,10002.0,28,27,0,0,0,0,3,0,2967.3367502947626,0,2025
2025-02-27 11:00:00,6205,1,0,11,0,6352.0,402.0,8705.0,28,27,0,0,0,0,3,0,2966.3949351645865,0,2025
2025-02-27 12:00:00,6716,1,0,12,0,6799.0,380.0,8410.0,28,27,0,0,0,0,3,0,2965.522946833496,0,2025
2025-02-27 13:00:00,6885,1,0,13,0,7431.0,711.0,9517.0,28,27,0,0,0,0,3,0,2964.8446201276474,0,2025
2025-02-27 14:00:00,7614,1,0,14,0,7692.0,1926.0,8555.0,28,27,0,0,0,0,3,0,2964.2442986404685,0,2025
2025-02-27 15:00:00,8477,1,0,15,0,8325.0,4288.0,4652.0,28,27,0,0,0,0,3,0,2964.058825749386,0,2025
2025-02-27 16:00:00,8542,1,0,16,0,9079.0,5900.0,1914.0,28,27,0,0,0,0,3,0,2964.52998200708,0,2025
2025-02-27 17:00:00,10338,1,0,17,0,8986.0,6077.0,889.0,28,27,0,0,0,0,3,0,2965.054944832895,0,2025
2025-02-27 18:00:00,11398,1,0,18,0,10162.0,6352.0,458.0,28,27,0,0,0,0,3,0,2967.5492067545933,0,2025
2025-02-27 19:00:00,9822,1,0,19,0,10504.0,6799.0,359.0,28,27,0,0,0,0,3,0,2971.5606430959915,0,2025
2025-02-27 20:00:00,9005,1,0,20,0,9637.0,7431.0,478.0,28,27,0,0,0,0,3,0,2973.38649604722,0,2025
2025-02-27 21:00:00,10077,1,0,21,0,9063.0,7692.0,1020.0,28,27,0,0,0,0,3,0,2974.319205044197,0,2025
2025-02-27 22:00:00,9412,1,0,22,0,9741.0,8325.0,2506.0,28,27,0,0,0,0,3,0,2976.439952955637,0,2025
2025-02-27 23:00:00,6528,1,0,23,0,8668.0,9079.0,5342.0,28,27,0,0,0,0,3,0,2977.780813918177,0,2025
2025-02-28 00:00:00,3524,1,0,0,0,5864.0,8986.0,7518.0,28,28,0,0,0,1,4,0,2977.0121103435104,0,2025
2025-02-28 01:00:00,1696,1,0,1,0,3281.0,10162.0,6585.0,28,28,0,0,0,1,4,0,2976.186968382028,0,2025
2025-02-28 02:00:00,935,1,0,2,0,1867.0,10504.0,5964.0,28,28,0,0,0,1,4,0,2976.391992784713,0,2025
2025-02-28 03:00:00,654,1,0,3,0,1089.0,9637.0,6205.0,28,28,0,0,0,1,4,0,2977.259823568824,0,2025
2025-02-28 04:00:00,677,1,0,4,0,708.0,9063.0,6716.0,28,28,0,0,0,1,4,0,2978.403649866301,0,2025
2025-02-28 05:00:00,1160,1,0,5,0,535.0,9741.0,6885.0,28,28,0,0,0,1,4,0,2979.518629164574,0,2025
2025-02-28 06:00:00,2486,1,0,6,0,754.0,8668.0,7614.0,28,28,0,0,0,1,4,0,2980.16286579689,0,2025
2025-02-28 07:00:00,4713,1,0,7,0,1832.0,5864.0,8477.0,28,28,0,0,0,1,4,0,2979.814722735061,0,2025
2025-02-28 08:00:00,6200,1,0,8,0,3560.0,3281.0,8542.0,28,28,0,0,0,1,4,0,2978.75523220294,0,2025
2025-02-28 09:00:00,5345,1,0,9,0,5091.0,1867.0,10338.0,28,28,0,0,0,1,4,0,2977.88435428145,0,2025
2025-02-28 10:00:00,5358,1,0,10,0,5241.0,1089.0,11398.0,28,28,0,0,0,1,4,0,2976.8418868402964,0,2025
2025-02-28 11:00:00,5637,1,0,11,0,5771.0,708.0,9822.0,28,28,0,0,0,1,4,0,2975.8018200363667,0,2025
2025-02-28 12:00:00,6267,1,0,12,0,6164.0,535.0,9005.0,28,28,0,0,0,1,4,0,2974.8006174171296,0,2025
2025-02-28 13:00:00,6827,1,0,13,0,6741.0,754.0,10077.0,28,28,0,0,0,1,4,0,2973.9541378968765,0,2025
2025-02-28 14:00:00,8190,1,0,14,0,7204.0,1832.0,9412.0,28,28,0,0,0,1,4,0,2973.3244703006058,0,2025
2025-02-28 15:00:00,8867,1,0,15,0,8430.0,3560.0,6528.0,28,28,0,0,0,1,4,0,2973.5335410467355,0,2025
2025-02-28 16:00:00,8946,1,0,16,0,8875.0,5091.0,3524.0,28,28,0,0,0,1,4,0,2974.321135893088,0,2025
2025-02-28 17:00:00,10509,1,0,17,0,9092.0,5241.0,1696.0,28,28,0,0,0,1,4,0,2975.1795416534283,0,2025
2025-02-28 18:00:00,12580,1,0,18,0,9950.0,5771.0,935.0,28,28,0,0,0,1,4,0,2977.815454486292,0,2025
2025-02-28 19:00:00,11218,1,0,19,0,10880.0,6164.0,654.0,28,28,0,0,0,1,4,0,2983.6874764482386,0,2025
2025-02-28 20:00:00,8837,1,0,20,0,9473.0,6741.0,677.0,28,28,0,0,0,1,4,0,2987.2875951617166,0,2025
2025-02-28 21:00:00,8508,1,0,21,0,8447.0,7204.0,1160.0,28,28,0,0,0,1,4,0,2988.0133586380844,0,2025
2025-02-28 22:00:00,10193,1,0,22,0,9438.0,8430.0,2486.0,28,28,0,0,0,1,4,0,2988.4463118652684,0,2025
2025-02-28 23:00:00,10128,1,0,23,0,9617.0,8875.0,4713.0,28,28,0,0,0,1,4,0,2990.624495878825,0,2025
2025-03-01 00:00:00,1,1,0,0,0,8999.0,9092.0,6200.0,31,1,1,0,0,0,5,0,2992.7137761052822,0,2025
2025-03-01 01:00:00,6364,1,0,1,0,1.0,9950.0,5345.0,31,1,1,0,0,0,5,0,2994.5666607692965,0,2025
2025-03-01 02:00:00,4603,1,0,2,0,5583.0,10880.0,5358.0,31,1,1,0,0,0,5,0,2993.7401379692765,0,2025
2025-03-01 03:00:00,2899,1,0,3,0,4231.0,9473.0,5637.0,31,1,1,0,0,0,5,0,2992.699899385913,0,2025
2025-03-01 04:00:00,1886,1,0,4,0,2557.0,8447.0,6267.0,31,1,1,0,0,0,5,0,2992.148208081536,0,2025
2025-03-01 05:00:00,1126,1,0,5,0,1408.0,9438.0,6827.0,31,1,1,0,0,0,5,0,2992.209412075215,0,2025
2025-03-01 06:00:00,1041,1,0,6,0,713.0,9617.0,8190.0,31,1,1,0,0,0,5,0,2992.886318956089,0,2025
2025-03-01 07:00:00,1662,1,0,7,0,888.0,8999.0,8867.0,31,1,1,0,0,0,5,0,2993.637043604628,0,2025
2025-03-01 08:00:00,2749,1,0,8,0,1687.0,1.0,8946.0,31,1,1,0,0,0,5,0,2993.858809466428,0,2025
2025-03-01 09:00:00,3742,1,0,9,0,2821.0,5583.0,10509.0,31,1,1,0,0,0,5,0,2993.3778886184045,0,2025
2025-03-01 10:00:00,4735,1,0,10,0,3983.0,4231.0,12580.0,31,1,1,0,0,0,5,0,2992.4993567523743,0,2025
2025-03-01 11:00:00,5560,1,0,11,0,5383.0,2557.0,11218.0,31,1,1,0,0,0,5,0,2991.4554545375795,0,2025
2025-03-01 12:00:00,6287,1,0,12,0,6528.0,1408.0,8837.0,31,1,1,0,0,0,5,0,2990.450329731553,0,2025
2025-03-01 13:00:00,6973,1,0,13,0,7246.0,713.0,8508.0,31,1,1,0,0,0,5,0,2989.6113953852346,0,2025
2025-03-01 14:00:00,7604,1,0,14,0,8186.0,888.0,10193.0,31,1,1,0,0,0,5,0,2989.0421407822178,0,2025
2025-03-01 15:00:00,8009,1,0,15,0,9108.0,1687.0,10128.0,31,1,1,0,0,0,5,0,2988.81716690177,0,2025
2025-03-01 16:00:00,8966,1,0,16,0,9767.0,2821.0,1.0,31,1,1,0,0,0,5,0,2988.860986900233,0,2025
2025-03-01 17:00:00,10479,1,0,17,0,10562.0,3983.0,6364.0,31,1,1,0,0,0,5,0,2989.6914773198314,0,2025
2025-03-01 18:00:00,12276,1,0,18,0,10294.0,5383.0,4603.0,31,1,1,0,0,0,5,0,2992.197064408542,0,2025
2025-03-01 19:00:00,13200,1,0,19,0,10635.0,6528.0,2899.0,31,1,1,0,0,0,5,0,2997.3720437171983,0,2025
2025-03-01 20:00:00,11386,1,0,20,0,11007.0,7246.0,1886.0,31,1,1,0,0,0,5,0,3004.1863372834687,0,2025
2025-03-01 21:00:00,10830,1,0,21,0,10121.0,8186.0,1126.0,31,1,1,0,0,0,5,0,3007.895904760354,0,2025
2025-03-01 22:00:00,12031,1,0,22,0,10396.0,9108.0,1041.0,31,1,1,0,0,0,5,0,3010.8024393671294,0,2025
2025-03-01 23:00:00,11232,1,0,23,0,11353.0,9767.0,1662.0,31,1,1,0,0,0,5,0,3015.4810782062696,0,2025
2025-03-02 00:00:00,9782,1,0,0,0,9804.0,10562.0,2749.0,31,2,0,0,0,0,6,0,3018.9176429997924,0,2025
2025-03-02 01:00:00,7573,1,0,1,0,8614.0,10294.0,3742.0,31,2,0,0,0,0,6,0,3020.5034305759323,0,2025
2025-03-02 02:00:00,5251,1,0,2,0,6458.0,10635.0,4735.0,31,2,0,0,0,0,6,0,3020.216682470673,0,2025
2025-03-02 03:00:00,3401,1,0,3,0,4328.0,11007.0,5560.0,31,2,0,0,0,0,6,0,3019.1765270370124,0,2025
2025-03-02 04:00:00,2246,1,0,4,0,2659.0,10121.0,6287.0,31,2,0,0,0,0,6,0,3018.4234074805145,0,2025
2025-03-02 05:00:00,1126,1,0,5,0,1502.0,10396.0,6973.0,31,2,0,0,0,0,6,0,3018.246811016674,0,2025
2025-03-02 06:00:00,1196,1,0,6,0,728.0,11353.0,7604.0,31,2,0,0,0,0,6,0,3018.9187746819757,0,2025
2025-03-02 07:00:00,1619,1,0,7,0,931.0,9804.0,8009.0,31,2,0,0,0,0,6,0,3019.52588190077,0,2025
2025-03-02 08:00:00,2615,1,0,8,0,1608.0,8614.0,8966.0,31,2,0,0,0,0,6,0,3019.7830734425843,0,2025
2025-03-02 09:00:00,3851,1,0,9,0,2745.0,6458.0,10479.0,31,2,0,0,0,0,6,0,3019.3843349467934,0,2025
2025-03-02 10:00:00,5045,1,0,10,0,4169.0,4328.0,12276.0,31,2,0,0,0,0,6,0,3018.4898049289804,0,2025
2025-03-02 11:00:00,5826,1,0,11,0,5505.0,2659.0,13200.0,31,2,0,0,0,0,6,0,3017.449155933491,0,2025
2025-03-02 12:00:00,6492,1,0,12,0,6378.0,1502.0,11386.0,31,2,0,0,0,0,6,0,3016.489615618665,0,2025
2025-03-02 13:00:00,6916,1,0,13,0,7262.0,728.0,10830.0,31,2,0,0,0,0,6,0,3015.7090830906504,0,2025
2025-03-02 14:00:00,7060,1,0,14,0,7889.0,931.0,12031.0,31,2,0,0,0,0,6,0,3015.095010583369,0,2025
2025-03-02 15:00:00,6848,1,0,15,0,8372.0,1608.0,11232.0,31,2,0,0,0,0,6,0,3014.5466844624643,0,2025
2025-03-02 16:00:00,7738,1,0,16,0,8057.0,2745.0,9782.0,31,2,0,0,0,0,6,0,3013.90351042117,0,2025
2025-03-02 17:00:00,8184,1,0,17,0,8759.0,4169.0,7573.0,31,2,0,0,0,0,6,0,3013.726900860625,0,2025
2025-03-02 18:00:00,9438,1,0,18,0,7598.0,5505.0,5251.0,31,2,0,0,0,0,6,0,3013.8504853310787,0,2025
2025-03-02 19:00:00,7478,1,0,19,0,7549.0,6378.0,3401.0,31,2,0,0,0,0,6,0,3015.0599259413966,0,2025
2025-03-02 20:00:00,5808,1,0,20,0,6536.0,7262.0,2246.0,31,2,0,0,0,0,6,0,3014.7244357677,0,2025
2025-03-02 21:00:00,5274,1,0,21,0,5677.0,7889.0,1126.0,31,2,0,0,0,0,6,0,3013.7657507492363,0,2025
2025-03-02 22:00:00,4264,1,0,22,0,5430.0,8372.0,1196.0,31,2,0,0,0,0,6,0,3012.742587619488,0,2025
2025-03-02 23:00:00,3826,1,0,23,0,3738.0,8057.0,1619.0,31,2,0,0,0,0,6,0,3011.7738429515966,0,2025
2025-03-03 00:00:00,1529,1,0,0,0,3017.0,8759.0,2615.0,31,3,0,0,0,0,0,0,3010.9010577546123,0,2025
2025-03-03 01:00:00,518,1,0,1,0,1465.0,7598.0,3851.0,31,3,0,0,0,0,0,0,3011.238829520925,0,2025
2025-03-03 02:00:00,264,1,0,2,0,525.0,7549.0,5045.0,31,3,0,0,0,0,0,0,3012.484280659805,0,2025
2025-03-03 03:00:00,240,1,0,3,0,246.0,6536.0,5826.0,31,3,0,0,0,0,0,0,3013.9889259484785,0,2025
2025-03-03 04:00:00,506,1,0,4,0,225.0,5677.0,6492.0,31,3,0,0,0,0,0,0,3015.513023989245,0,2025
2025-03-03 05:00:00,993,1,0,5,0,340.0,5430.0,6916.0,31,3,0,0,0,0,0,0,3016.75377413116,0,2025
2025-03-03 06:00:00,2154,1,0,6,0,697.0,3738.0,7060.0,31,3,0,0,0,0,0,0,3017.524199632729,0,2025
2025-03-03 07:00:00,4795,1,0,7,0,1791.0,3017.0,6848.0,31,3,0,0,0,0,0,0,3017.3992776497435,0,2025
2025-03-03 08:00:00,6329,1,0,8,0,4067.0,1465.0,7738.0,31,3,0,0,0,0,0,0,3016.377369533031,0,2025
2025-03-03 09:00:00,5700,1,0,9,0,5385.0,525.0,8184.0,31,3,0,0,0,0,0,0,3015.557204042598,0,2025
2025-03-03 10:00:00,5250,1,0,10,0,5741.0,246.0,9438.0,31,3,0,0,0,0,0,0,3014.591466831717,0,2025
2025-03-03 11:00:00,5294,1,0,11,0,5789.0,225.0,7478.0,31,3,0,0,0,0,0,0,3013.5767686281574,0,2025
2025-03-03 12:00:00,5708,1,0,12,0,6000.0,340.0,5808.0,31,3,0,0,0,0,0,0,3012.5659596421624,0,2025
2025-03-03 13:00:00,5931,1,0,13,0,6468.0,697.0,5274.0,31,3,0,0,0,0,0,0,3011.604412064828,0,2025
2025-03-03 14:00:00,6482,1,0,14,0,6877.0,1791.0,4264.0,31,3,0,0,0,0,0,0,3010.6856944767765,0,2025
2025-03-03 15:00:00,7030,1,0,15,0,7409.0,4067.0,3826.0,31,3,0,0,0,0,0,0,3009.919148614021,0,2025
2025-03-03 16:00:00,7146,1,0,16,0,8011.0,5385.0,1529.0,31,3,0,0,0,0,0,0,3009.371039888368,0,2025
2025-03-03 17:00:00,8262,1,0,17,0,8232.0,5741.0,518.0,31,3,0,0,0,0,0,0,3008.877652523837,0,2025
2025-03-03 18:00:00,9255,1,0,18,0,8736.0,5789.0,264.0,31,3,0,0,0,0,0,0,3009.064009491972,0,2025
2025-03-03 19:00:00,7359,1,0,19,0,8728.0,6000.0,240.0,31,3,0,0,0,0,0,0,3010.0869323035417,0,2025
2025-03-03 20:00:00,6633,1,0,20,0,7340.0,6468.0,506.0,31,3,0,0,0,0,0,0,3009.69878835687,0,2025
2025-03-03 21:00:00,6767,1,0,21,0,6449.0,6877.0,993.0,31,3,0,0,0,0,0,0,3008.9850641023445,0,2025
2025-03-03 22:00:00,4511,1,0,22,0,6454.0,7409.0,2154.0,31,3,0,0,0,0,0,0,3008.3228235539304,0,2025
2025-03-03 23:00:00,2663,1,0,23,0,4581.0,8011.0,4795.0,31,3,0,0,0,0,0,0,3007.336797653682,0,2025
2025-03-04 00:00:00,1305,1,0,0,0,2892.0,8232.0,6329.0,31,4,0,0,0,0,1,0,3006.933862037085,0,2025
2025-03-04 01:00:00,519,1,0,1,0,1319.0,8736.0,5700.0,31,4,0,0,0,0,1,0,3007.4437483158035,0,2025
2025-03-04 02:00:00,286,1,0,2,0,558.0,8728.0,5250.0,31,4,0,0,0,0,1,0,3008.666307075892,0,2025
2025-03-04 03:00:00,244,1,0,3,0,292.0,7340.0,5294.0,31,4,0,0,0,0,1,0,3010.121869066658,0,2025
2025-03-04 04:00:00,352,1,0,4,0,228.0,6449.0,5708.0,31,4,0,0,0,0,1,0,3011.6156060095027,0,2025
2025-03-04 05:00:00,815,1,0,5,0,279.0,6454.0,5931.0,31,4,0,0,0,0,1,0,3012.9907778951588,0,2025
2025-03-04 06:00:00,2058,1,0,6,0,660.0,4581.0,6482.0,31,4,0,0,0,0,1,0,3013.908277149829,0,2025
2025-03-04 07:00:00,4781,1,0,7,0,1754.0,2892.0,7030.0,31,4,0,0,0,0,1,0,3013.845123187279,0,2025
2025-03-04 08:00:00,6714,1,0,8,0,4157.0,1319.0,7146.0,31,4,0,0,0,0,1,0,3012.841157125291,0,2025
2025-03-04 09:00:00,6318,1,0,9,0,5869.0,558.0,8262.0,31,4,0,0,0,0,1,0,3012.1693967703823,0,2025
2025-03-04 10:00:00,5602,1,0,10,0,6152.0,292.0,9255.0,31,4,0,0,0,0,1,0,3011.362758686804,0,2025
2025-03-04 11:00:00,5541,1,0,11,0,6065.0,228.0,7359.0,31,4,0,0,0,0,1,0,3010.4007473377837,0,2025
2025-03-04 12:00:00,5942,1,0,12,0,6224.0,279.0,6633.0,31,4,0,0,0,0,1,0,3009.431626835863,0,2025
2025-03-04 13:00:00,6322,1,0,13,0,6641.0,660.0,6767.0,31,4,0,0,0,0,1,0,3008.531258872015,0,2025
2025-03-04 14:00:00,6877,1,0,14,0,7035.0,1754.0,4511.0,31,4,0,0,0,0,1,0,3007.7287199535454,0,2025
2025-03-04 15:00:00,7323,1,0,15,0,7671.0,4157.0,2663.0,31,4,0,0,0,0,1,0,3007.125728303316,0,2025
2025-03-04 16:00:00,7571,1,0,16,0,8204.0,5869.0,1305.0,31,4,0,0,0,0,1,0,3006.7319268045417,0,2025
2025-03-04 17:00:00,8919,1,0,17,0,8455.0,6152.0,519.0,31,4,0,0,0,0,1,0,3006.4728934754216,0,2025
2025-03-04 18:00:00,10723,1,0,18,0,8971.0,6065.0,286.0,31,4,0,0,0,0,1,0,3007.184033806827,0,2025
2025-03-04 19:00:00,9080,1,0,19,0,9972.0,6224.0,244.0,31,4,0,0,0,0,1,0,3009.8152267945284,0,2025
2025-03-04 20:00:00,8975,1,0,20,0,8345.0,6641.0,352.0,31,4,0,0,0,0,1,0,3010.659038897141,0,2025
2025-03-04 21:00:00,9062,1,0,21,0,7948.0,7035.0,815.0,31,4,0,0,0,0,1,0,3011.4058354976246,0,2025
2025-03-04 22:00:00,7215,1,0,22,0,8215.0,7671.0,2058.0,31,4,0,0,0,0,1,0,3012.226096708004,0,2025
2025-03-04 23:00:00,3343,1,0,23,0,6776.0,8204.0,4781.0,31,4,0,0,0,0,1,0,3011.7684263706024,0,2025
2025-03-05 00:00:00,1593,1,0,0,0,3401.0,8455.0,6714.0,31,5,0,0,0,0,2,0,3011.073121607358,0,2025
2025-03-05 01:00:00,744,1,0,1,0,1576.0,8971.0,6318.0,31,5,0,0,0,0,2,0,3011.350357853292,0,2025
2025-03-05 02:00:00,352,1,0,2,0,787.0,9972.0,5602.0,31,5,0,0,0,0,2,0,3012.338201536993,0,2025
2025-03-05 03:00:00,268,1,0,3,0,348.0,8345.0,5541.0,31,5,0,0,0,0,2,0,3013.703512544495,0,2025
2025-03-05 04:00:00,440,1,0,4,0,249.0,7948.0,5942.0,31,5,0,0,0,0,2,0,3015.149310260056,0,2025
2025-03-05 05:00:00,940,1,0,5,0,286.0,8215.0,6322.0,31,5,0,0,0,0,2,0,3016.41513822914,0,2025
2025-03-05 06:00:00,2143,1,0,6,0,664.0,6776.0,6877.0,31,5,0,0,0,0,2,0,3017.20701562659,0,2025
2025-03-05 07:00:00,4777,1,0,7,0,1837.0,3401.0,7323.0,31,5,0,0,0,0,2,0,3017.092373791289,0,2025
2025-03-05 08:00:00,6614,1,0,8,0,4139.0,1576.0,7571.0,31,5,0,0,0,0,2,0,3016.103583148325,0,2025
2025-03-05 09:00:00,6120,1,0,9,0,5737.0,787.0,8919.0,31,5,0,0,0,0,2,0,3015.402442501575,0,2025
2025-03-05 10:00:00,5689,1,0,10,0,6036.0,348.0,10723.0,31,5,0,0,0,0,2,0,3014.5524384366545,0,2025
2025-03-05 11:00:00,5849,1,0,11,0,6189.0,249.0,9080.0,31,5,0,0,0,0,2,0,3013.616463405482,0,2025
2025-03-05 12:00:00,5983,1,0,12,0,6480.0,286.0,8975.0,31,5,0,0,0,0,2,0,3012.7087787262462,0,2025
2025-03-05 13:00:00,6598,1,0,13,0,6663.0,664.0,9062.0,31,5,0,0,0,0,2,0,3011.829135377693,0,2025
2025-03-05 14:00:00,6883,1,0,14,0,7519.0,1837.0,7215.0,31,5,0,0,0,0,2,0,3011.1252098453087,0,2025
2025-03-05 15:00:00,9181,1,0,15,0,7742.0,4139.0,3343.0,31,5,0,0,0,0,2,0,3010.530546842617,0,2025
2025-03-05 16:00:00,11285,1,0,16,0,10195.0,5737.0,1593.0,31,5,0,0,0,0,2,0,3011.457794267368,0,2025
2025-03-05 17:00:00,12604,1,0,17,0,10549.0,6036.0,744.0,31,5,0,0,0,0,2,0,3014.775862767238,0,2025
2025-03-05 18:00:00,13661,1,0,18,0,10923.0,6189.0,352.0,31,5,0,0,0,0,2,0,3020.065481707428,0,2025
2025-03-05 19:00:00,11480,1,0,19,0,10942.0,6480.0,268.0,31,5,0,0,0,0,2,0,3027.186685880456,0,2025
2025-03-05 20:00:00,11761,1,0,20,0,8031.0,6663.0,440.0,31,5,0,0,0,0,2,0,3030.718789328941,0,2025
2025-03-05 21:00:00,9838,1,0,21,0,9111.0,7519.0,940.0,31,5,0,0,0,0,2,0,3034.63577614537,0,2025
2025-03-05 22:00:00,8704,1,0,22,0,7728.0,7742.0,2143.0,31,5,0,0,0,0,2,0,3036.147479552143,0,2025
2025-03-05 23:00:00,4595,1,0,23,0,6466.0,10195.0,4777.0,31,5,0,0,0,0,2,0,3036.617934133835,0,2025
2025-03-06 00:00:00,2077,1,0,0,0,3543.0,10549.0,6614.0,31,6,0,0,0,0,3,0,3035.647768421194,0,2025
2025-03-06 01:00:00,992,1,0,1,0,2084.0,10923.0,6120.0,31,6,0,0,0,0,3,0,3035.585877954729,0,2025
2025-03-06 02:00:00,442,1,0,2,0,998.0,10942.0,5689.0,31,6,0,0,0,0,3,0,3036.331651771754,0,2025
2025-03-06 03:00:00,332,1,0,3,0,448.0,8031.0,5849.0,31,6,0,0,0,0,3,0,3037.5794330178333,0,2025
2025-03-06 04:00:00,595,1,0,4,0,302.0,9111.0,5983.0,31,6,0,0,0,0,3,0,3038.930834514268,0,2025
2025-03-06 05:00:00,1157,1,0,5,0,406.0,7728.0,6598.0,31,6,0,0,0,0,3,0,3040.0218170251237,0,2025
2025-03-06 06:00:00,2258,1,0,6,0,758.0,6466.0,6883.0,31,6,0,0,0,0,3,0,3040.6135883058764,0,2025
2025-03-06 07:00:00,4956,1,0,7,0,1901.0,3543.0,9181.0,31,6,0,0,0,0,3,0,3040.4295686316864,0,2025
2025-03-06 08:00:00,6558,1,0,8,0,4209.0,2084.0,11285.0,31,6,0,0,0,0,3,0,3039.444375848233,0,2025
2025-03-06 09:00:00,6151,1,0,9,0,5511.0,998.0,12604.0,31,6,0,0,0,0,3,0,3038.718696980643,0,2025
2025-03-06 10:00:00,5547,1,0,10,0,6001.0,448.0,13661.0,31,6,0,0,0,0,3,0,3037.8760994954705,0,2025
2025-03-06 11:00:00,6072,1,0,11,0,5978.0,302.0,11480.0,31,6,0,0,0,0,3,0,3036.925165525143,0,2025
2025-03-06 12:00:00,6467,1,0,12,0,6788.0,406.0,11761.0,31,6,0,0,0,0,3,0,3036.0653924983017,0,2025
2025-03-06 13:00:00,6812,1,0,13,0,7277.0,758.0,9838.0,31,6,0,0,0,0,3,0,3035.312808449302,0,2025
2025-03-06 14:00:00,7264,1,0,14,0,7685.0,1901.0,8704.0,31,6,0,0,0,0,3,0,3034.680744415676,0,2025
2025-03-06 15:00:00,7999,1,0,15,0,8169.0,4209.0,4595.0,31,6,0,0,0,0,3,0,3034.2442578511177,0,2025
2025-03-06 16:00:00,8316,1,0,16,0,9025.0,5511.0,2077.0,31,6,0,0,0,0,3,0,3034.217440954246,0,2025
2025-03-06 17:00:00,10647,1,0,17,0,9069.0,6001.0,992.0,31,6,0,0,0,0,3,0,3034.401331791068,0,2025
2025-03-06 18:00:00,12290,1,0,18,0,10391.0,5978.0,442.0,31,6,0,0,0,0,3,0,3036.7930794323142,0,2025
2025-03-06 19:00:00,11309,1,0,19,0,11337.0,6788.0,332.0,31,6,0,0,0,0,3,0,3041.418894787355,0,2025
2025-03-06 20:00:00,10918,1,0,20,0,10012.0,7277.0,595.0,31,6,0,0,0,0,3,0,3044.620626789851,0,2025
2025-03-06 21:00:00,10988,1,0,21,0,9713.0,7685.0,1157.0,31,6,0,0,0,0,3,0,3047.3075870972143,0,2025
2025-03-06 22:00:00,9777,1,0,22,0,10238.0,8169.0,2258.0,31,6,0,0,0,0,3,0,3050.071349470475,0,2025
2025-03-06 23:00:00,6476,1,0,23,0,8474.0,9025.0,4956.0,31,6,0,0,0,0,3,0,3051.461970506938,0,2025
2025-03-07 00:00:00,3437,1,0,0,0,5583.0,9069.0,6558.0,31,7,0,0,0,0,4,0,3050.7020051427094,0,2025
2025-03-07 01:00:00,1705,1,0,1,0,3522.0,10391.0,6151.0,31,7,0,0,0,0,4,0,3049.9918007718525,0,2025
2025-03-07 02:00:00,957,1,0,2,0,1914.0,11337.0,5547.0,31,7,0,0,0,0,4,0,3050.17701424386,0,2025
2025-03-07 03:00:00,657,1,0,3,0,1031.0,10012.0,6072.0,31,7,0,0,0,0,4,0,3050.940849654994,0,2025
2025-03-07 04:00:00,878,1,0,4,0,548.0,9713.0,6467.0,31,7,0,0,0,0,4,0,3051.9665891107798,0,2025
2025-03-07 05:00:00,1172,1,0,5,0,605.0,10238.0,6812.0,31,7,0,0,0,0,4,0,3052.791178396007,0,2025
2025-03-07 06:00:00,2028,1,0,6,0,806.0,8474.0,7264.0,31,7,0,0,0,0,4,0,3053.3664167194497,0,2025
2025-03-07 07:00:00,4288,1,0,7,0,1672.0,5583.0,7999.0,31,7,0,0,0,0,4,0,3053.327028136208,0,2025
2025-03-07 08:00:00,5477,1,0,8,0,3694.0,3522.0,8316.0,31,7,0,0,0,0,4,0,3052.4082994320456,0,2025
2025-03-07 09:00:00,5195,1,0,9,0,4878.0,1914.0,10647.0,31,7,0,0,0,0,4,0,3051.4568376040115,0,2025
2025-03-07 10:00:00,5329,1,0,10,0,5292.0,1031.0,12290.0,31,7,0,0,0,0,4,0,3050.4875353701373,0,2025
2025-03-07 11:00:00,5939,1,0,11,0,5715.0,548.0,11309.0,31,7,0,0,0,0,4,0,3049.525980044933,0,2025
2025-03-07 12:00:00,6300,1,0,12,0,6466.0,605.0,10918.0,31,7,0,0,0,0,4,0,3048.643711191319,0,2025
2025-03-07 13:00:00,6805,1,0,13,0,6783.0,806.0,10988.0,31,7,0,0,0,0,4,0,3047.845078213045,0,2025
2025-03-07 14:00:00,7443,1,0,14,0,7447.0,1672.0,9777.0,31,7,0,0,0,0,4,0,3047.2084332764,0,2025
2025-03-07 15:00:00,7977,1,0,15,0,8168.0,3694.0,6476.0,31,7,0,0,0,0,4,0,3046.851680793509,0,2025
2025-03-07 16:00:00,7740,1,0,16,0,8777.0,4878.0,3437.0,31,7,0,0,0,0,4,0,3046.793476316923,0,2025
2025-03-07 17:00:00,9469,1,0,17,0,8505.0,5292.0,1705.0,31,7,0,0,0,0,4,0,3046.5943814747634,0,2025
2025-03-07 18:00:00,11762,1,0,18,0,9534.0,5715.0,957.0,31,7,0,0,0,0,4,0,3047.681389700229,0,2025
2025-03-07 19:00:00,11267,1,0,19,0,10324.0,6466.0,657.0,31,7,0,0,0,0,4,0,3051.4239682667503,0,2025
2025-03-07 20:00:00,8384,1,0,20,0,9590.0,6783.0,878.0,31,7,0,0,0,0,4,0,3054.4865649947965,0,2025
2025-03-07 21:00:00,7470,1,0,21,0,8163.0,7447.0,1172.0,31,7,0,0,0,0,4,0,3054.6798754967654,0,2025
2025-03-07 22:00:00,7731,1,0,22,0,8829.0,8168.0,2028.0,31,7,0,0,0,0,4,0,3054.325233098338,0,2025
2025-03-07 23:00:00,8467,1,0,23,0,8620.0,8777.0,4288.0,31,7,0,0,0,0,4,0,3054.1084267869223,0,2025
2025-03-08 00:00:00,8062,1,0,0,0,7926.0,8505.0,5477.0,31,8,0,0,0,0,5,0,3054.35597588952,0,2025
2025-03-08 01:00:00,6352,1,0,1,0,7040.0,9534.0,5195.0,31,8,0,0,0,0,5,0,3054.332291029223,0,2025
2025-03-08 02:00:00,4186,1,0,2,0,5651.0,10324.0,5329.0,31,8,0,0,0,0,5,0,3053.544634853625,0,2025
2025-03-08 03:00:00,2879,1,0,3,0,3911.0,9590.0,5939.0,31,8,0,0,0,0,5,0,3052.6583686434365,0,2025
2025-03-08 04:00:00,1752,1,0,4,0,2394.0,8163.0,6300.0,31,8,0,0,0,0,5,0,3052.1811910547385,0,2025
2025-03-08 05:00:00,934,1,0,5,0,1299.0,8829.0,6805.0,31,8,0,0,0,0,5,0,3052.3382921909524,0,2025
2025-03-08 06:00:00,1022,1,0,6,0,564.0,8620.0,7443.0,31,8,0,0,0,0,5,0,3053.117345945205,0,2025
2025-03-08 07:00:00,1463,1,0,7,0,891.0,7926.0,7977.0,31,8,0,0,0,0,5,0,3053.8194556011736,0,2025
2025-03-08 08:00:00,2413,1,0,8,0,1419.0,7040.0,7740.0,31,8,0,0,0,0,5,0,3054.174200374316,0,2025
2025-03-08 09:00:00,3657,1,0,9,0,2369.0,5651.0,9469.0,31,8,0,0,0,0,5,0,3053.921935513083,0,2025
2025-03-08 10:00:00,4661,1,0,10,0,3905.0,3911.0,11762.0,31,8,0,0,0,0,5,0,3053.158104851072,0,2025
2025-03-08 11:00:00,5736,1,0,11,0,5322.0,2394.0,11267.0,31,8,0,0,0,0,5,0,3052.2144888048083,0,2025
2025-03-08 12:00:00,6454,1,0,12,0,6696.0,1299.0,8384.0,31,8,0,0,0,0,5,0,3051.308260619792,0,2025
2025-03-08 13:00:00,6991,1,0,13,0,7620.0,564.0,7470.0,31,8,0,0,0,0,5,0,3050.559279913886,0,2025
2025-03-08 14:00:00,6812,1,0,14,0,8359.0,891.0,7731.0,31,8,0,0,0,0,5,0,3049.996790977641,0,2025
2025-03-08 15:00:00,7301,1,0,15,0,8206.0,1419.0,8467.0,31,8,0,0,0,0,5,0,3049.3659149665555,0,2025
2025-03-08 16:00:00,8085,1,0,16,0,8961.0,2369.0,8062.0,31,8,0,0,0,0,5,0,3048.93775913826,0,2025
2025-03-08 17:00:00,9319,1,0,17,0,9957.0,3905.0,6352.0,31,8,0,0,0,0,5,0,3048.9358483325,0,2025
2025-03-08 18:00:00,11152,1,0,18,0,10137.0,5322.0,4186.0,31,8,0,0,0,0,5,0,3049.8577683177696,0,2025
2025-03-08 19:00:00,12302,1,0,19,0,10439.0,6696.0,2879.0,31,8,0,0,0,0,5,0,3052.721633766667,0,2025
2025-03-08 20:00:00,9177,1,0,20,0,10639.0,7620.0,1752.0,31,8,0,0,0,0,5,0,3057.141591944908,0,2025
2025-03-08 21:00:00,7855,1,0,21,0,8555.0,8359.0,934.0,31,8,0,0,0,0,5,0,3057.923206041269,0,2025
2025-03-08 22:00:00,8745,1,0,22,0,8867.0,8206.0,1022.0,31,8,0,0,0,0,5,0,3057.7695529059315,0,2025
2025-03-08 23:00:00,10388,1,0,23,0,9388.0,8961.0,1463.0,31,8,0,0,0,0,5,0,3058.202730036323,0,2025
2025-03-09 00:00:00,9565,1,0,0,0,9116.0,9957.0,2413.0,31,9,0,0,0,0,6,0,3060.139426847591,0,2025
2025-03-09 01:00:00,7889,1,0,1,0,8309.0,10137.0,3657.0,31,9,0,0,0,0,6,0,3061.247697713671,0,2025
2025-03-09 02:00:00,0,1,0,2,0,6579.0,10439.0,4661.0,31,9,0,0,0,0,6,0,3061.10614095138,0,2025
2025-03-09 03:00:00,6196,1,0,3,0,0.0,10639.0,5736.0,31,9,0,0,0,0,6,0,3062.7567023529123,0,2025
2025-03-09 04:00:00,3926,1,0,4,0,5312.0,8555.0,6454.0,31,9,0,0,0,0,6,0,3061.9361535008725,0,2025
2025-03-09 05:00:00,2048,1,0,5,0,3170.0,8867.0,6991.0,31,9,0,0,0,0,6,0,3061.1172149049817,0,2025
2025-03-09 06:00:00,1641,1,0,6,0,1247.0,9388.0,6812.0,31,9,0,0,0,0,6,0,3061.0879098454584,0,2025
2025-03-09 07:00:00,1631,1,0,7,0,899.0,9116.0,7301.0,31,9,0,0,0,0,6,0,3061.322263443317,0,2025
2025-03-09 08:00:00,2250,1,0,8,0,1325.0,8309.0,8085.0,31,9,0,0,0,0,6,0,3061.561763879353,0,2025
2025-03-09 09:00:00,3492,1,0,9,0,2131.0,6579.0,9319.0,31,9,0,0,0,0,6,0,3061.409897146016,0,2025
2025-03-09 10:00:00,4645,1,0,10,0,3513.0,0.0,11152.0,31,9,0,0,0,0,6,0,3060.7096459322142,0,2025
2025-03-09 11:00:00,5285,1,0,11,0,4975.0,5312.0,12302.0,31,9,0,0,0,0,6,0,3059.78052014704,0,2025
2025-03-09 12:00:00,6058,1,0,12,0,5717.0,3170.0,9177.0,31,9,0,0,0,0,6,0,3058.840828634776,0,2025
2025-03-09 13:00:00,6292,1,0,13,0,6802.0,1247.0,7855.0,31,9,0,0,0,0,6,0,3057.9983759107186,0,2025
2025-03-09 14:00:00,6549,1,0,14,0,6999.0,899.0,8745.0,31,9,0,0,0,0,6,0,3057.2094992272314,0,2025
2025-03-09 15:00:00,6331,1,0,15,0,7539.0,1325.0,10388.0,31,9,0,0,0,0,6,0,3056.491951771373,0,2025
2025-03-09 16:00:00,6486,1,0,16,0,7516.0,2131.0,9565.0,31,9,0,0,0,0,6,0,3055.714036475196,0,2025
2025-03-09 17:00:00,6495,1,0,17,0,7696.0,3513.0,7889.0,31,9,0,0,0,0,6,0,3054.978890632705,0,2025
2025-03-09 18:00:00,6313,1,0,18,0,7538.0,4975.0,0.0,31,9,0,0,0,0,6,0,3054.2468169545014,0,2025
2025-03-09 19:00:00,6579,1,0,19,0,6684.0,5717.0,6196.0,31,9,0,0,0,0,6,0,3053.4659159217745,0,2025
2025-03-09 20:00:00,6275,1,0,20,0,6035.0,6802.0,3926.0,31,9,0,0,0,0,6,0,3052.7598108180414,0,2025
2025-03-09 21:00:00,5111,1,0,21,0,5886.0,6999.0,2048.0,31,9,0,0,0,0,6,0,3051.970541846824,0,2025
2025-03-09 22:00:00,3783,1,0,22,0,5016.0,7539.0,1641.0,31,9,0,0,0,0,6,0,3051.033889438565,0,2025
2025-03-09 23:00:00,2562,1,0,23,0,3821.0,7516.0,1631.0,31,9,0,0,0,0,6,0,3050.261956229528,0,2025
2025-03-10 00:00:00,1515,1,0,0,0,2569.0,7696.0,2250.0,31,10,0,0,0,0,0,0,3049.953628583479,0,2025
2025-03-10 01:00:00,667,1,0,1,0,1585.0,7538.0,3492.0,31,10,0,0,0,0,0,0,3050.2797361368885,0,2025
2025-03-10 02:00:00,331,1,0,2,0,703.0,6684.0,4645.0,31,10,0,0,0,0,0,0,3051.278381807604,0,2025
2025-03-10 03:00:00,280,1,0,3,0,345.0,6035.0,5285.0,31,10,0,0,0,0,0,0,3052.5797601176173,0,2025
2025-03-10 04:00:00,368,1,0,4,0,260.0,5886.0,6058.0,31,10,0,0,0,0,0,0,3053.92470303298,0,2025
2025-03-10 05:00:00,925,1,0,5,0,249.0,5016.0,6292.0,31,10,0,0,0,0,0,0,3055.181514337677,0,2025
2025-03-10 06:00:00,2129,1,0,6,0,601.0,3821.0,6549.0,31,10,0,0,0,0,0,0,3055.9442021922,0,2025
2025-03-10 07:00:00,4573,1,0,7,0,1591.0,2569.0,6331.0,31,10,0,0,0,0,0,0,3055.8587364330115,0,2025
2025-03-10 08:00:00,6163,1,0,8,0,3686.0,1585.0,6486.0,31,10,0,0,0,0,0,0,3054.9481919659543,0,2025
2025-03-10 09:00:00,5318,1,0,9,0,5228.0,703.0,6495.0,31,10,0,0,0,0,0,0,3054.142387228886,0,2025
2025-03-10 10:00:00,4951,1,0,10,0,5384.0,345.0,6313.0,31,10,0,0,0,0,0,0,3053.2193187017647,0,2025
2025-03-10 11:00:00,5080,1,0,11,0,5482.0,260.0,6579.0,31,10,0,0,0,0,0,0,3052.2902638087667,0,2025
2025-03-10 12:00:00,5329,1,0,12,0,5675.0,249.0,6275.0,31,10,0,0,0,0,0,0,3051.361395228558,0,2025
2025-03-10 13:00:00,5566,1,0,13,0,6068.0,601.0,5111.0,31,10,0,0,0,0,0,0,3050.441475458618,0,2025
2025-03-10 14:00:00,6185,1,0,14,0,6341.0,1591.0,3783.0,31,10,0,0,0,0,0,0,3049.541560727717,0,2025
2025-03-10 15:00:00,6545,1,0,15,0,7208.0,3686.0,2562.0,31,10,0,0,0,0,0,0,3048.745225706445,0,2025
2025-03-10 16:00:00,6632,1,0,16,0,7685.0,5228.0,1515.0,31,10,0,0,0,0,0,0,3048.0442795372064,0,2025
2025-03-10 17:00:00,7212,1,0,17,0,7829.0,5384.0,667.0,31,10,0,0,0,0,0,0,3047.3705021992346,0,2025
2025-03-10 18:00:00,7315,1,0,18,0,8128.0,5482.0,331.0,31,10,0,0,0,0,0,0,3046.9137223468983,0,2025
2025-03-10 19:00:00,6560,1,0,19,0,7970.0,5675.0,280.0,31,10,0,0,0,0,0,0,3046.502280243733,0,2025
2025-03-10 20:00:00,6340,1,0,20,0,7056.0,6068.0,368.0,31,10,0,0,0,0,0,0,3045.80700466595,0,2025
2025-03-10 21:00:00,6124,1,0,21,0,6519.0,6341.0,925.0,31,10,0,0,0,0,0,0,3045.050855909148,0,2025
2025-03-10 22:00:00,5724,1,0,22,0,6096.0,7208.0,2129.0,31,10,0,0,0,0,0,0,3044.244472574881,0,2025
2025-03-10 23:00:00,3381,1,0,23,0,5519.0,7685.0,4573.0,31,10,0,0,0,0,0,0,3043.3692510214883,0,2025
2025-03-11 00:00:00,1644,1,0,0,0,3134.0,7829.0,6163.0,31,11,0,0,0,0,1,0,3042.726006940717,0,2025
2025-03-11 01:00:00,744,1,0,1,0,1637.0,8128.0,5318.0,31,11,0,0,0,0,1,0,3042.956914256344,0,2025
2025-03-11 02:00:00,332,1,0,2,0,749.0,7970.0,4951.0,31,11,0,0,0,0,1,0,3043.873277199924,0,2025
2025-03-11 03:00:00,258,1,0,3,0,310.0,7056.0,5080.0,31,11,0,0,0,0,1,0,3045.153558858548,0,2025
2025-03-11 04:00:00,292,1,0,4,0,275.0,6519.0,5329.0,31,11,0,0,0,0,1,0,3046.498565957748,0,2025
2025-03-11 05:00:00,813,1,0,5,0,210.0,6096.0,5566.0,31,11,0,0,0,0,1,0,3047.806647760433,0,2025
2025-03-11 06:00:00,2158,1,0,6,0,642.0,5519.0,6185.0,31,11,0,0,0,0,1,0,3048.6489885152205,0,2025
2025-03-11 07:00:00,4888,1,0,7,0,1699.0,3134.0,6545.0,31,11,0,0,0,0,1,0,3048.546971578728,0,2025
2025-03-11 08:00:00,6723,1,0,8,0,3961.0,1637.0,6632.0,31,11,0,0,0,0,1,0,3047.632276081792,0,2025
2025-03-11 09:00:00,6295,1,0,9,0,5650.0,749.0,7212.0,31,11,0,0,0,0,1,0,3046.9984984415046,0,2025
2025-03-11 10:00:00,5747,1,0,10,0,6044.0,310.0,7315.0,31,11,0,0,0,0,1,0,3046.2404668741483,0,2025
2025-03-11 11:00:00,5737,1,0,11,0,6214.0,275.0,6560.0,31,11,0,0,0,0,1,0,3045.376312479629,0,2025
2025-03-11 12:00:00,6066,1,0,12,0,6334.0,210.0,6340.0,31,11,0,0,0,0,1,0,3044.5114943737194,0,2025
2025-03-11 13:00:00,6454,1,0,13,0,6904.0,642.0,6124.0,31,11,0,0,0,0,1,0,3043.703607725608,0,2025
2025-03-11 14:00:00,6976,1,0,14,0,7256.0,1699.0,5724.0,31,11,0,0,0,0,1,0,3042.9899270996248,0,2025
2025-03-11 15:00:00,7441,1,0,15,0,7815.0,3961.0,3381.0,31,11,0,0,0,0,1,0,3042.4491728915405,0,2025
2025-03-11 16:00:00,7587,1,0,16,0,8647.0,5650.0,1644.0,31,11,0,0,0,0,1,0,3042.107106701109,0,2025
2025-03-11 17:00:00,8746,1,0,17,0,8688.0,6044.0,744.0,31,11,0,0,0,0,1,0,3041.835772309301,0,2025
2025-03-11 18:00:00,9486,1,0,18,0,9515.0,6214.0,332.0,31,11,0,0,0,0,1,0,3042.275723824481,0,2025
2025-03-11 19:00:00,8403,1,0,19,0,9985.0,6334.0,258.0,31,11,0,0,0,0,1,0,3043.305009974953,0,2025
2025-03-11 20:00:00,8895,1,0,20,0,8655.0,6904.0,292.0,31,11,0,0,0,0,1,0,3043.502437819506,0,2025
2025-03-11 21:00:00,9101,1,0,21,0,8349.0,7256.0,813.0,31,11,0,0,0,0,1,0,3044.045548312676,0,2025
2025-03-11 22:00:00,7564,1,0,22,0,8080.0,7815.0,2158.0,31,11,0,0,0,0,1,0,3044.7454343874656,0,2025
2025-03-11 23:00:00,3631,1,0,23,0,6832.0,8647.0,4888.0,31,11,0,0,0,0,1,0,3044.4558560646456,0,2025
2025-03-12 00:00:00,1583,1,0,0,0,3727.0,8688.0,6723.0,31,12,0,0,0,0,2,0,3043.746666426941,0,2025
2025-03-12 01:00:00,785,1,0,1,0,1651.0,9515.0,6295.0,31,12,0,0,0,0,2,0,3044.0164937459163,0,2025
2025-03-12 02:00:00,373,1,0,2,0,819.0,9985.0,5747.0,31,12,0,0,0,0,2,0,3044.886942687372,0,2025
2025-03-12 03:00:00,289,1,0,3,0,369.0,8655.0,5737.0,31,12,0,0,0,0,2,0,3046.113092523748,0,2025
2025-03-12 04:00:00,394,1,0,4,0,267.0,8349.0,6066.0,31,12,0,0,0,0,2,0,3047.411913696423,0,2025
2025-03-12 05:00:00,772,1,0,5,0,308.0,8080.0,6454.0,31,12,0,0,0,0,2,0,3048.6099617228474,0,2025
2025-03-12 06:00:00,2193,1,0,6,0,606.0,6832.0,6976.0,31,12,0,0,0,0,2,0,3049.4760626587968,0,2025
2025-03-12 07:00:00,4949,1,0,7,0,1770.0,3727.0,7441.0,31,12,0,0,0,0,2,0,3049.357337622424,0,2025
2025-03-12 08:00:00,6968,1,0,8,0,4190.0,1651.0,7587.0,31,12,0,0,0,0,2,0,3048.454131685,0,2025
2025-03-12 09:00:00,6653,1,0,9,0,5850.0,819.0,8746.0,31,12,0,0,0,0,2,0,3047.914187478147,0,2025
2025-03-12 10:00:00,6194,1,0,10,0,6504.0,369.0,9486.0,31,12,0,0,0,0,2,0,3047.265790305015,0,2025
2025-03-12 11:00:00,6116,1,0,11,0,6766.0,267.0,8403.0,31,12,0,0,0,0,2,0,3046.4941438661426,0,2025
2025-03-12 12:00:00,6743,1,0,12,0,6819.0,308.0,8895.0,31,12,0,0,0,0,2,0,3045.7061419224788,0,2025
2025-03-12 13:00:00,6886,1,0,13,0,7677.0,606.0,9101.0,31,12,0,0,0,0,2,0,3045.0879998901355,0,2025
2025-03-12 14:00:00,7522,1,0,14,0,7835.0,1770.0,7564.0,31,12,0,0,0,0,2,0,3044.519365108744,0,2025
2025-03-12 15:00:00,7742,1,0,15,0,8486.0,4190.0,3631.0,31,12,0,0,0,0,2,0,3044.21765790108,0,2025
2025-03-12 16:00:00,8031,1,0,16,0,8935.0,5850.0,1583.0,31,12,0,0,0,0,2,0,3044.0259716344167,0,2025
2025-03-12 17:00:00,9494,1,0,17,0,9173.0,6504.0,785.0,31,12,0,0,0,0,2,0,3043.992757656597,0,2025
2025-03-12 18:00:00,10586,1,0,18,0,10182.0,6766.0,373.0,31,12,0,0,0,0,2,0,3045.010713563923,0,2025
2025-03-12 19:00:00,9874,1,0,19,0,10802.0,6819.0,289.0,31,12,0,0,0,0,2,0,3047.0781817715088,0,2025
2025-03-12 20:00:00,10377,1,0,20,0,9712.0,7677.0,394.0,31,12,0,0,0,0,2,0,3048.426820081447,0,2025
2025-03-12 21:00:00,10484,1,0,21,0,9695.0,7835.0,772.0,31,12,0,0,0,0,2,0,3050.262392228711,0,2025
2025-03-12 22:00:00,9024,1,0,22,0,9730.0,8486.0,2193.0,31,12,0,0,0,0,2,0,3052.2021894674094,0,2025
2025-03-12 23:00:00,4836,1,0,23,0,8136.0,8935.0,4949.0,31,12,0,0,0,0,2,0,3052.817169127454,0,2025
2025-03-13 00:00:00,2140,1,0,0,0,4727.0,9173.0,6968.0,31,13,0,0,0,0,3,0,3051.9256459989465,0,2025
2025-03-13 01:00:00,981,1,0,1,0,2299.0,10182.0,6653.0,31,13,0,0,0,0,3,0,3051.850509499508,0,2025
2025-03-13 02:00:00,514,1,0,2,0,1039.0,10802.0,6194.0,31,13,0,0,0,0,3,0,3052.5534873781708,0,2025
2025-03-13 03:00:00,403,1,0,3,0,547.0,9712.0,6116.0,31,13,0,0,0,0,3,0,3053.6398025350504,0,2025
2025-03-13 04:00:00,499,1,0,4,0,398.0,9695.0,6743.0,31,13,0,0,0,0,3,0,3054.819933847673,0,2025
2025-03-13 05:00:00,1114,1,0,5,0,349.0,9730.0,6886.0,31,13,0,0,0,0,3,0,3055.9112215801,0,2025
2025-03-13 06:00:00,2463,1,0,6,0,715.0,8136.0,7522.0,31,13,0,0,0,0,3,0,3056.4992690901586,0,2025
2025-03-13 07:00:00,5346,1,0,7,0,1759.0,4727.0,7742.0,31,13,0,0,0,0,3,0,3056.2441697835407,0,2025
2025-03-13 08:00:00,7427,1,0,8,0,4182.0,2299.0,8031.0,31,13,0,0,0,0,3,0,3055.359526975955,0,2025
2025-03-13 09:00:00,6713,1,0,9,0,5851.0,1039.0,9494.0,31,13,0,0,0,0,3,0,3055.0086879382748,0,2025
2025-03-13 10:00:00,6285,1,0,10,0,6386.0,547.0,10586.0,31,13,0,0,0,0,3,0,3054.381768213485,0,2025
2025-03-13 11:00:00,6409,1,0,11,0,6876.0,398.0,9874.0,31,13,0,0,0,0,3,0,3053.63660228195,0,2025
2025-03-13 12:00:00,6924,1,0,12,0,7235.0,349.0,10377.0,31,13,0,0,0,0,3,0,3052.922671211796,0,2025
2025-03-13 13:00:00,7140,1,0,13,0,7663.0,715.0,10484.0,31,13,0,0,0,0,3,0,3052.368047005816,0,2025
2025-03-13 14:00:00,8055,1,0,14,0,7934.0,1759.0,9024.0,31,13,0,0,0,0,3,0,3051.8951848151323,0,2025
2025-03-13 15:00:00,8709,1,0,15,0,9004.0,4182.0,4836.0,31,13,0,0,0,0,3,0,3051.8662586223345,0,2025
2025-03-13 16:00:00,9055,1,0,16,0,9704.0,5851.0,2140.0,31,13,0,0,0,0,3,0,3052.2509687026045,0,2025
2025-03-13 17:00:00,10579,1,0,17,0,10062.0,6386.0,981.0,31,13,0,0,0,0,3,0,3052.885661064305,0,2025
2025-03-13 18:00:00,12162,1,0,18,0,11061.0,6876.0,514.0,31,13,0,0,0,0,3,0,3054.896578892727,0,2025
2025-03-13 19:00:00,12398,1,0,19,0,11666.0,7235.0,403.0,31,13,0,0,0,0,3,0,3058.7959825650546,0,2025
2025-03-13 20:00:00,11733,1,0,20,0,10806.0,7663.0,499.0,31,13,0,0,0,0,3,0,3063.0027951569846,0,2025
2025-03-13 21:00:00,11973,1,0,21,0,10367.0,7934.0,1114.0,31,13,0,0,0,0,3,0,3066.3137198050304,0,2025
2025-03-13 22:00:00,10387,1,0,22,0,11034.0,9004.0,2463.0,31,13,0,0,0,0,3,0,3069.919452530188,0,2025
2025-03-13 23:00:00,7484,1,0,23,0,9361.0,9704.0,5346.0,31,13,0,0,0,0,3,0,3071.687784410732,0,2025
2025-03-14 00:00:00,4252,1,0,0,0,6548.0,10062.0,7427.0,31,14,0,0,0,0,4,0,3071.342378011157,0,2025
2025-03-14 01:00:00,2091,1,0,1,0,4427.0,11061.0,6713.0,31,14,0,0,0,0,4,0,3070.5185010994696,0,2025
2025-03-14 02:00:00,1086,1,0,2,0,2319.0,11666.0,6285.0,31,14,0,0,0,0,4,0,3070.472593797027,0,2025
2025-03-14 03:00:00,791,1,0,3,0,1204.0,10806.0,6409.0,31,14,0,0,0,0,4,0,3071.085949128648,0,2025
2025-03-14 04:00:00,876,1,0,4,0,814.0,10367.0,6924.0,31,14,0,0,0,0,4,0,3071.926261386378,0,2025
2025-03-14 05:00:00,1209,1,0,5,0,616.0,11034.0,7140.0,31,14,0,0,0,0,4,0,3072.695671188512,0,2025
2025-03-14 06:00:00,2334,1,0,6,0,855.0,9361.0,8055.0,31,14,0,0,0,0,4,0,3073.210239855727,0,2025
2025-03-14 07:00:00,4544,1,0,7,0,1656.0,6548.0,8709.0,31,14,0,0,0,0,4,0,3073.026436370525,0,2025
2025-03-14 08:00:00,5715,1,0,8,0,3551.0,4427.0,9055.0,31,14,0,0,0,0,4,0,3072.166571815296,0,2025
2025-03-14 09:00:00,5442,1,0,9,0,5108.0,2319.0,10579.0,31,14,0,0,0,0,4,0,3071.3207264660373,0,2025
2025-03-14 10:00:00,5467,1,0,10,0,5668.0,1204.0,12162.0,31,14,0,0,0,0,4,0,3070.449527293124,0,2025
2025-03-14 11:00:00,5945,1,0,11,0,6028.0,814.0,12398.0,31,14,0,0,0,0,4,0,3069.580871961299,0,2025
2025-03-14 12:00:00,6597,1,0,12,0,6682.0,616.0,11733.0,31,14,0,0,0,0,4,0,3068.7699119783,0,2025
2025-03-14 13:00:00,6685,1,0,13,0,7414.0,855.0,11973.0,31,14,0,0,0,0,4,0,3068.106158760923,0,2025
2025-03-14 14:00:00,7617,1,0,14,0,7313.0,1656.0,10387.0,31,14,0,0,0,0,4,0,3067.468628124564,0,2025
2025-03-14 15:00:00,8200,1,0,15,0,8448.0,3551.0,7484.0,31,14,0,0,0,0,4,0,3067.193869280196,0,2025
2025-03-14 16:00:00,7964,1,0,16,0,9263.0,5108.0,4252.0,31,14,0,0,0,0,4,0,3067.227702007514,0,2025
2025-03-14 17:00:00,9336,1,0,17,0,9250.0,5668.0,2091.0,31,14,0,0,0,0,4,0,3067.127872288263,0,2025
2025-03-14 18:00:00,10692,1,0,18,0,10070.0,6028.0,1086.0,31,14,0,0,0,0,4,0,3067.9425694455017,0,2025
2025-03-14 19:00:00,10785,1,0,19,0,10619.0,6682.0,791.0,31,14,0,0,0,0,4,0,3070.002052236116,0,2025
2025-03-14 20:00:00,9292,1,0,20,0,9694.0,7414.0,876.0,31,14,0,0,0,0,4,0,3072.15239377607,0,2025
2025-03-14 21:00:00,8868,1,0,21,0,8770.0,7313.0,1209.0,31,14,0,0,0,0,4,0,3072.919822208137,0,2025
2025-03-14 22:00:00,9374,1,0,22,0,9929.0,8448.0,2334.0,31,14,0,0,0,0,4,0,3073.369634209269,0,2025
2025-03-14 23:00:00,9901,1,0,23,0,9782.0,9263.0,4544.0,31,14,0,0,0,0,4,0,3074.1962524758223,0,2025
2025-03-15 00:00:00,8028,1,0,0,0,9068.0,9250.0,5715.0,31,15,0,0,0,0,5,0,3075.464285418883,0,2025
2025-03-15 01:00:00,5577,1,0,1,0,6901.0,10070.0,5442.0,31,15,0,0,0,0,5,0,3075.384063684495,0,2025
2025-03-15 02:00:00,3376,1,0,2,0,5275.0,10619.0,5467.0,31,15,0,0,0,0,5,0,3074.5280978907367,0,2025
2025-03-15 03:00:00,2112,1,0,3,0,3646.0,9694.0,5945.0,31,15,0,0,0,0,5,0,3073.926242242388,0,2025
2025-03-15 04:00:00,1593,1,0,4,0,2139.0,8770.0,6597.0,31,15,0,0,0,0,5,0,3073.875601080716,0,2025
2025-03-15 05:00:00,897,1,0,5,0,1137.0,9929.0,6685.0,31,15,0,0,0,0,5,0,3074.135649952434,0,2025
2025-03-15 06:00:00,1197,1,0,6,0,578.0,9782.0,7617.0,31,15,0,0,0,0,5,0,3074.889560926372,0,2025
2025-03-15 07:00:00,1669,1,0,7,0,917.0,9068.0,8200.0,31,15,0,0,0,0,5,0,3075.416350064265,0,2025
2025-03-15 08:00:00,2656,1,0,8,0,1521.0,6901.0,7964.0,31,15,0,0,0,0,5,0,3075.622149553536,0,2025
2025-03-15 09:00:00,4009,1,0,9,0,2636.0,5275.0,9336.0,31,15,0,0,0,0,5,0,3075.2936470587647,0,2025
2025-03-15 10:00:00,5355,1,0,10,0,4166.0,3646.0,10692.0,31,15,0,0,0,0,5,0,3074.527209429312,0,2025
2025-03-15 11:00:00,6249,1,0,11,0,5972.0,2139.0,10785.0,31,15,0,0,0,0,5,0,3073.6613906421035,0,2025
2025-03-15 12:00:00,7164,1,0,12,0,7231.0,1137.0,9292.0,31,15,0,0,0,0,5,0,3072.914638467192,0,2025
2025-03-15 13:00:00,7525,1,0,13,0,8125.0,578.0,8868.0,31,15,0,0,0,0,5,0,3072.4419902431764,0,2025
2025-03-15 14:00:00,7396,1,0,14,0,8521.0,917.0,9374.0,31,15,0,0,0,0,5,0,3072.119613824402,0,2025
2025-03-15 15:00:00,7767,1,0,15,0,8771.0,1521.0,9901.0,31,15,0,0,0,0,5,0,3071.7405561612213,0,2025
2025-03-15 16:00:00,8358,1,0,16,0,9564.0,2636.0,8028.0,31,15,0,0,0,0,5,0,3071.531611694929,0,2025
2025-03-15 17:00:00,8899,1,0,17,0,10365.0,4166.0,5577.0,31,15,0,0,0,0,5,0,3071.6454044698235,0,2025
2025-03-15 18:00:00,10618,1,0,18,0,10680.0,5972.0,3376.0,31,15,0,0,0,0,5,0,3072.109788839651,0,2025
2025-03-15 19:00:00,10718,1,0,19,0,11070.0,7231.0,2112.0,31,15,0,0,0,0,5,0,3074.045084782912,0,2025
2025-03-15 20:00:00,10047,1,0,20,0,10051.0,8125.0,1593.0,31,15,0,0,0,0,5,0,3076.0760155172434,0,2025
2025-03-15 21:00:00,10212,1,0,21,0,9111.0,8521.0,897.0,31,15,0,0,0,0,5,0,3077.450598533193,0,2025
2025-03-15 22:00:00,10819,1,0,22,0,9916.0,8771.0,1197.0,31,15,0,0,0,0,5,0,3078.972319732239,0,2025
2025-03-15 23:00:00,10669,1,0,23,0,10040.0,9564.0,1669.0,31,15,0,0,0,0,5,0,3081.089292303359,0,2025
2025-03-16 00:00:00,8617,1,0,0,0,8880.0,10365.0,2656.0,31,16,0,0,0,0,6,0,3083.044726711763,0,2025
2025-03-16 01:00:00,6334,1,0,1,0,6943.0,10680.0,4009.0,31,16,0,0,0,0,6,0,3083.297386372706,0,2025
2025-03-16 02:00:00,4809,1,0,2,0,5597.0,11070.0,5355.0,31,16,0,0,0,0,6,0,3082.5653101905764,0,2025
2025-03-16 03:00:00,3013,1,0,3,0,4205.0,10051.0,6249.0,31,16,0,0,0,0,6,0,3081.706893337125,0,2025
2025-03-16 04:00:00,2210,1,0,4,0,2516.0,9111.0,7164.0,31,16,0,0,0,0,6,0,3081.243592328189,0,2025
2025-03-16 05:00:00,1368,1,0,5,0,1497.0,9916.0,7525.0,31,16,0,0,0,0,6,0,3081.146530376416,0,2025
2025-03-16 06:00:00,1674,1,0,6,0,773.0,10040.0,7396.0,31,16,0,0,0,0,6,0,3081.5583586117327,0,2025
2025-03-16 07:00:00,2061,1,0,7,0,1037.0,8880.0,7767.0,31,16,0,0,0,0,6,0,3081.768353382398,0,2025
2025-03-16 08:00:00,2608,1,0,8,0,1567.0,6943.0,8358.0,31,16,0,0,0,0,6,0,3081.748764956837,0,2025
2025-03-16 09:00:00,3993,1,0,9,0,2459.0,5597.0,8899.0,31,16,0,0,0,0,6,0,3081.452567901174,0,2025
2025-03-16 10:00:00,5098,1,0,10,0,4050.0,4205.0,10618.0,31,16,0,0,0,0,6,0,3080.701745033039,0,2025
2025-03-16 11:00:00,5769,1,0,11,0,5465.0,2516.0,10718.0,31,16,0,0,0,0,6,0,3079.8391699372937,0,2025
2025-03-16 12:00:00,6494,1,0,12,0,6144.0,1497.0,10047.0,31,16,0,0,0,0,6,0,3079.017386837863,0,2025
2025-03-16 13:00:00,6763,1,0,13,0,6977.0,773.0,10212.0,31,16,0,0,0,0,6,0,3078.331380652663,0,2025
2025-03-16 14:00:00,7228,1,0,14,0,7211.0,1037.0,10819.0,31,16,0,0,0,0,6,0,3077.720139269306,0,2025
2025-03-16 15:00:00,6508,1,0,15,0,8164.0,1567.0,10669.0,31,16,0,0,0,0,6,0,3077.268533636528,0,2025
2025-03-16 16:00:00,6380,1,0,16,0,7580.0,2459.0,8617.0,31,16,0,0,0,0,6,0,3076.5870753672043,0,2025
2025-03-16 17:00:00,6741,1,0,17,0,7602.0,4050.0,6334.0,31,16,0,0,0,0,6,0,3075.875039920332,0,2025
2025-03-16 18:00:00,7362,1,0,18,0,7910.0,5465.0,4809.0,31,16,0,0,0,0,6,0,3075.2584163386628,0,2025
2025-03-16 19:00:00,6738,1,0,19,0,7866.0,6144.0,3013.0,31,16,0,0,0,0,6,0,3074.860492135248,0,2025
2025-03-16 20:00:00,5672,1,0,20,0,6230.0,6977.0,2210.0,31,16,0,0,0,0,6,0,3074.2433945441776,0,2025
2025-03-16 21:00:00,5170,1,0,21,0,5385.0,7211.0,1368.0,31,16,0,0,0,0,6,0,3073.415749154536,0,2025
2025-03-16 22:00:00,3858,1,0,22,0,5301.0,8164.0,1674.0,31,16,0,0,0,0,6,0,3072.560773489848,0,2025
2025-03-16 23:00:00,2452,1,0,23,0,3781.0,7580.0,2061.0,31,16,0,0,0,0,6,0,3071.8487056036856,0,2025
2025-03-17 00:00:00,1874,1,0,0,0,2506.0,7602.0,2608.0,31,17,0,0,0,0,0,0,3071.6348652020906,0,2025
2025-03-17 01:00:00,1146,1,0,1,0,2024.0,7910.0,3993.0,31,17,0,0,0,0,0,0,3071.7285318785357,0,2025
2025-03-17 02:00:00,611,1,0,2,0,1251.0,7866.0,5098.0,31,17,0,0,0,0,0,0,3072.2943266479115,0,2025
2025-03-17 03:00:00,558,1,0,3,0,620.0,6230.0,5769.0,31,17,0,0,0,0,0,0,3073.266087226934,0,2025
2025-03-17 04:00:00,655,1,0,4,0,525.0,5385.0,6494.0,31,17,0,0,0,0,0,0,3074.2776361085644,0,2025
2025-03-17 05:00:00,1258,1,0,5,0,375.0,5301.0,6763.0,31,17,0,0,0,0,0,0,3075.2071147190086,0,2025
2025-03-17 06:00:00,2781,1,0,6,0,839.0,3781.0,7228.0,31,17,0,0,0,0,0,0,3075.683618032246,0,2025
2025-03-17 07:00:00,4905,1,0,7,0,1723.0,2506.0,6508.0,31,17,0,0,0,0,0,0,3075.314694192743,0,2025
2025-03-17 08:00:00,6228,1,0,8,0,3377.0,2024.0,6380.0,31,17,0,0,0,0,0,0,3074.466908394465,0,2025
2025-03-17 09:00:00,5462,1,0,9,0,4611.0,1251.0,6741.0,31,17,0,0,0,0,0,0,3073.7318303920592,0,2025
2025-03-17 10:00:00,4687,1,0,10,0,5110.0,620.0,7362.0,31,17,0,0,0,0,0,0,3072.89416331029,0,2025
2025-03-17 11:00:00,4873,1,0,11,0,5100.0,525.0,6738.0,31,17,0,0,0,0,0,0,3072.060257230969,0,2025
2025-03-17 12:00:00,5334,1,0,12,0,5429.0,375.0,5672.0,31,17,0,0,0,0,0,0,3071.2164557260894,0,2025
2025-03-17 13:00:00,5347,1,0,13,0,6055.0,839.0,5170.0,31,17,0,0,0,0,0,0,3070.3739505798303,0,2025
2025-03-17 14:00:00,6005,1,0,14,0,6162.0,1723.0,3858.0,31,17,0,0,0,0,0,0,3069.5327083559787,0,2025
2025-03-17 15:00:00,6268,1,0,15,0,6891.0,3377.0,2452.0,31,17,0,0,0,0,0,0,3068.760617606656,0,2025
2025-03-17 16:00:00,6839,1,0,16,0,7283.0,4611.0,1874.0,31,17,0,0,0,0,0,0,3068.038170738593,0,2025
2025-03-17 17:00:00,7644,1,0,17,0,7891.0,5110.0,1146.0,31,17,0,0,0,0,0,0,3067.465365899704,0,2025
2025-03-17 18:00:00,7963,1,0,18,0,8596.0,5100.0,611.0,31,17,0,0,0,0,0,0,3067.2021578208364,0,2025
2025-03-17 19:00:00,7087,1,0,19,0,8787.0,5429.0,558.0,31,17,0,0,0,0,0,0,3067.0931630348623,0,2025
2025-03-17 20:00:00,7371,1,0,20,0,7631.0,6055.0,655.0,31,17,0,0,0,0,0,0,3066.603133786141,0,2025
2025-03-17 21:00:00,7672,1,0,21,0,7402.0,6162.0,1258.0,31,17,0,0,0,0,0,0,3066.221331033717,0,2025
2025-03-17 22:00:00,6545,1,0,22,0,7264.0,6891.0,2781.0,31,17,0,0,0,0,0,0,3065.9696633266026,0,2025
2025-03-17 23:00:00,3479,1,0,23,0,6093.0,7283.0,4905.0,31,17,0,0,0,0,0,0,3065.313631782503,0,2025
2025-03-18 00:00:00,2055,1,0,0,0,3391.0,7891.0,6228.0,31,18,0,0,0,0,1,0,3064.709599595601,0,2025
2025-03-18 01:00:00,826,1,0,1,0,2104.0,8596.0,5462.0,31,18,0,0,0,0,1,0,3064.7012229146903,0,2025
2025-03-18 02:00:00,443,1,0,2,0,845.0,8787.0,4687.0,31,18,0,0,0,0,1,0,3065.496305771528,0,2025
2025-03-18 03:00:00,377,1,0,3,0,442.0,7631.0,4873.0,31,18,0,0,0,0,1,0,3066.5938853523608,0,2025
2025-03-18 04:00:00,438,1,0,4,0,350.0,7402.0,5334.0,31,18,0,0,0,0,1,0,3067.7429371505928,0,2025
2025-03-18 05:00:00,960,1,0,5,0,326.0,7264.0,5347.0,31,18,0,0,0,0,1,0,3068.837176432063,0,2025
2025-03-18 06:00:00,2307,1,0,6,0,752.0,6093.0,6005.0,31,18,0,0,0,0,1,0,3069.519368830755,0,2025
2025-03-18 07:00:00,4644,1,0,7,0,1819.0,3391.0,6268.0,31,18,0,0,0,0,1,0,3069.37035998722,0,2025
2025-03-18 08:00:00,6828,1,0,8,0,3653.0,2104.0,6839.0,31,18,0,0,0,0,1,0,3068.5497505620447,0,2025
2025-03-18 09:00:00,6587,1,0,9,0,5653.0,845.0,7644.0,31,18,0,0,0,0,1,0,3067.980880670659,0,2025
2025-03-18 10:00:00,5933,1,0,10,0,6363.0,442.0,7963.0,31,18,0,0,0,0,1,0,3067.342959078778,0,2025
2025-03-18 11:00:00,5853,1,0,11,0,6352.0,350.0,7087.0,31,18,0,0,0,0,1,0,3066.569555239631,0,2025
2025-03-18 12:00:00,6333,1,0,12,0,6601.0,326.0,7371.0,31,18,0,0,0,0,1,0,3065.785342915211,0,2025
2025-03-18 13:00:00,6402,1,0,13,0,7079.0,752.0,7672.0,31,18,0,0,0,0,1,0,3065.0870511640464,0,2025
2025-03-18 14:00:00,6899,1,0,14,0,7159.0,1819.0,6545.0,31,18,0,0,0,0,1,0,3064.40482764463,0,2025
2025-03-18 15:00:00,6888,1,0,15,0,7857.0,3653.0,3479.0,31,18,0,0,0,0,1,0,3063.8603682937023,0,2025
2025-03-18 16:00:00,7122,1,0,16,0,7988.0,5653.0,2055.0,31,18,0,0,0,0,1,0,3063.312579322821,0,2025
2025-03-18 17:00:00,8272,1,0,17,0,8084.0,6363.0,826.0,31,18,0,0,0,0,1,0,3062.844221622986,0,2025
2025-03-18 18:00:00,8771,1,0,18,0,9038.0,6352.0,443.0,31,18,0,0,0,0,1,0,3062.906000308087,0,2025
2025-03-18 19:00:00,7819,1,0,19,0,9347.0,6601.0,377.0,31,18,0,0,0,0,1,0,3063.2693223008,0,2025
2025-03-18 20:00:00,8328,1,0,20,0,7960.0,7079.0,438.0,31,18,0,0,0,0,1,0,3063.0925106685213,0,2025
2025-03-18 21:00:00,9399,1,0,21,0,7695.0,7159.0,960.0,31,18,0,0,0,0,1,0,3063.18282618058,0,2025
2025-03-18 22:00:00,7778,1,0,22,0,8299.0,7857.0,2307.0,31,18,0,0,0,0,1,0,3063.984086023116,0,2025
2025-03-18 23:00:00,3796,1,0,23,0,6804.0,7988.0,4644.0,31,18,0,0,0,0,1,0,3063.785043698775,0,2025
2025-03-19 00:00:00,1661,1,0,0,0,3748.0,8084.0,6828.0,31,19,0,0,0,0,2,0,3063.10742533144,0,2025
2025-03-19 01:00:00,781,1,0,1,0,1735.0,9038.0,6587.0,31,19,0,0,0,0,2,0,3063.3267485655665,0,2025
2025-03-19 02:00:00,396,1,0,2,0,854.0,9347.0,5933.0,31,19,0,0,0,0,2,0,3064.1476536325645,0,2025
2025-03-19 03:00:00,252,1,0,3,0,446.0,7960.0,5853.0,31,19,0,0,0,0,2,0,3065.2719797493205,0,2025
2025-03-19 04:00:00,401,1,0,4,0,229.0,7695.0,6333.0,31,19,0,0,0,0,2,0,3066.5136712356034,0,2025
2025-03-19 05:00:00,915,1,0,5,0,295.0,8299.0,6402.0,31,19,0,0,0,0,2,0,3067.6262384890583,0,2025
2025-03-19 06:00:00,2164,1,0,6,0,740.0,6804.0,6899.0,31,19,0,0,0,0,2,0,3068.3342605912144,0,2025
2025-03-19 07:00:00,4581,1,0,7,0,1635.0,3748.0,6888.0,31,19,0,0,0,0,2,0,3068.260122607525,0,2025
2025-03-19 08:00:00,6816,1,0,8,0,3742.0,1735.0,7122.0,31,19,0,0,0,0,2,0,3067.4558183239337,0,2025
2025-03-19 09:00:00,6507,1,0,9,0,5500.0,854.0,8272.0,31,19,0,0,0,0,2,0,3066.890717665532,0,2025
2025-03-19 10:00:00,5608,1,0,10,0,6233.0,446.0,8771.0,31,19,0,0,0,0,2,0,3066.2406887019765,0,2025
2025-03-19 11:00:00,5680,1,0,11,0,6221.0,229.0,7819.0,31,19,0,0,0,0,2,0,3065.4387676323795,0,2025
2025-03-19 12:00:00,6198,1,0,12,0,6470.0,295.0,8328.0,31,19,0,0,0,0,2,0,3064.6444399498578,0,2025
2025-03-19 13:00:00,6442,1,0,13,0,7019.0,740.0,9399.0,31,19,0,0,0,0,2,0,3063.927595716344,0,2025
2025-03-19 14:00:00,6797,1,0,14,0,7315.0,1635.0,7778.0,31,19,0,0,0,0,2,0,3063.263708832351,0,2025
2025-03-19 15:00:00,6901,1,0,15,0,7866.0,3742.0,3796.0,31,19,0,0,0,0,2,0,3062.6951220663336,0,2025
2025-03-19 16:00:00,7171,1,0,16,0,8050.0,5500.0,1661.0,31,19,0,0,0,0,2,0,3062.1587246111835,0,2025
2025-03-19 17:00:00,8776,1,0,17,0,8266.0,6233.0,781.0,31,19,0,0,0,0,2,0,3061.71423242696,0,2025
2025-03-19 18:00:00,9268,1,0,18,0,9540.0,6221.0,396.0,31,19,0,0,0,0,2,0,3062.077801328618,0,2025
2025-03-19 19:00:00,8645,1,0,19,0,9931.0,6470.0,252.0,31,19,0,0,0,0,2,0,3062.777212871465,0,2025
2025-03-19 20:00:00,9324,1,0,20,0,8808.0,7019.0,401.0,31,19,0,0,0,0,2,0,3063.0543670881198,0,2025
2025-03-19 21:00:00,9844,1,0,21,0,8763.0,7315.0,915.0,31,19,0,0,0,0,2,0,3063.790283367935,0,2025
2025-03-19 22:00:00,8500,1,0,22,0,9081.0,7866.0,2164.0,31,19,0,0,0,0,2,0,3064.9299207196077,0,2025
2025-03-19 23:00:00,4664,1,0,23,0,7904.0,8050.0,4581.0,31,19,0,0,0,0,2,0,3065.113563607816,0,2025
2025-03-20 00:00:00,2058,1,0,0,0,4415.0,8266.0,6816.0,31,20,0,0,0,0,3,0,3064.3116733915213,0,2025
2025-03-20 01:00:00,1035,1,0,1,0,2201.0,9540.0,6507.0,31,20,0,0,0,0,3,0,3064.304496289788,0,2025
2025-03-20 02:00:00,548,1,0,2,0,1169.0,9931.0,5608.0,31,20,0,0,0,0,3,0,3064.9308672981465,0,2025
2025-03-20 03:00:00,369,1,0,3,0,608.0,8808.0,5680.0,31,20,0,0,0,0,3,0,3065.920420883757,0,2025
2025-03-20 04:00:00,471,1,0,4,0,362.0,8763.0,6198.0,31,20,0,0,0,0,3,0,3067.0511823338684,0,2025
2025-03-20 05:00:00,1153,1,0,5,0,320.0,9081.0,6442.0,31,20,0,0,0,0,3,0,3068.095341662336,0,2025
2025-03-20 06:00:00,2462,1,0,6,0,803.0,7904.0,6797.0,31,20,0,0,0,0,3,0,3068.628823311037,0,2025
2025-03-20 07:00:00,4862,1,0,7,0,1871.0,4415.0,6901.0,31,20,0,0,0,0,3,0,3068.413606953566,0,2025
2025-03-20 08:00:00,6956,1,0,8,0,3864.0,2201.0,7171.0,31,20,0,0,0,0,3,0,3067.6017006828947,0,2025
2025-03-20 09:00:00,6698,1,0,9,0,5694.0,1169.0,8776.0,31,20,0,0,0,0,3,0,3067.085973102848,0,2025
2025-03-20 10:00:00,6072,1,0,10,0,6406.0,608.0,9268.0,31,20,0,0,0,0,3,0,3066.4929956839974,0,2025
2025-03-20 11:00:00,6230,1,0,11,0,6586.0,362.0,8645.0,31,20,0,0,0,0,3,0,3065.7605936394066,0,2025
2025-03-20 12:00:00,6747,1,0,12,0,6980.0,320.0,9324.0,31,20,0,0,0,0,3,0,3065.0575416955503,0,2025
2025-03-20 13:00:00,6804,1,0,13,0,7632.0,803.0,9844.0,31,20,0,0,0,0,3,0,3064.479429827639,0,2025
2025-03-20 14:00:00,7421,1,0,14,0,7758.0,1871.0,8500.0,31,20,0,0,0,0,3,0,3063.9181135056274,0,2025
2025-03-20 15:00:00,7604,1,0,15,0,8373.0,3864.0,4664.0,31,20,0,0,0,0,3,0,3063.5718721740527,0,2025
2025-03-20 16:00:00,7935,1,0,16,0,8735.0,5694.0,2058.0,31,20,0,0,0,0,3,0,3063.301776971336,0,2025
2025-03-20 17:00:00,9873,1,0,17,0,8942.0,6406.0,1035.0,31,20,0,0,0,0,3,0,3063.1839590084974,0,2025
2025-03-20 18:00:00,10595,1,0,18,0,10484.0,6586.0,548.0,31,20,0,0,0,0,3,0,3064.337489939642,0,2025
2025-03-20 19:00:00,9720,1,0,19,0,10420.0,6980.0,369.0,31,20,0,0,0,0,3,0,3066.1259050566387,0,2025
2025-03-20 20:00:00,12570,1,0,20,0,9217.0,7632.0,471.0,31,20,0,0,0,0,3,0,3067.1475158969697,0,2025
2025-03-20 21:00:00,13917,1,0,21,0,11111.0,7758.0,1153.0,31,20,0,0,0,0,3,0,3071.1249957808263,0,2025
2025-03-20 22:00:00,12178,1,0,22,0,11691.0,8373.0,2462.0,31,20,0,0,0,0,3,0,3076.967349823416,0,2025
2025-03-20 23:00:00,8961,1,0,23,0,8688.0,8735.0,4862.0,31,20,0,0,0,0,3,0,3080.424750834388,0,2025
2025-03-21 00:00:00,4781,1,0,0,0,5750.0,8942.0,6956.0,31,21,0,0,0,0,4,0,3080.8724747205165,0,2025
2025-03-21 01:00:00,2051,1,0,1,0,3734.0,10484.0,6698.0,31,21,0,0,0,0,4,0,3080.0700751106224,0,2025
2025-03-21 02:00:00,1369,1,0,2,0,2091.0,10420.0,6072.0,31,21,0,0,0,0,4,0,3080.066779786187,0,2025
2025-03-21 03:00:00,787,1,0,3,0,1549.0,9217.0,6230.0,31,21,0,0,0,0,4,0,3080.460685031823,0,2025
2025-03-21 04:00:00,786,1,0,4,0,804.0,11111.0,6747.0,31,21,0,0,0,0,4,0,3081.254910960154,0,2025
2025-03-21 05:00:00,1245,1,0,5,0,554.0,11691.0,6804.0,31,21,0,0,0,0,4,0,3082.047148857369,0,2025
2025-03-21 06:00:00,2220,1,0,6,0,871.0,8688.0,7421.0,31,21,0,0,0,0,4,0,3082.5155468541534,0,2025
2025-03-21 07:00:00,4041,1,0,7,0,1646.0,5750.0,7604.0,31,21,0,0,0,0,4,0,3082.419791060764,0,2025
2025-03-21 08:00:00,5195,1,0,8,0,3193.0,3734.0,7935.0,31,21,0,0,0,0,4,0,3081.7078942493163,0,2025
2025-03-21 09:00:00,5177,1,0,9,0,4481.0,2091.0,9873.0,31,21,0,0,0,0,4,0,3080.8990839786293,0,2025
2025-03-21 10:00:00,5357,1,0,10,0,5352.0,1549.0,10595.0,31,21,0,0,0,0,4,0,3080.090687560932,0,2025
2025-03-21 11:00:00,5861,1,0,11,0,5939.0,804.0,9720.0,31,21,0,0,0,0,4,0,3079.287634854644,0,2025
2025-03-21 12:00:00,6247,1,0,12,0,6592.0,554.0,12570.0,31,21,0,0,0,0,4,0,3078.5277222169098,0,2025
2025-03-21 13:00:00,6558,1,0,13,0,6827.0,871.0,13917.0,31,21,0,0,0,0,4,0,3077.830127568121,0,2025
2025-03-21 14:00:00,7043,1,0,14,0,7247.0,1646.0,12178.0,31,21,0,0,0,0,4,0,3077.2011438715604,0,2025
2025-03-21 15:00:00,7198,1,0,15,0,7891.0,3193.0,8961.0,31,21,0,0,0,0,4,0,3076.711518989612,0,2025
2025-03-21 16:00:00,7439,1,0,16,0,8435.0,4481.0,4781.0,31,21,0,0,0,0,4,0,3076.2748141272077,0,2025
2025-03-21 17:00:00,8013,1,0,17,0,8691.0,5352.0,2051.0,31,21,0,0,0,0,4,0,3075.928271076334,0,2025
2025-03-21 18:00:00,9682,1,0,18,0,9364.0,5939.0,1369.0,31,21,0,0,0,0,4,0,3075.8358063508567,0,2025
2025-03-21 19:00:00,9813,1,0,19,0,10298.0,6592.0,787.0,31,21,0,0,0,0,4,0,3076.798701926704,0,2025
2025-03-21 20:00:00,8507,1,0,20,0,9138.0,6827.0,786.0,31,21,0,0,0,0,4,0,3077.861190810453,0,2025
2025-03-21 21:00:00,8083,1,0,21,0,8291.0,7247.0,1245.0,31,21,0,0,0,0,4,0,3078.027293045948,0,2025
2025-03-21 22:00:00,8605,1,0,22,0,9255.0,7891.0,2220.0,31,21,0,0,0,0,4,0,3077.964660139204,0,2025
2025-03-21 23:00:00,8523,1,0,23,0,9471.0,8435.0,4041.0,31,21,0,0,0,0,4,0,3078.1855067127112,0,2025
2025-03-22 00:00:00,8107,1,0,0,0,7800.0,8691.0,5195.0,31,22,0,0,0,0,5,0,3078.3574008871387,0,2025
2025-03-22 01:00:00,5517,1,0,1,0,6965.0,9364.0,5177.0,31,22,0,0,0,0,5,0,3078.3041699242785,0,2025
2025-03-22 02:00:00,3649,1,0,2,0,5019.0,10298.0,5357.0,31,22,0,0,0,0,5,0,3077.5152815380525,0,2025
2025-03-22 03:00:00,2681,1,0,3,0,3652.0,9138.0,5861.0,31,22,0,0,0,0,5,0,3076.9008242149484,0,2025
2025-03-22 04:00:00,1880,1,0,4,0,2446.0,8291.0,6247.0,31,22,0,0,0,0,5,0,3076.6085018875647,0,2025
2025-03-22 05:00:00,1063,1,0,5,0,1261.0,9255.0,6558.0,31,22,0,0,0,0,5,0,3076.7015355600934,0,2025
2025-03-22 06:00:00,1126,1,0,6,0,645.0,9471.0,7043.0,31,22,0,0,0,0,5,0,3077.297874560624,0,2025
2025-03-22 07:00:00,1515,1,0,7,0,865.0,7800.0,7198.0,31,22,0,0,0,0,5,0,3077.849190698513,0,2025
2025-03-22 08:00:00,2416,1,0,8,0,1401.0,6965.0,7439.0,31,22,0,0,0,0,5,0,3078.149030431809,0,2025
2025-03-22 09:00:00,3714,1,0,9,0,2394.0,5019.0,8013.0,31,22,0,0,0,0,5,0,3077.968160790586,0,2025
2025-03-22 10:00:00,4670,1,0,10,0,3883.0,3652.0,9682.0,31,22,0,0,0,0,5,0,3077.337231028182,0,2025
2025-03-22 11:00:00,5518,1,0,11,0,5440.0,2446.0,9813.0,31,22,0,0,0,0,5,0,3076.5570580219005,0,2025
2025-03-22 12:00:00,5834,1,0,12,0,6619.0,1261.0,8507.0,31,22,0,0,0,0,5,0,3075.7735661214174,0,2025
2025-03-22 13:00:00,6296,1,0,13,0,7007.0,645.0,8083.0,31,22,0,0,0,0,5,0,3075.020144990688,0,2025
2025-03-22 14:00:00,7007,1,0,14,0,7617.0,865.0,8605.0,31,22,0,0,0,0,5,0,3074.3405501948946,0,2025
2025-03-22 15:00:00,7161,1,0,15,0,8931.0,1401.0,8523.0,31,22,0,0,0,0,5,0,3073.8441568262806,0,2025
2025-03-22 16:00:00,7427,1,0,16,0,9188.0,2394.0,8107.0,31,22,0,0,0,0,5,0,3073.3986284365787,0,2025
2025-03-22 17:00:00,8030,1,0,17,0,9817.0,3883.0,5517.0,31,22,0,0,0,0,5,0,3073.0500807439907,0,2025
2025-03-22 18:00:00,8672,1,0,18,0,10169.0,5440.0,3649.0,31,22,0,0,0,0,5,0,3072.964934770924,0,2025
2025-03-22 19:00:00,9945,1,0,19,0,10025.0,6619.0,2681.0,31,22,0,0,0,0,5,0,3073.226473347931,0,2025
2025-03-22 20:00:00,9812,1,0,20,0,9638.0,7007.0,1880.0,31,22,0,0,0,0,5,0,3074.37879385331,0,2025
2025-03-22 21:00:00,8978,1,0,21,0,9367.0,7617.0,1063.0,31,22,0,0,0,0,5,0,3075.4217334305818,0,2025
2025-03-22 22:00:00,10167,1,0,22,0,9930.0,8931.0,1126.0,31,22,0,0,0,0,5,0,3075.866495402615,0,2025
2025-03-22 23:00:00,10919,1,0,23,0,10884.0,9188.0,1515.0,31,22,0,0,0,0,5,0,3077.191844826414,0,2025
2025-03-23 00:00:00,9591,1,0,0,0,9433.0,9817.0,2416.0,31,23,0,0,0,0,6,0,3079.192101564014,0,2025
2025-03-23 01:00:00,7216,1,0,1,0,8254.0,10169.0,3714.0,31,23,0,0,0,0,6,0,3080.0528166549702,0,2025
2025-03-23 02:00:00,5430,1,0,2,0,6308.0,10025.0,4670.0,31,23,0,0,0,0,6,0,3079.6191847983823,0,2025
2025-03-23 03:00:00,3677,1,0,3,0,4812.0,9638.0,5518.0,31,23,0,0,0,0,6,0,3078.8345927747423,0,2025
2025-03-23 04:00:00,2388,1,0,4,0,3049.0,9367.0,5834.0,31,23,0,0,0,0,6,0,3078.223545665144,0,2025
2025-03-23 05:00:00,1179,1,0,5,0,1673.0,9930.0,6296.0,31,23,0,0,0,0,6,0,3078.0666060963827,0,2025
2025-03-23 06:00:00,1405,1,0,6,0,643.0,10884.0,7007.0,31,23,0,0,0,0,6,0,3078.585798300234,0,2025
2025-03-23 07:00:00,1740,1,0,7,0,962.0,9433.0,7161.0,31,23,0,0,0,0,6,0,3078.958229458829,0,2025
2025-03-23 08:00:00,2461,1,0,8,0,1611.0,8254.0,7427.0,31,23,0,0,0,0,6,0,3079.130270461292,0,2025
2025-03-23 09:00:00,3796,1,0,9,0,2527.0,6308.0,8030.0,31,23,0,0,0,0,6,0,3078.9370509091123,0,2025
2025-03-23 10:00:00,5062,1,0,10,0,4049.0,4812.0,8672.0,31,23,0,0,0,0,6,0,3078.2979201183625,0,2025
2025-03-23 11:00:00,5823,1,0,11,0,5530.0,3049.0,9945.0,31,23,0,0,0,0,6,0,3077.510572677908,0,2025
2025-03-23 12:00:00,6266,1,0,12,0,6572.0,1673.0,9812.0,31,23,0,0,0,0,6,0,3076.7626980866344,0,2025
2025-03-23 13:00:00,6334,1,0,13,0,7335.0,643.0,8978.0,31,23,0,0,0,0,6,0,3076.0822621767497,0,2025
2025-03-23 14:00:00,6414,1,0,14,0,7421.0,962.0,10167.0,31,23,0,0,0,0,6,0,3075.415406973212,0,2025
2025-03-23 15:00:00,6267,1,0,15,0,7691.0,1611.0,10919.0,31,23,0,0,0,0,6,0,3074.7654005594027,0,2025
2025-03-23 16:00:00,6421,1,0,16,0,7649.0,2527.0,9591.0,31,23,0,0,0,0,6,0,3074.086427708815,0,2025
2025-03-23 17:00:00,6504,1,0,17,0,7919.0,4049.0,7216.0,31,23,0,0,0,0,6,0,3073.4387082382755,0,2025
2025-03-23 18:00:00,6634,1,0,18,0,7866.0,5530.0,5430.0,31,23,0,0,0,0,6,0,3072.809601019866,0,2025
2025-03-23 19:00:00,6961,1,0,19,0,7546.0,6572.0,3677.0,31,23,0,0,0,0,6,0,3072.211669348869,0,2025
2025-03-23 20:00:00,6395,1,0,20,0,6690.0,7335.0,2388.0,31,23,0,0,0,0,6,0,3071.70388566837,0,2025
2025-03-23 21:00:00,5608,1,0,21,0,6210.0,7421.0,1179.0,31,23,0,0,0,0,6,0,3071.052093476835,0,2025
2025-03-23 22:00:00,4398,1,0,22,0,5629.0,7691.0,1405.0,31,23,0,0,0,0,6,0,3070.2885773839976,0,2025
2025-03-23 23:00:00,3095,1,0,23,0,4201.0,7649.0,1740.0,31,23,0,0,0,0,6,0,3069.5534465551887,0,2025
2025-03-24 00:00:00,1537,1,0,0,0,2990.0,7919.0,2461.0,31,24,0,0,0,0,0,0,3069.1197789042685,0,2025
2025-03-24 01:00:00,858,1,0,1,0,1439.0,7866.0,3796.0,31,24,0,0,0,0,0,0,3069.414323271641,0,2025
2025-03-24 02:00:00,380,1,0,2,0,909.0,7546.0,5062.0,31,24,0,0,0,0,0,0,3070.14992416737,0,2025
2025-03-24 03:00:00,274,1,0,3,0,324.0,6690.0,5823.0,31,24,0,0,0,0,0,0,3071.23979628012,0,2025
2025-03-24 04:00:00,528,1,0,4,0,215.0,6210.0,6266.0,31,24,0,0,0,0,0,0,3072.410383093692,0,2025
2025-03-24 05:00:00,1115,1,0,5,0,359.0,5629.0,6334.0,31,24,0,0,0,0,0,0,3073.3792181439426,0,2025
2025-03-24 06:00:00,2660,1,0,6,0,762.0,4201.0,6414.0,31,24,0,0,0,0,0,0,3073.9283100156285,0,2025
2025-03-24 07:00:00,4719,1,0,7,0,1986.0,2990.0,6267.0,31,24,0,0,0,0,0,0,3073.650990970873,0,2025
2025-03-24 08:00:00,6755,1,0,8,0,3532.0,1439.0,6421.0,31,24,0,0,0,0,0,0,3072.886385764621,0,2025
2025-03-24 09:00:00,6437,1,0,9,0,5275.0,909.0,6504.0,31,24,0,0,0,0,0,0,3072.32727137694,0,2025
2025-03-24 10:00:00,6375,1,0,10,0,6226.0,324.0,6634.0,31,24,0,0,0,0,0,0,3071.691489573682,0,2025
2025-03-24 11:00:00,5888,1,0,11,0,6967.0,215.0,6961.0,31,24,0,0,0,0,0,0,3071.043030556267,0,2025
2025-03-24 12:00:00,5889,1,0,12,0,6616.0,359.0,6395.0,31,24,0,0,0,0,0,0,3070.314556373497,0,2025
2025-03-24 13:00:00,6739,1,0,13,0,6724.0,762.0,5608.0,31,24,0,0,0,0,0,0,3069.5867224640765,0,2025
2025-03-24 14:00:00,7365,1,0,14,0,7739.0,1986.0,4398.0,31,24,0,0,0,0,0,0,3069.0250577122115,0,2025
2025-03-24 15:00:00,7367,1,0,15,0,8141.0,3532.0,3095.0,31,24,0,0,0,0,0,0,3068.661434869,0,2025
2025-03-24 16:00:00,7364,1,0,16,0,8247.0,5275.0,1537.0,31,24,0,0,0,0,0,0,3068.2984563679,0,2025
2025-03-24 17:00:00,7341,1,0,17,0,7977.0,6226.0,858.0,31,24,0,0,0,0,0,0,3067.93428665981,0,2025
2025-03-24 18:00:00,6991,1,0,18,0,7834.0,6967.0,380.0,31,24,0,0,0,0,0,0,3067.561648565488,0,2025
2025-03-24 19:00:00,5984,1,0,19,0,7652.0,6616.0,274.0,31,24,0,0,0,0,0,0,3067.072232877731,0,2025
2025-03-24 20:00:00,5679,1,0,20,0,6328.0,6724.0,528.0,31,24,0,0,0,0,0,0,3066.3595004267054,0,2025
2025-03-24 21:00:00,5577,1,0,21,0,5831.0,7739.0,1115.0,31,24,0,0,0,0,0,0,3065.612432633976,0,2025
2025-03-24 22:00:00,4433,1,0,22,0,5782.0,8141.0,2660.0,31,24,0,0,0,0,0,0,3064.8576734473368,0,2025
2025-03-24 23:00:00,2663,1,0,23,0,4698.0,8247.0,4719.0,31,24,0,0,0,0,0,0,3064.1279851965787,0,2025
2025-03-25 00:00:00,1524,1,0,0,0,2734.0,7977.0,6755.0,31,25,0,0,0,0,1,0,3063.859207022296,0,2025
2025-03-25 01:00:00,665,1,0,1,0,1674.0,7834.0,6437.0,31,25,0,0,0,0,1,0,3064.15733802749,0,2025
2025-03-25 02:00:00,267,1,0,2,0,695.0,7652.0,6375.0,31,25,0,0,0,0,1,0,3065.021644344507,0,2025
2025-03-25 03:00:00,258,1,0,3,0,224.0,6328.0,5888.0,31,25,0,0,0,0,1,0,3066.186684328347,0,2025
2025-03-25 04:00:00,372,1,0,4,0,235.0,5831.0,5889.0,31,25,0,0,0,0,1,0,3067.355331033855,0,2025
2025-03-25 05:00:00,821,1,0,5,0,282.0,5782.0,6739.0,31,25,0,0,0,0,1,0,3068.4309359663043,0,2025
2025-03-25 06:00:00,2133,1,0,6,0,664.0,4698.0,7365.0,31,25,0,0,0,0,1,0,3069.171844058784,0,2025
2025-03-25 07:00:00,4277,1,0,7,0,1721.0,2734.0,7367.0,31,25,0,0,0,0,1,0,3069.1312299272927,0,2025
2025-03-25 08:00:00,6246,1,0,8,0,3627.0,1674.0,7364.0,31,25,0,0,0,0,1,0,3068.42125489212,0,2025
2025-03-25 09:00:00,6182,1,0,9,0,5333.0,695.0,7341.0,31,25,0,0,0,0,1,0,3067.757554975367,0,2025
2025-03-25 10:00:00,5758,1,0,10,0,6087.0,224.0,6991.0,31,25,0,0,0,0,1,0,3067.0828618707037,0,2025
2025-03-25 11:00:00,5927,1,0,11,0,6179.0,235.0,5984.0,31,25,0,0,0,0,1,0,3066.349913989472,0,2025
2025-03-25 12:00:00,6101,1,0,12,0,6648.0,282.0,5679.0,31,25,0,0,0,0,1,0,3065.6373603057345,0,2025
2025-03-25 13:00:00,6306,1,0,13,0,6838.0,664.0,5577.0,31,25,0,0,0,0,1,0,3064.95059677106,0,2025
2025-03-25 14:00:00,6869,1,0,14,0,7091.0,1721.0,4433.0,31,25,0,0,0,0,1,0,3064.300385900494,0,2025
2025-03-25 15:00:00,6998,1,0,15,0,7927.0,3627.0,2663.0,31,25,0,0,0,0,1,0,3063.7847869560915,0,2025
2025-03-25 16:00:00,7045,1,0,16,0,8111.0,5333.0,1524.0,31,25,0,0,0,0,1,0,3063.3073476662544,0,2025
2025-03-25 17:00:00,8076,1,0,17,0,8111.0,6087.0,665.0,31,25,0,0,0,0,1,0,3062.844522810695,0,2025
2025-03-25 18:00:00,8465,1,0,18,0,9002.0,6179.0,267.0,31,25,0,0,0,0,1,0,3062.789797291201,0,2025
2025-03-25 19:00:00,7416,1,0,19,0,9346.0,6648.0,258.0,31,25,0,0,0,0,1,0,3062.9330233026003,0,2025
2025-03-25 20:00:00,8625,1,0,20,0,7685.0,6838.0,372.0,31,25,0,0,0,0,1,0,3062.596364382121,0,2025
2025-03-25 21:00:00,8885,1,0,21,0,8273.0,7091.0,821.0,31,25,0,0,0,0,1,0,3062.8266971822195,0,2025
2025-03-25 22:00:00,7190,1,0,22,0,8440.0,7927.0,2133.0,31,25,0,0,0,0,1,0,3063.208558844682,0,2025
2025-03-25 23:00:00,3528,1,0,23,0,6989.0,8111.0,4277.0,31,25,0,0,0,0,1,0,3062.7910495790056,0,2025
2025-03-26 00:00:00,1667,1,0,0,0,3627.0,8111.0,6246.0,31,26,0,0,0,0,2,0,3062.239679074308,0,2025
2025-03-26 01:00:00,770,1,0,1,0,1767.0,9002.0,6182.0,31,26,0,0,0,0,2,0,3062.4523920858696,0,2025
2025-03-26 02:00:00,401,1,0,2,0,851.0,9346.0,5758.0,31,26,0,0,0,0,2,0,3063.2316731244405,0,2025
2025-03-26 03:00:00,284,1,0,3,0,431.0,7685.0,5927.0,31,26,0,0,0,0,2,0,3064.279440318973,0,2025
2025-03-26 04:00:00,418,1,0,4,0,258.0,8273.0,6101.0,31,26,0,0,0,0,2,0,3065.4144156483985,0,2025
2025-03-26 05:00:00,911,1,0,5,0,265.0,8440.0,6306.0,31,26,0,0,0,0,2,0,3066.442776299825,0,2025
2025-03-26 06:00:00,2219,1,0,6,0,735.0,6989.0,6869.0,31,26,0,0,0,0,2,0,3067.113719144127,0,2025
2025-03-26 07:00:00,4365,1,0,7,0,1730.0,3627.0,6998.0,31,26,0,0,0,0,2,0,3067.033208666582,0,2025
2025-03-26 08:00:00,6268,1,0,8,0,3559.0,1767.0,7045.0,31,26,0,0,0,0,2,0,3066.320760058337,0,2025
2025-03-26 09:00:00,6589,1,0,9,0,5356.0,851.0,8076.0,31,26,0,0,0,0,2,0,3065.6697554558787,0,2025
2025-03-26 10:00:00,5755,1,0,10,0,6433.0,431.0,8465.0,31,26,0,0,0,0,2,0,3065.086881351632,0,2025
2025-03-26 11:00:00,5819,1,0,11,0,6285.0,258.0,7416.0,31,26,0,0,0,0,2,0,3064.3629143666217,0,2025
2025-03-26 12:00:00,6476,1,0,12,0,6460.0,265.0,8625.0,31,26,0,0,0,0,2,0,3063.6463369016,0,2025
2025-03-26 13:00:00,7528,1,0,13,0,7278.0,735.0,8885.0,31,26,0,0,0,0,2,0,3063.038922514312,0,2025
2025-03-26 14:00:00,7363,1,0,14,0,8542.0,1730.0,7190.0,31,26,0,0,0,0,2,0,3062.7502483017065,0,2025
2025-03-26 15:00:00,7357,1,0,15,0,8406.0,3559.0,3528.0,31,26,0,0,0,0,2,0,3062.399720264173,0,2025
2025-03-26 16:00:00,7471,1,0,16,0,8523.0,5356.0,1667.0,31,26,0,0,0,0,2,0,3062.0469423769127,0,2025
2025-03-26 17:00:00,8771,1,0,17,0,8727.0,6433.0,770.0,31,26,0,0,0,0,2,0,3061.736023392222,0,2025
2025-03-26 18:00:00,9693,1,0,18,0,9894.0,6285.0,401.0,31,26,0,0,0,0,2,0,3062.050390359538,0,2025
2025-03-26 19:00:00,8543,1,0,19,0,10474.0,6460.0,284.0,31,26,0,0,0,0,2,0,3062.9706901755194,0,2025
2025-03-26 20:00:00,8966,1,0,20,0,8983.0,7278.0,418.0,31,26,0,0,0,0,2,0,3063.1526766681422,0,2025
2025-03-26 21:00:00,10051,1,0,21,0,8952.0,8542.0,911.0,31,26,0,0,0,0,2,0,3063.5792084607706,0,2025
2025-03-26 22:00:00,8842,1,0,22,0,9741.0,8406.0,2219.0,31,26,0,0,0,0,2,0,3064.7643739503737,0,2025
2025-03-26 23:00:00,5010,1,0,23,0,8478.0,8523.0,4365.0,31,26,0,0,0,0,2,0,3065.112056136441,0,2025
2025-03-27 00:00:00,2403,1,0,0,0,4526.0,8727.0,6268.0,31,27,0,0,0,0,3,0,3064.361625758021,0,2025
2025-03-27 01:00:00,985,1,0,1,0,2470.0,9894.0,6589.0,31,27,0,0,0,0,3,0,3064.207941458192,0,2025
2025-03-27 02:00:00,565,1,0,2,0,1038.0,10474.0,5755.0,31,27,0,0,0,0,3,0,3064.833620898519,0,2025
2025-03-27 03:00:00,375,1,0,3,0,545.0,8983.0,5819.0,31,27,0,0,0,0,3,0,3065.749477517764,0,2025
2025-03-27 04:00:00,614,1,0,4,0,310.0,8952.0,6476.0,31,27,0,0,0,0,3,0,3066.803813819204,0,2025
2025-03-27 05:00:00,1108,1,0,5,0,394.0,9741.0,7528.0,31,27,0,0,0,0,3,0,3067.67844929894,0,2025
2025-03-27 06:00:00,2498,1,0,6,0,765.0,8478.0,7363.0,31,27,0,0,0,0,3,0,3068.21475082373,0,2025
2025-03-27 07:00:00,4630,1,0,7,0,1887.0,4526.0,7357.0,31,27,0,0,0,0,3,0,3068.014121732427,0,2025
2025-03-27 08:00:00,6497,1,0,8,0,3719.0,2470.0,7471.0,31,27,0,0,0,0,3,0,3067.2839994734777,0,2025
2025-03-27 09:00:00,6349,1,0,9,0,5336.0,1038.0,8771.0,31,27,0,0,0,0,3,0,3066.6852912774407,0,2025
2025-03-27 10:00:00,6026,1,0,10,0,6037.0,545.0,9693.0,31,27,0,0,0,0,3,0,3066.056308897077,0,2025
2025-03-27 11:00:00,6353,1,0,11,0,6607.0,310.0,8543.0,31,27,0,0,0,0,3,0,3065.373070039402,0,2025
2025-03-27 12:00:00,6753,1,0,12,0,7210.0,394.0,8966.0,31,27,0,0,0,0,3,0,3064.745650086084,0,2025
2025-03-27 13:00:00,7171,1,0,13,0,7676.0,765.0,10051.0,31,27,0,0,0,0,3,0,3064.209379264073,0,2025
2025-03-27 14:00:00,7398,1,0,14,0,8106.0,1887.0,8842.0,31,27,0,0,0,0,3,0,3063.795281943308,0,2025
2025-03-27 15:00:00,7772,1,0,15,0,8441.0,3719.0,5010.0,31,27,0,0,0,0,3,0,3063.459002539169,0,2025
2025-03-27 16:00:00,7992,1,0,16,0,8903.0,5336.0,2403.0,31,27,0,0,0,0,3,0,3063.268513114953,0,2025
2025-03-27 17:00:00,9247,1,0,17,0,9197.0,6037.0,985.0,31,27,0,0,0,0,3,0,3063.1737654829226,0,2025
2025-03-27 18:00:00,10032,1,0,18,0,10005.0,6607.0,565.0,31,27,0,0,0,0,3,0,3063.772937822175,0,2025
2025-03-27 19:00:00,10130,1,0,19,0,10717.0,7210.0,375.0,31,27,0,0,0,0,3,0,3064.930749790401,0,2025
2025-03-27 20:00:00,10531,1,0,20,0,10014.0,7676.0,614.0,31,27,0,0,0,0,3,0,3066.1618926106507,0,2025
2025-03-27 21:00:00,11040,1,0,21,0,9658.0,8106.0,1108.0,31,27,0,0,0,0,3,0,3067.7187987911834,0,2025
2025-03-27 22:00:00,9722,1,0,22,0,9967.0,8441.0,2498.0,31,27,0,0,0,0,3,0,3069.7251636764045,0,2025
2025-03-27 23:00:00,6643,1,0,23,0,8904.0,8903.0,4630.0,31,27,0,0,0,0,3,0,3070.6360153328646,0,2025
2025-03-28 00:00:00,3539,1,0,0,0,6268.0,9197.0,6497.0,31,28,0,0,0,0,4,0,3070.068697808415,0,2025
2025-03-28 01:00:00,2020,1,0,1,0,3652.0,10005.0,6349.0,31,28,0,0,0,0,4,0,3069.528624095063,0,2025
2025-03-28 02:00:00,1033,1,0,2,0,2270.0,10717.0,6026.0,31,28,0,0,0,0,4,0,3069.5555025426474,0,2025
2025-03-28 03:00:00,700,1,0,3,0,1094.0,10014.0,6353.0,31,28,0,0,0,0,4,0,3070.1442624679357,0,2025
2025-03-28 04:00:00,820,1,0,4,0,634.0,9658.0,6753.0,31,28,0,0,0,0,4,0,3070.955235933693,0,2025
2025-03-28 05:00:00,1097,1,0,5,0,545.0,9967.0,7171.0,31,28,0,0,0,0,4,0,3071.681016152056,0,2025
2025-03-28 06:00:00,2218,1,0,6,0,749.0,8904.0,7398.0,31,28,0,0,0,0,4,0,3072.222484858074,0,2025
2025-03-28 07:00:00,3744,1,0,7,0,1643.0,6268.0,7772.0,31,28,0,0,0,0,4,0,3072.1493470134387,0,2025
2025-03-28 08:00:00,5015,1,0,8,0,3116.0,3652.0,7992.0,31,28,0,0,0,0,4,0,3071.559390527456,0,2025
2025-03-28 09:00:00,5122,1,0,9,0,4576.0,2270.0,9247.0,31,28,0,0,0,0,4,0,3070.8191981135324,0,2025
2025-03-28 10:00:00,5192,1,0,10,0,5312.0,1094.0,10032.0,31,28,0,0,0,0,4,0,3070.0784487676115,0,2025
2025-03-28 11:00:00,5469,1,0,11,0,5796.0,634.0,10130.0,31,28,0,0,0,0,4,0,3069.338493892612,0,2025
2025-03-28 12:00:00,6085,1,0,12,0,6142.0,545.0,10531.0,31,28,0,0,0,0,4,0,3068.607640095242,0,2025
2025-03-28 13:00:00,6558,1,0,13,0,6770.0,749.0,11040.0,31,28,0,0,0,0,4,0,3067.939501677355,0,2025
2025-03-28 14:00:00,7193,1,0,14,0,7379.0,1643.0,9722.0,31,28,0,0,0,0,4,0,3067.3599078978395,0,2025
2025-03-28 15:00:00,7442,1,0,15,0,8394.0,3116.0,6643.0,31,28,0,0,0,0,4,0,3066.953969547892,0,2025
2025-03-28 16:00:00,7659,1,0,16,0,8643.0,4576.0,3539.0,31,28,0,0,0,0,4,0,3066.6332169874427,0,2025
2025-03-28 17:00:00,8350,1,0,17,0,8930.0,5312.0,2020.0,31,28,0,0,0,0,4,0,3066.3944176733808,0,2025
2025-03-28 18:00:00,9448,1,0,18,0,9558.0,5796.0,1033.0,31,28,0,0,0,0,4,0,3066.4656041935023,0,2025
2025-03-28 19:00:00,9570,1,0,19,0,10271.0,6142.0,700.0,31,28,0,0,0,0,4,0,3067.182093134231,0,2025
2025-03-28 20:00:00,11528,1,0,20,0,9475.0,6770.0,820.0,31,28,0,0,0,0,4,0,3067.979668775682,0,2025
2025-03-28 21:00:00,9160,1,0,21,0,10991.0,7379.0,1097.0,31,28,0,0,0,0,4,0,3070.4284109950167,0,2025
2025-03-28 22:00:00,8579,1,0,22,0,9582.0,8394.0,2218.0,31,28,0,0,0,0,4,0,3070.949284640993,0,2025
2025-03-28 23:00:00,8821,1,0,23,0,9691.0,8643.0,3744.0,31,28,0,0,0,0,4,0,3071.13111634941,0,2025
2025-03-29 00:00:00,8007,1,0,0,0,8171.0,8930.0,5015.0,31,29,0,0,0,0,5,0,3071.44582791137,0,2025
2025-03-29 01:00:00,5602,1,0,1,0,6912.0,9558.0,5122.0,31,29,0,0,0,0,5,0,3071.345409669096,0,2025
2025-03-29 02:00:00,3541,1,0,2,0,5276.0,10271.0,5192.0,31,29,0,0,0,0,5,0,3070.625863377698,0,2025
2025-03-29 03:00:00,2324,1,0,3,0,3512.0,9475.0,5469.0,31,29,0,0,0,0,5,0,3070.093779358785,0,2025
2025-03-29 04:00:00,1563,1,0,4,0,2121.0,10991.0,6085.0,31,29,0,0,0,0,5,0,3069.9827242717024,0,2025
2025-03-29 05:00:00,810,1,0,5,0,1018.0,9582.0,6558.0,31,29,0,0,0,0,5,0,3070.2511278988554,0,2025
2025-03-29 06:00:00,1103,1,0,6,0,552.0,9691.0,7193.0,31,29,0,0,0,0,5,0,3070.982436009587,0,2025
2025-03-29 07:00:00,1618,1,0,7,0,919.0,8171.0,7442.0,31,29,0,0,0,0,5,0,3071.520631794372,0,2025
2025-03-29 08:00:00,2419,1,0,8,0,1609.0,6912.0,7659.0,31,29,0,0,0,0,5,0,3071.754226751997,0,2025
2025-03-29 09:00:00,3764,1,0,9,0,2483.0,5276.0,8350.0,31,29,0,0,0,0,5,0,3071.59797112887,0,2025
2025-03-29 10:00:00,4835,1,0,10,0,4029.0,3512.0,9448.0,31,29,0,0,0,0,5,0,3071.0130803079333,0,2025
2025-03-29 11:00:00,5950,1,0,11,0,5527.0,2121.0,9570.0,31,29,0,0,0,0,5,0,3070.288430562145,0,2025
2025-03-29 12:00:00,6811,1,0,12,0,6902.0,1018.0,11528.0,31,29,0,0,0,0,5,0,3069.607590991472,0,2025
2025-03-29 13:00:00,7665,1,0,13,0,7899.0,552.0,9160.0,31,29,0,0,0,0,5,0,3069.092501684512,0,2025
2025-03-29 14:00:00,7896,1,0,14,0,8668.0,919.0,8579.0,31,29,0,0,0,0,5,0,3068.8549284175774,0,2025
2025-03-29 15:00:00,7738,1,0,15,0,9356.0,1609.0,8821.0,31,29,0,0,0,0,5,0,3068.711447856747,0,2025
2025-03-29 16:00:00,8812,1,0,16,0,9410.0,2483.0,8007.0,31,29,0,0,0,0,5,0,3068.5021702628023,0,2025
2025-03-29 17:00:00,11029,1,0,17,0,10822.0,4029.0,5602.0,31,29,0,0,0,0,5,0,3068.812664109128,0,2025
2025-03-29 18:00:00,12970,1,0,18,0,12510.0,5527.0,3541.0,31,29,0,0,0,0,5,0,3070.7580830033394,0,2025
2025-03-29 19:00:00,12603,1,0,19,0,12923.0,6902.0,2324.0,31,29,0,0,0,0,5,0,3074.75023867692,0,2025
2025-03-29 20:00:00,11536,1,0,20,0,11622.0,7899.0,1563.0,31,29,0,0,0,0,5,0,3078.297404295164,0,2025
2025-03-29 21:00:00,11084,1,0,21,0,10031.0,8668.0,810.0,31,29,0,0,0,0,5,0,3080.698395141518,0,2025
2025-03-29 22:00:00,11845,1,0,22,0,10372.0,9356.0,1103.0,31,29,0,0,0,0,5,0,3082.66507040523,0,2025
2025-03-29 23:00:00,11571,1,0,23,0,10852.0,9410.0,1618.0,31,29,0,0,0,0,5,0,3085.362231050572,0,2025
2025-03-30 00:00:00,10196,1,0,0,0,9853.0,10822.0,2419.0,31,30,0,0,0,0,6,0,3087.7764689840265,0,2025
2025-03-30 01:00:00,7864,1,0,1,0,8113.0,12510.0,3764.0,31,30,0,0,0,0,6,0,3088.9803685505635,0,2025
2025-03-30 02:00:00,5906,1,0,2,0,6429.0,12923.0,4835.0,31,30,0,0,0,0,6,0,3088.803768296981,0,2025
2025-03-30 03:00:00,3909,1,0,3,0,4784.0,11622.0,5950.0,31,30,0,0,0,0,6,0,3088.1140798638685,0,2025
2025-03-30 04:00:00,2504,1,0,4,0,2955.0,10031.0,6811.0,31,30,0,0,0,0,6,0,3087.5065898548296,0,2025
2025-03-30 05:00:00,1319,1,0,5,0,1850.0,10372.0,7665.0,31,30,0,0,0,0,6,0,3087.3224827339004,0,2025
2025-03-30 06:00:00,1510,1,0,6,0,769.0,10852.0,7896.0,31,30,0,0,0,0,6,0,3087.7290653218047,0,2025
2025-03-30 07:00:00,1999,1,0,7,0,952.0,9853.0,7738.0,31,30,0,0,0,0,6,0,3088.0244856005565,0,2025
2025-03-30 08:00:00,2788,1,0,8,0,1509.0,8113.0,8812.0,31,30,0,0,0,0,6,0,3088.063563230223,0,2025
2025-03-30 09:00:00,3967,1,0,9,0,2253.0,6429.0,11029.0,31,30,0,0,0,0,6,0,3087.767643972101,0,2025
2025-03-30 10:00:00,5690,1,0,10,0,3441.0,4784.0,12970.0,31,30,0,0,0,0,6,0,3087.1495423036017,0,2025
2025-03-30 11:00:00,6664,1,0,11,0,5015.0,2955.0,12603.0,31,30,0,0,0,0,6,0,3086.442968441525,0,2025
2025-03-30 12:00:00,7224,1,0,12,0,6016.0,1850.0,11536.0,31,30,0,0,0,0,6,0,3085.8870358519653,0,2025
2025-03-30 13:00:00,7506,1,0,13,0,6786.0,769.0,11084.0,31,30,0,0,0,0,6,0,3085.483119406894,0,2025
2025-03-30 14:00:00,7700,1,0,14,0,7338.0,952.0,11845.0,31,30,0,0,0,0,6,0,3085.1736758222905,0,2025
2025-03-30 15:00:00,7578,1,0,15,0,7558.0,1509.0,11571.0,31,30,0,0,0,0,6,0,3084.9360546472444,0,2025
2025-03-30 16:00:00,7631,1,0,16,0,7700.0,2253.0,10196.0,31,30,0,0,0,0,6,0,3084.652301794096,0,2025
2025-03-30 17:00:00,7866,1,0,17,0,7933.0,3441.0,7864.0,31,30,0,0,0,0,6,0,3084.388010715666,0,2025
2025-03-30 18:00:00,6896,1,0,18,0,8163.0,5015.0,5906.0,31,30,0,0,0,0,6,0,3084.2156520827502,0,2025
2025-03-30 19:00:00,6503,1,0,19,0,7243.0,6016.0,3909.0,31,30,0,0,0,0,6,0,3083.717182111352,0,2025
2025-03-30 20:00:00,6621,1,0,20,0,6394.0,6786.0,2504.0,31,30,0,0,0,0,6,0,3083.1277354359027,0,2025
2025-03-30 21:00:00,6550,1,0,21,0,6074.0,7338.0,1319.0,31,30,0,0,0,0,6,0,3082.563486186178,0,2025
2025-03-30 22:00:00,6425,1,0,22,0,5760.0,7558.0,1510.0,31,30,0,0,0,0,6,0,3081.984300047427,0,2025
2025-03-30 23:00:00,3965,1,0,23,0,4319.0,7700.0,1999.0,31,30,0,0,0,0,6,0,3081.3805101812623,0,2025
2025-03-31 00:00:00,2798,1,0,0,0,2462.0,7933.0,2788.0,31,31,0,0,0,1,0,0,3080.7704815410248,0,2025
2025-03-31 01:00:00,1479,1,0,1,0,1992.0,8163.0,3967.0,31,31,0,0,0,1,0,0,3080.479085265791,0,2025
2025-03-31 02:00:00,812,1,0,2,0,1220.0,7243.0,5690.0,31,31,0,0,0,1,0,0,3080.795799932033,0,2025
2025-03-31 03:00:00,449,1,0,3,0,685.0,6394.0,6664.0,31,31,0,0,0,1,0,0,3081.51889923016,0,2025
2025-03-31 04:00:00,618,1,0,4,0,340.0,6074.0,7224.0,31,31,0,0,0,1,0,0,3082.4897270463166,0,2025
2025-03-31 05:00:00,978,1,0,5,0,462.0,5760.0,7506.0,31,31,0,0,0,1,0,0,3083.3390758908577,0,2025
2025-03-31 06:00:00,2180,1,0,6,0,688.0,4319.0,7700.0,31,31,0,0,0,1,0,0,3083.9478092891445,0,2025
2025-03-31 07:00:00,3711,1,0,7,0,1781.0,2462.0,7578.0,31,31,0,0,0,1,0,0,3083.90234507124,0,2025
2025-03-31 08:00:00,4914,1,0,8,0,3339.0,1992.0,7631.0,31,31,0,0,0,1,0,0,3083.342478977372,0,2025
2025-03-31 09:00:00,5331,1,0,9,0,4674.0,1220.0,7866.0,31,31,0,0,0,1,0,0,3082.628043075109,0,2025
2025-03-31 10:00:00,5129,1,0,10,0,5444.0,685.0,6896.0,31,31,0,0,0,1,0,0,3081.9115194087594,0,2025
2025-03-31 11:00:00,5393,1,0,11,0,5672.0,340.0,6503.0,31,31,0,0,0,1,0,0,3081.193466496872,0,2025
2025-03-31 12:00:00,5677,1,0,12,0,5974.0,462.0,6621.0,31,31,0,0,0,1,0,0,3080.4798034202227,0,2025
2025-03-31 13:00:00,6110,1,0,13,0,6412.0,688.0,6550.0,31,31,0,0,0,1,0,0,3079.7825706060016,0,2025
2025-03-31 14:00:00,6469,1,0,14,0,6936.0,1781.0,6425.0,31,31,0,0,0,1,0,0,3079.133531917381,0,2025
2025-03-31 15:00:00,6727,1,0,15,0,7534.0,3339.0,3965.0,31,31,0,0,0,1,0,0,3078.5458974745347,0,2025
2025-03-31 16:00:00,6414,1,0,16,0,7736.0,4674.0,2798.0,31,31,0,0,0,1,0,0,3078.014396092272,0,2025
2025-03-31 17:00:00,8706,1,0,17,0,7537.0,5444.0,1479.0,31,31,0,0,0,1,0,0,3077.416761662269,0,2025
2025-03-31 18:00:00,9705,1,0,18,0,9628.0,5672.0,812.0,31,31,0,0,0,1,0,0,3077.6471862598078,0,2025
2025-03-31 19:00:00,6821,1,0,19,0,10118.0,5974.0,449.0,31,31,0,0,0,1,0,0,3078.48456617823,0,2025
2025-03-31 20:00:00,5716,1,0,20,0,7063.0,6412.0,618.0,31,31,0,0,0,1,0,0,3077.975602340892,0,2025
2025-03-31 21:00:00,7938,1,0,21,0,5903.0,6936.0,978.0,31,31,0,0,0,1,0,0,3077.2840972136173,0,2025
2025-03-31 22:00:00,6567,1,0,22,0,6622.0,7534.0,2180.0,31,31,0,0,0,1,0,0,3077.147224092289,0,2025
2025-03-31 23:00:00,4574,1,0,23,0,4835.0,7736.0,3711.0,31,31,0,0,0,1,0,0,3076.5806067829644,0,2025
2025-04-01 00:00:00,2666,2,0,0,0,3143.0,7537.0,4914.0,30,1,1,0,0,0,1,0,3075.895019888069,1,2025
2025-04-01 01:00:00,1376,2,0,1,0,1766.0,9628.0,5331.0,30,1,1,0,0,0,1,0,3075.6556436094475,1,2025
2025-04-01 02:00:00,907,2,0,2,0,1246.0,10118.0,5129.0,30,1,1,0,0,0,1,0,3076.0272101077526,1,2025
2025-04-01 03:00:00,375,2,0,3,0,956.0,7063.0,5393.0,30,1,1,0,0,0,1,0,3076.6812902226,1,2025
2025-04-01 04:00:00,429,2,0,4,0,340.0,5903.0,5677.0,30,1,1,0,0,0,1,0,3077.694978286567,1,2025
2025-04-01 05:00:00,824,2,0,5,0,363.0,6622.0,6110.0,30,1,1,0,0,0,1,0,3078.6672119359864,1,2025
2025-04-01 06:00:00,2156,2,0,6,0,664.0,4835.0,6469.0,30,1,1,0,0,0,1,0,3079.3680208201854,1,2025
2025-04-01 07:00:00,5103,2,0,7,0,1834.0,3143.0,6727.0,30,1,1,0,0,0,1,0,3079.333955747364,1,2025
2025-04-01 08:00:00,6776,2,0,8,0,4287.0,1766.0,6414.0,30,1,1,0,0,0,1,0,3078.623610796628,1,2025
2025-04-01 09:00:00,6503,2,0,9,0,5546.0,1246.0,8706.0,30,1,1,0,0,0,1,0,3078.109103723112,1,2025
2025-04-01 10:00:00,6073,2,0,10,0,6206.0,956.0,9705.0,30,1,1,0,0,0,1,0,3077.5343538556685,1,2025
2025-04-01 11:00:00,6050,2,0,11,0,6480.0,340.0,6821.0,30,1,1,0,0,0,1,0,3076.887376574953,1,2025
2025-04-01 12:00:00,6479,2,0,12,0,6637.0,363.0,5716.0,30,1,1,0,0,0,1,0,3076.237704926742,1,2025
2025-04-01 13:00:00,6633,2,0,13,0,7123.0,664.0,7938.0,30,1,1,0,0,0,1,0,3075.659199448236,1,2025
2025-04-01 14:00:00,7299,2,0,14,0,7354.0,1834.0,6567.0,30,1,1,0,0,0,1,0,3075.1130928282705,1,2025
2025-04-01 15:00:00,7446,2,0,15,0,8265.0,4287.0,4574.0,30,1,1,0,0,0,1,0,3074.746761842581,1,2025
2025-04-01 16:00:00,7851,2,0,16,0,8400.0,5546.0,2666.0,30,1,1,0,0,0,1,0,3074.428929987531,1,2025
2025-04-01 17:00:00,9046,2,0,17,0,8832.0,6206.0,1376.0,30,1,1,0,0,0,1,0,3074.261262284209,1,2025
2025-04-01 18:00:00,9550,2,0,18,0,9801.0,6480.0,907.0,30,1,1,0,0,0,1,0,3074.6789299830075,1,2025
2025-04-01 19:00:00,7750,2,0,19,0,10447.0,6637.0,375.0,30,1,1,0,0,0,1,0,3075.4057204682367,1,2025
2025-04-01 20:00:00,7550,2,0,20,0,8604.0,7123.0,429.0,30,1,1,0,0,0,1,0,3075.1962546828704,1,2025
2025-04-01 21:00:00,8524,2,0,21,0,8191.0,7354.0,824.0,30,1,1,0,0,0,1,0,3074.9126032908757,1,2025
2025-04-01 22:00:00,7567,2,0,22,0,8421.0,8265.0,2156.0,30,1,1,0,0,0,1,0,3075.044605885607,1,2025
2025-04-01 23:00:00,4022,2,0,23,0,6742.0,8400.0,5103.0,30,1,1,0,0,0,1,0,3074.7663785980267,1,2025
2025-04-02 00:00:00,1824,2,0,0,0,3795.0,8832.0,6776.0,30,2,0,0,0,0,2,0,3074.1611180059044,0,2025
2025-04-02 01:00:00,760,2,0,1,0,1802.0,9801.0,6503.0,30,2,0,0,0,0,2,0,3074.293130963136,0,2025
2025-04-02 02:00:00,384,2,0,2,0,703.0,10447.0,6073.0,30,2,0,0,0,0,2,0,3075.0386728771477,0,2025
2025-04-02 03:00:00,275,2,0,3,0,342.0,8604.0,6050.0,30,2,0,0,0,0,2,0,3076.03910239021,0,2025
2025-04-02 04:00:00,353,2,0,4,0,266.0,8191.0,6479.0,30,2,0,0,0,0,2,0,3077.1150888510588,0,2025
2025-04-02 05:00:00,842,2,0,5,0,302.0,8421.0,6633.0,30,2,0,0,0,0,2,0,3078.131915346139,0,2025
2025-04-02 06:00:00,2426,2,0,6,0,652.0,6742.0,7299.0,30,2,0,0,0,0,2,0,3078.814695731866,0,2025
2025-04-02 07:00:00,5135,2,0,7,0,1850.0,3795.0,7446.0,30,2,0,0,0,0,2,0,3078.666907377769,0,2025
2025-04-02 08:00:00,7096,2,0,8,0,4173.0,1802.0,7851.0,30,2,0,0,0,0,2,0,3077.964307923626,0,2025
2025-04-02 09:00:00,6700,2,0,9,0,5857.0,703.0,9046.0,30,2,0,0,0,0,2,0,3077.539409084696,0,2025
2025-04-02 10:00:00,6181,2,0,10,0,6304.0,342.0,9550.0,30,2,0,0,0,0,2,0,3077.012777134229,0,2025
2025-04-02 11:00:00,6386,2,0,11,0,6557.0,266.0,7750.0,30,2,0,0,0,0,2,0,3076.3881934272517,0,2025
2025-04-02 12:00:00,6525,2,0,12,0,7033.0,302.0,7550.0,30,2,0,0,0,0,2,0,3075.7979748559187,0,2025
2025-04-02 13:00:00,6813,2,0,13,0,7252.0,652.0,8524.0,30,2,0,0,0,0,2,0,3075.2346495207908,0,2025
2025-04-02 14:00:00,7495,2,0,14,0,7588.0,1850.0,7567.0,30,2,0,0,0,0,2,0,3074.7357158323834,0,2025
2025-04-02 15:00:00,8213,2,0,15,0,8318.0,4173.0,4022.0,30,2,0,0,0,0,2,0,3074.437580954316,0,2025
2025-04-02 16:00:00,8772,2,0,16,0,9268.0,5857.0,1824.0,30,2,0,0,0,0,2,0,3074.4246282200183,0,2025
2025-04-02 17:00:00,9995,2,0,17,0,9886.0,6304.0,760.0,30,2,0,0,0,0,2,0,3074.685697617538,0,2025
2025-04-02 18:00:00,10429,2,0,18,0,10714.0,6557.0,384.0,30,2,0,0,0,0,2,0,3075.7066836874924,0,2025
2025-04-02 19:00:00,10582,2,0,19,0,11012.0,7033.0,275.0,30,2,0,0,0,0,2,0,3077.0475604380326,0,2025
2025-04-02 20:00:00,8344,2,0,20,0,11139.0,7252.0,353.0,30,2,0,0,0,0,2,0,3078.5050121887043,0,2025
2025-04-02 21:00:00,9473,2,0,21,0,8685.0,7588.0,842.0,30,2,0,0,0,0,2,0,3078.545620479681,0,2025
2025-04-02 22:00:00,8167,2,0,22,0,9155.0,8318.0,2426.0,30,2,0,0,0,0,2,0,3079.205623923231,0,2025
2025-04-02 23:00:00,4223,2,0,23,0,7308.0,9268.0,5135.0,30,2,0,0,0,0,2,0,3079.1641878977653,0,2025
2025-04-03 00:00:00,2049,2,0,0,0,4204.0,9886.0,7096.0,30,3,0,0,0,0,3,0,3078.534066614393,0,2025
2025-04-03 01:00:00,961,2,0,1,0,2159.0,10714.0,6700.0,30,3,0,0,0,0,3,0,3078.5580924150768,0,2025
2025-04-03 02:00:00,582,2,0,2,0,980.0,11012.0,6181.0,30,3,0,0,0,0,3,0,3079.168979204608,0,2025
2025-04-03 03:00:00,377,2,0,3,0,545.0,11139.0,6386.0,30,3,0,0,0,0,3,0,3080.0232324297863,0,2025
2025-04-03 04:00:00,518,2,0,4,0,366.0,8685.0,6525.0,30,3,0,0,0,0,3,0,3081.016331468584,0,2025
2025-04-03 05:00:00,1169,2,0,5,0,403.0,9155.0,6813.0,30,3,0,0,0,0,3,0,3081.908990052292,0,2025
2025-04-03 06:00:00,2559,2,0,6,0,802.0,7308.0,7495.0,30,3,0,0,0,0,3,0,3082.386348533519,0,2025
2025-04-03 07:00:00,5400,2,0,7,0,1900.0,4204.0,8213.0,30,3,0,0,0,0,3,0,3082.1892395214195,0,2025
2025-04-03 08:00:00,7002,2,0,8,0,4204.0,2159.0,8772.0,30,3,0,0,0,0,3,0,3081.497342200777,0,2025
2025-04-03 09:00:00,6701,2,0,9,0,5377.0,980.0,9995.0,30,3,0,0,0,0,3,0,3081.0481231181398,0,2025
2025-04-03 10:00:00,6215,2,0,10,0,6127.0,545.0,10429.0,30,3,0,0,0,0,3,0,3080.524907772216,0,2025
2025-04-03 11:00:00,6218,2,0,11,0,6503.0,366.0,10582.0,30,3,0,0,0,0,3,0,3079.910316108651,0,2025
2025-04-03 12:00:00,6547,2,0,12,0,6845.0,403.0,8344.0,30,3,0,0,0,0,3,0,3079.2965430343256,0,2025
2025-04-03 13:00:00,6787,2,0,13,0,7256.0,802.0,9473.0,30,3,0,0,0,0,3,0,3078.741431758422,0,2025
2025-04-03 14:00:00,7502,2,0,14,0,7531.0,1900.0,8167.0,30,3,0,0,0,0,3,0,3078.2390758404013,0,2025
2025-04-03 15:00:00,8077,2,0,15,0,8438.0,4204.0,4223.0,30,3,0,0,0,0,3,0,3077.943037347502,0,2025
2025-04-03 16:00:00,8449,2,0,16,0,9311.0,5377.0,2049.0,30,3,0,0,0,0,3,0,3077.866664333856,0,2025
2025-04-03 17:00:00,10036,2,0,17,0,9346.0,6127.0,961.0,30,3,0,0,0,0,3,0,3077.957575931101,0,2025
2025-04-03 18:00:00,10520,2,0,18,0,10701.0,6503.0,582.0,30,3,0,0,0,0,3,0,3078.989458901553,0,2025
2025-04-03 19:00:00,8343,2,0,19,0,10994.0,6845.0,377.0,30,3,0,0,0,0,3,0,3080.3783621307643,0,2025
2025-04-03 20:00:00,8337,2,0,20,0,9119.0,7256.0,518.0,30,3,0,0,0,0,3,0,3080.415402445757,0,2025
2025-04-03 21:00:00,8965,2,0,21,0,9527.0,7531.0,1169.0,30,3,0,0,0,0,3,0,3080.4489959673774,0,2025
2025-04-03 22:00:00,8688,2,0,22,0,10116.0,8438.0,2559.0,30,3,0,0,0,0,3,0,3080.798903216037,0,2025
2025-04-03 23:00:00,6409,2,0,23,0,8786.0,9311.0,5400.0,30,3,0,0,0,0,3,0,3081.0007822978,0,2025
2025-04-04 00:00:00,3525,2,0,0,0,6085.0,9346.0,7002.0,30,4,0,0,0,0,4,0,3080.4188749990058,0,2025
2025-04-04 01:00:00,1918,2,0,1,0,3686.0,10701.0,6701.0,30,4,0,0,0,0,4,0,3079.929599712758,0,2025
2025-04-04 02:00:00,1141,2,0,2,0,2124.0,10994.0,6215.0,30,4,0,0,0,0,4,0,3080.0162368380197,0,2025
2025-04-04 03:00:00,754,2,0,3,0,1165.0,9119.0,6218.0,30,4,0,0,0,0,4,0,3080.514661356494,0,2025
2025-04-04 04:00:00,716,2,0,4,0,821.0,9527.0,6547.0,30,4,0,0,0,0,4,0,3081.249426561272,0,2025
2025-04-04 05:00:00,1331,2,0,5,0,582.0,10116.0,6787.0,30,4,0,0,0,0,4,0,3082.0065935037464,0,2025
2025-04-04 06:00:00,2635,2,0,6,0,927.0,8786.0,7502.0,30,4,0,0,0,0,4,0,3082.3911472254485,0,2025
2025-04-04 07:00:00,4954,2,0,7,0,1769.0,6085.0,8077.0,30,4,0,0,0,0,4,0,3082.170794342472,0,2025
2025-04-04 08:00:00,6117,2,0,8,0,3823.0,3686.0,8449.0,30,4,0,0,0,0,4,0,3081.4860052473296,0,2025
2025-04-04 09:00:00,5656,2,0,9,0,5056.0,2124.0,10036.0,30,4,0,0,0,0,4,0,3080.8621964416534,0,2025
2025-04-04 10:00:00,5668,2,0,10,0,5629.0,1165.0,10520.0,30,4,0,0,0,0,4,0,3080.191372865454,0,2025
2025-04-04 11:00:00,5925,2,0,11,0,6197.0,821.0,8343.0,30,4,0,0,0,0,4,0,3079.5218298086484,0,2025
2025-04-04 12:00:00,6505,2,0,12,0,6551.0,582.0,8337.0,30,4,0,0,0,0,4,0,3078.8757650352054,0,2025
2025-04-04 13:00:00,6646,2,0,13,0,7317.0,927.0,8965.0,30,4,0,0,0,0,4,0,3078.3171890605386,0,2025
2025-04-04 14:00:00,7598,2,0,14,0,7348.0,1769.0,8688.0,30,4,0,0,0,0,4,0,3077.787401652632,0,2025
2025-04-04 15:00:00,8085,2,0,15,0,8505.0,3823.0,6409.0,30,4,0,0,0,0,4,0,3077.525407224806,0,2025
2025-04-04 16:00:00,7643,2,0,16,0,9175.0,5056.0,3525.0,30,4,0,0,0,0,4,0,3077.450629851181,0,2025
2025-04-04 17:00:00,8708,2,0,17,0,8831.0,5629.0,1918.0,30,4,0,0,0,0,4,0,3077.204024465532,0,2025
2025-04-04 18:00:00,9369,2,0,18,0,9895.0,6197.0,1141.0,30,4,0,0,0,0,4,0,3077.4176756067804,0,2025
2025-04-04 19:00:00,8457,2,0,19,0,10781.0,6551.0,754.0,30,4,0,0,0,0,4,0,3077.998106261079,0,2025
2025-04-04 20:00:00,7359,2,0,20,0,9464.0,7317.0,716.0,30,4,0,0,0,0,4,0,3078.086417193929,0,2025
2025-04-04 21:00:00,7444,2,0,21,0,8691.0,7348.0,1331.0,30,4,0,0,0,0,4,0,3077.7431269277267,0,2025
2025-04-04 22:00:00,8153,2,0,22,0,9392.0,8505.0,2635.0,30,4,0,0,0,0,4,0,3077.426926497058,0,2025
2025-04-04 23:00:00,8777,2,0,23,0,9932.0,9175.0,4954.0,30,4,0,0,0,0,4,0,3077.377276680269,0,2025
2025-04-05 00:00:00,8500,2,0,0,0,8561.0,8831.0,6117.0,30,5,0,0,0,0,5,0,3077.621435338689,0,2025
2025-04-05 01:00:00,6663,2,0,1,0,7329.0,9895.0,5656.0,30,5,0,0,0,0,5,0,3077.7270997629494,0,2025
2025-04-05 02:00:00,4824,2,0,2,0,5935.0,10781.0,5668.0,30,5,0,0,0,0,5,0,3077.200642907096,0,2025
2025-04-05 03:00:00,2791,2,0,3,0,4667.0,9464.0,5925.0,30,5,0,0,0,0,5,0,3076.529014752073,0,2025
2025-04-05 04:00:00,1548,2,0,4,0,2756.0,8691.0,6505.0,30,5,0,0,0,0,5,0,3076.263231640555,0,2025
2025-04-05 05:00:00,816,2,0,5,0,1299.0,9392.0,6646.0,30,5,0,0,0,0,5,0,3076.5375724574906,0,2025
2025-04-05 06:00:00,1141,2,0,6,0,596.0,9932.0,7598.0,30,5,0,0,0,0,5,0,3077.2324376719366,0,2025
2025-04-05 07:00:00,1802,2,0,7,0,939.0,8561.0,8085.0,30,5,0,0,0,0,5,0,3077.728842415232,0,2025
2025-04-05 08:00:00,2858,2,0,8,0,1661.0,7329.0,7643.0,30,5,0,0,0,0,5,0,3077.871226984017,0,2025
2025-04-05 09:00:00,4014,2,0,9,0,2842.0,5935.0,8708.0,30,5,0,0,0,0,5,0,3077.580140922679,0,2025
2025-04-05 10:00:00,5384,2,0,10,0,4202.0,4667.0,9369.0,30,5,0,0,0,0,5,0,3076.999001146522,0,2025
2025-04-05 11:00:00,7758,2,0,11,0,6026.0,2756.0,8457.0,30,5,0,0,0,0,5,0,3076.3228343099845,0,2025
2025-04-05 12:00:00,8597,2,0,12,0,8629.0,1299.0,7359.0,30,5,0,0,0,0,5,0,3076.1189640754674,0,2025
2025-04-05 13:00:00,8401,2,0,13,0,8657.0,596.0,7444.0,30,5,0,0,0,0,5,0,3076.27448999071,0,2025
2025-04-05 14:00:00,7460,2,0,14,0,8510.0,939.0,8153.0,30,5,0,0,0,0,5,0,3076.336182585512,0,2025
2025-04-05 15:00:00,7770,2,0,15,0,8574.0,1661.0,8777.0,30,5,0,0,0,0,5,0,3076.0278307824938,0,2025
2025-04-05 16:00:00,8754,2,0,16,0,9235.0,2842.0,8500.0,30,5,0,0,0,0,5,0,3075.8269917514485,0,2025
2025-04-05 17:00:00,10282,2,0,17,0,10782.0,4202.0,6663.0,30,5,0,0,0,0,5,0,3076.058175273692,0,2025
2025-04-05 18:00:00,10174,2,0,18,0,11258.0,6026.0,4824.0,30,5,0,0,0,0,5,0,3077.233064651677,0,2025
2025-04-05 19:00:00,8956,2,0,19,0,11331.0,8629.0,2791.0,30,5,0,0,0,0,5,0,3078.3272227050934,0,2025
2025-04-05 20:00:00,7637,2,0,20,0,9486.0,8657.0,1548.0,30,5,0,0,0,0,5,0,3078.659235822876,0,2025
2025-04-05 21:00:00,7808,2,0,21,0,8669.0,8510.0,816.0,30,5,0,0,0,0,5,0,3078.4070924153075,0,2025
2025-04-05 22:00:00,8921,2,0,22,0,9323.0,8574.0,1141.0,30,5,0,0,0,0,5,0,3078.216307989785,0,2025
2025-04-05 23:00:00,10378,2,0,23,0,10390.0,9235.0,1802.0,30,5,0,0,0,0,5,0,3078.5272262045,0,2025
2025-04-06 00:00:00,10603,2,0,0,0,9650.0,10782.0,2858.0,30,6,0,0,0,0,6,0,3079.759921049529,0,2025
2025-04-06 01:00:00,7934,2,0,1,0,8428.0,11258.0,4014.0,30,6,0,0,0,0,6,0,3081.158605945877,0,2025
2025-04-06 02:00:00,5791,2,0,2,0,5710.0,11331.0,5384.0,30,6,0,0,0,0,6,0,3081.012119608501,0,2025
2025-04-06 03:00:00,3244,2,0,3,0,4147.0,9486.0,7758.0,30,6,0,0,0,0,6,0,3080.361146178708,0,2025
2025-04-06 04:00:00,2191,2,0,4,0,2777.0,8669.0,8597.0,30,6,0,0,0,0,6,0,3079.9606799569297,0,2025
2025-04-06 05:00:00,1049,2,0,5,0,1589.0,9323.0,8401.0,30,6,0,0,0,0,6,0,3079.932837160572,0,2025
2025-04-06 06:00:00,1288,2,0,6,0,655.0,10390.0,7460.0,30,6,0,0,0,0,6,0,3080.486055966964,0,2025
2025-04-06 07:00:00,1787,2,0,7,0,1013.0,9650.0,7770.0,30,6,0,0,0,0,6,0,3080.900731227833,0,2025
2025-04-06 08:00:00,2558,2,0,8,0,1643.0,8428.0,8754.0,30,6,0,0,0,0,6,0,3081.054618418139,0,2025
2025-04-06 09:00:00,3858,2,0,9,0,2592.0,5710.0,10282.0,30,6,0,0,0,0,6,0,3080.876555030301,0,2025
2025-04-06 10:00:00,5388,2,0,10,0,4038.0,4147.0,10174.0,30,6,0,0,0,0,6,0,3080.331139319529,0,2025
2025-04-06 11:00:00,6369,2,0,11,0,5670.0,2777.0,8956.0,30,6,0,0,0,0,6,0,3079.661028607393,0,2025
2025-04-06 12:00:00,6635,2,0,12,0,6760.0,1589.0,7637.0,30,6,0,0,0,0,6,0,3079.0857614059773,0,2025
2025-04-06 13:00:00,7344,2,0,13,0,7226.0,655.0,7808.0,30,6,0,0,0,0,6,0,3078.5598712602614,0,2025
2025-04-06 14:00:00,7623,2,0,14,0,7858.0,1013.0,8921.0,30,6,0,0,0,0,6,0,3078.213852977384,0,2025
2025-04-06 15:00:00,6795,2,0,15,0,8151.0,1643.0,10378.0,30,6,0,0,0,0,6,0,3077.957949383068,0,2025
2025-04-06 16:00:00,6619,2,0,16,0,7831.0,2592.0,10603.0,30,6,0,0,0,0,6,0,3077.4667649858666,0,2025
2025-04-06 17:00:00,6604,2,0,17,0,7998.0,4038.0,7934.0,30,6,0,0,0,0,6,0,3076.9383260242826,0,2025
2025-04-06 18:00:00,6370,2,0,18,0,7897.0,5670.0,5791.0,30,6,0,0,0,0,6,0,3076.4071463081264,0,2025
2025-04-06 19:00:00,5386,2,0,19,0,7708.0,6760.0,3244.0,30,6,0,0,0,0,6,0,3075.833774079176,0,2025
2025-04-06 20:00:00,5291,2,0,20,0,6279.0,7226.0,2191.0,30,6,0,0,0,0,6,0,3075.167069274526,0,2025
2025-04-06 21:00:00,5027,2,0,21,0,6061.0,7858.0,1049.0,30,6,0,0,0,0,6,0,3074.499004905927,0,2025
2025-04-06 22:00:00,4057,2,0,22,0,5756.0,8151.0,1288.0,30,6,0,0,0,0,6,0,3073.833092873727,0,2025
2025-04-06 23:00:00,3110,2,0,23,0,4026.0,7831.0,1787.0,30,6,0,0,0,0,6,0,3073.2584714432464,0,2025
2025-04-07 00:00:00,1577,2,0,0,0,2825.0,7998.0,2558.0,30,7,0,0,0,0,0,0,3072.9009829356314,0,2025
2025-04-07 01:00:00,729,2,0,1,0,1462.0,7897.0,3858.0,30,7,0,0,0,0,0,0,3073.162509819298,0,2025
2025-04-07 02:00:00,412,2,0,2,0,669.0,7708.0,5388.0,30,7,0,0,0,0,0,0,3073.9074050976974,0,2025
2025-04-07 03:00:00,316,2,0,3,0,376.0,6279.0,6369.0,30,7,0,0,0,0,0,0,3074.857140672549,0,2025
2025-04-07 04:00:00,479,2,0,4,0,289.0,6061.0,6635.0,30,7,0,0,0,0,0,0,3075.869730184881,0,2025
2025-04-07 05:00:00,1009,2,0,5,0,363.0,5756.0,7344.0,30,7,0,0,0,0,0,0,3076.769565628719,0,2025
2025-04-07 06:00:00,2515,2,0,6,0,763.0,4026.0,7623.0,30,7,0,0,0,0,0,0,3077.335258369561,0,2025
2025-04-07 07:00:00,4962,2,0,7,0,1956.0,2825.0,6795.0,30,7,0,0,0,0,0,0,3077.1729962793274,0,2025
2025-04-07 08:00:00,6860,2,0,8,0,3854.0,1462.0,6619.0,30,7,0,0,0,0,0,0,3076.510838318471,0,2025
2025-04-07 09:00:00,6352,2,0,9,0,5409.0,669.0,6604.0,30,7,0,0,0,0,0,0,3076.0412579556128,0,2025
2025-04-07 10:00:00,6323,2,0,10,0,6005.0,376.0,6370.0,30,7,0,0,0,0,0,0,3075.470870732433,0,2025
2025-04-07 11:00:00,6051,2,0,11,0,6801.0,289.0,5386.0,30,7,0,0,0,0,0,0,3074.8961221638515,0,2025
2025-04-07 12:00:00,6668,2,0,12,0,6853.0,363.0,5291.0,30,7,0,0,0,0,0,0,3074.2836911011627,0,2025
2025-04-07 13:00:00,6573,2,0,13,0,7326.0,763.0,5027.0,30,7,0,0,0,0,0,0,3073.7726991559334,0,2025
2025-04-07 14:00:00,7021,2,0,14,0,7448.0,1956.0,4057.0,30,7,0,0,0,0,0,0,3073.242901015168,0,2025
2025-04-07 15:00:00,7328,2,0,15,0,7954.0,3854.0,3110.0,30,7,0,0,0,0,0,0,3072.814132885727,0,2025
2025-04-07 16:00:00,7472,2,0,16,0,8585.0,5409.0,1577.0,30,7,0,0,0,0,0,0,3072.4707362929234,0,2025
2025-04-07 17:00:00,8968,2,0,17,0,8609.0,6005.0,729.0,30,7,0,0,0,0,0,0,3072.1718374821903,0,2025
2025-04-07 18:00:00,8478,2,0,18,0,9761.0,6801.0,412.0,30,7,0,0,0,0,0,0,3072.506868338396,0,2025
2025-04-07 19:00:00,6318,2,0,19,0,9339.0,6853.0,316.0,30,7,0,0,0,0,0,0,3072.5987584851146,0,2025
2025-04-07 20:00:00,5867,2,0,20,0,7223.0,7326.0,479.0,30,7,0,0,0,0,0,0,3072.0249202240784,0,2025
2025-04-07 21:00:00,6191,2,0,21,0,6568.0,7448.0,1009.0,30,7,0,0,0,0,0,0,3071.3950421278314,0,2025
2025-04-07 22:00:00,4616,2,0,22,0,6730.0,7954.0,2515.0,30,7,0,0,0,0,0,0,3070.8031305922977,0,2025
2025-04-07 23:00:00,2744,2,0,23,0,5154.0,8585.0,4962.0,30,7,0,0,0,0,0,0,3070.166903226205,0,2025
2025-04-08 00:00:00,1446,2,0,0,0,2986.0,8609.0,6860.0,30,8,0,0,0,0,1,0,3069.929422813537,0,2025
2025-04-08 01:00:00,577,2,0,1,0,1548.0,9761.0,6352.0,30,8,0,0,0,0,1,0,3070.2553813032982,0,2025
2025-04-08 02:00:00,340,2,0,2,0,614.0,9339.0,6323.0,30,8,0,0,0,0,1,0,3071.088646688765,0,2025
2025-04-08 03:00:00,237,2,0,3,0,345.0,7223.0,6051.0,30,8,0,0,0,0,1,0,3072.0764893195883,0,2025
2025-04-08 04:00:00,352,2,0,4,0,218.0,6568.0,6668.0,30,8,0,0,0,0,1,0,3073.13226010218,0,2025
2025-04-08 05:00:00,731,2,0,5,0,298.0,6730.0,6573.0,30,8,0,0,0,0,1,0,3074.1067677485453,0,2025
2025-04-08 06:00:00,2117,2,0,6,0,622.0,5154.0,7021.0,30,8,0,0,0,0,1,0,3074.8332675127376,0,2025
2025-04-08 07:00:00,4914,2,0,7,0,1783.0,2986.0,7328.0,30,8,0,0,0,0,1,0,3074.8312850367893,0,2025
2025-04-08 08:00:00,7004,2,0,8,0,4177.0,1548.0,7472.0,30,8,0,0,0,0,1,0,3074.177964255625,0,2025
2025-04-08 09:00:00,6816,2,0,9,0,5795.0,614.0,8968.0,30,8,0,0,0,0,1,0,3073.7498479577894,0,2025
2025-04-08 10:00:00,5939,2,0,10,0,6357.0,345.0,8478.0,30,8,0,0,0,0,1,0,3073.276766207639,0,2025
2025-04-08 11:00:00,6255,2,0,11,0,6371.0,218.0,6318.0,30,8,0,0,0,0,1,0,3072.658699355397,0,2025
2025-04-08 12:00:00,6602,2,0,12,0,6927.0,298.0,5867.0,30,8,0,0,0,0,1,0,3072.080951556831,0,2025
2025-04-08 13:00:00,6889,2,0,13,0,7356.0,622.0,6191.0,30,8,0,0,0,0,1,0,3071.563353137092,0,2025
2025-04-08 14:00:00,7633,2,0,14,0,7633.0,1783.0,4616.0,30,8,0,0,0,0,1,0,3071.108088734842,0,2025
2025-04-08 15:00:00,8089,2,0,15,0,8454.0,4177.0,2744.0,30,8,0,0,0,0,1,0,3070.867131621213,0,2025
2025-04-08 16:00:00,8097,2,0,16,0,9224.0,5795.0,1446.0,30,8,0,0,0,0,1,0,3070.7951572168,0,2025
2025-04-08 17:00:00,9577,2,0,17,0,8990.0,6357.0,577.0,30,8,0,0,0,0,1,0,3070.725967830667,0,2025
2025-04-08 18:00:00,9927,2,0,18,0,10385.0,6371.0,340.0,30,8,0,0,0,0,1,0,3071.404790649219,0,2025
2025-04-08 19:00:00,7977,2,0,19,0,10809.0,6927.0,237.0,30,8,0,0,0,0,1,0,3072.302930514457,0,2025
2025-04-08 20:00:00,8358,2,0,20,0,8953.0,7356.0,352.0,30,8,0,0,0,0,1,0,3072.183922754681,0,2025
2025-04-08 21:00:00,9450,2,0,21,0,9080.0,7633.0,731.0,30,8,0,0,0,0,1,0,3072.22130208497,0,2025
2025-04-08 22:00:00,8061,2,0,22,0,9005.0,8454.0,2117.0,30,8,0,0,0,0,1,0,3072.8182509467347,0,2025
2025-04-08 23:00:00,4186,2,0,23,0,7342.0,9224.0,4914.0,30,8,0,0,0,0,1,0,3072.7302874167917,0,2025
2025-04-09 00:00:00,1902,2,0,0,0,4072.0,8990.0,7004.0,30,9,0,0,0,0,2,0,3072.148289747396,0,2025
2025-04-09 01:00:00,694,2,0,1,0,1872.0,10385.0,6816.0,30,9,0,0,0,0,2,0,3072.248679284663,0,2025
2025-04-09 02:00:00,402,2,0,2,0,715.0,10809.0,5939.0,30,9,0,0,0,0,2,0,3073.000204321504,0,2025
2025-04-09 03:00:00,322,2,0,3,0,407.0,8953.0,6255.0,30,9,0,0,0,0,2,0,3073.937334605881,0,2025
2025-04-09 04:00:00,487,2,0,4,0,277.0,9080.0,6602.0,30,9,0,0,0,0,2,0,3074.92542991871,0,2025
2025-04-09 05:00:00,1058,2,0,5,0,348.0,9005.0,6889.0,30,9,0,0,0,0,2,0,3075.801947800628,0,2025
2025-04-09 06:00:00,2613,2,0,6,0,713.0,7342.0,7633.0,30,9,0,0,0,0,2,0,3076.3282262985813,0,2025
2025-04-09 07:00:00,5640,2,0,7,0,1911.0,4072.0,8089.0,30,9,0,0,0,0,2,0,3076.133934881754,0,2025
2025-04-09 08:00:00,7751,2,0,8,0,4350.0,1872.0,8097.0,30,9,0,0,0,0,2,0,3075.4957996150674,0,2025
2025-04-09 09:00:00,7295,2,0,9,0,6043.0,715.0,9577.0,30,9,0,0,0,0,2,0,3075.295669433334,0,2025
2025-04-09 10:00:00,6258,2,0,10,0,6626.0,407.0,9927.0,30,9,0,0,0,0,2,0,3074.948939367531,0,2025
2025-04-09 11:00:00,6674,2,0,11,0,6569.0,277.0,7977.0,30,9,0,0,0,0,2,0,3074.376097933016,0,2025
2025-04-09 12:00:00,6809,2,0,12,0,7317.0,348.0,8358.0,30,9,0,0,0,0,2,0,3073.8764528276192,0,2025
2025-04-09 13:00:00,7055,2,0,13,0,7497.0,713.0,9450.0,30,9,0,0,0,0,2,0,3073.40577272669,0,2025
2025-04-09 14:00:00,7507,2,0,14,0,7842.0,1911.0,8061.0,30,9,0,0,0,0,2,0,3072.9940652528744,0,2025
2025-04-09 15:00:00,7822,2,0,15,0,8326.0,4350.0,4186.0,30,9,0,0,0,0,2,0,3072.712091773589,0,2025
2025-04-09 16:00:00,7996,2,0,16,0,8908.0,6043.0,1902.0,30,9,0,0,0,0,2,0,3072.5368965000503,0,2025
2025-04-09 17:00:00,9463,2,0,17,0,9094.0,6626.0,694.0,30,9,0,0,0,0,2,0,3072.426270886483,0,2025
2025-04-09 18:00:00,10327,2,0,18,0,10221.0,6569.0,402.0,30,9,0,0,0,0,2,0,3073.026649520843,0,2025
2025-04-09 19:00:00,8679,2,0,19,0,11152.0,7317.0,322.0,30,9,0,0,0,0,2,0,3074.1819264262317,0,2025
2025-04-09 20:00:00,8412,2,0,20,0,9681.0,7497.0,487.0,30,9,0,0,0,0,2,0,3074.362497514346,0,2025
2025-04-09 21:00:00,9443,2,0,21,0,9284.0,7842.0,1058.0,30,9,0,0,0,0,2,0,3074.4199077576977,0,2025
2025-04-09 22:00:00,8529,2,0,22,0,9694.0,8326.0,2613.0,30,9,0,0,0,0,2,0,3075.0024513532494,0,2025
2025-04-09 23:00:00,4508,2,0,23,0,8288.0,8908.0,5640.0,30,9,0,0,0,0,2,0,3075.1104391666045,0,2025
2025-04-10 00:00:00,2192,2,0,0,0,4452.0,9094.0,7751.0,30,10,0,0,0,0,3,0,3074.496538147186,0,2025
2025-04-10 01:00:00,980,2,0,1,0,2222.0,10221.0,7295.0,30,10,0,0,0,0,3,0,3074.4718549702084,0,2025
2025-04-10 02:00:00,567,2,0,2,0,953.0,11152.0,6258.0,30,10,0,0,0,0,3,0,3075.0468296144936,0,2025
2025-04-10 03:00:00,430,2,0,3,0,576.0,9681.0,6674.0,30,10,0,0,0,0,3,0,3075.870303927629,0,2025
2025-04-10 04:00:00,516,2,0,4,0,410.0,9284.0,6809.0,30,10,0,0,0,0,3,0,3076.779647128259,0,2025
2025-04-10 05:00:00,1117,2,0,5,0,383.0,9694.0,7055.0,30,10,0,0,0,0,3,0,3077.631165606018,0,2025
2025-04-10 06:00:00,2612,2,0,6,0,725.0,8288.0,7507.0,30,10,0,0,0,0,3,0,3078.121275543995,0,2025
2025-04-10 07:00:00,5605,2,0,7,0,1913.0,4452.0,7822.0,30,10,0,0,0,0,3,0,3077.9307225989,0,2025
2025-04-10 08:00:00,7121,2,0,8,0,4379.0,2222.0,7996.0,30,10,0,0,0,0,3,0,3077.2962375860648,0,2025
2025-04-10 09:00:00,6658,2,0,9,0,5676.0,953.0,9463.0,30,10,0,0,0,0,3,0,3076.903172079794,0,2025
2025-04-10 10:00:00,6086,2,0,10,0,6387.0,576.0,10327.0,30,10,0,0,0,0,3,0,3076.4034273640573,0,2025
2025-04-10 11:00:00,6400,2,0,11,0,6573.0,410.0,8679.0,30,10,0,0,0,0,3,0,3075.812415217328,0,2025
2025-04-10 12:00:00,7061,2,0,12,0,7085.0,383.0,8412.0,30,10,0,0,0,0,3,0,3075.266417094861,0,2025
2025-04-10 13:00:00,7355,2,0,13,0,7834.0,725.0,9443.0,30,10,0,0,0,0,3,0,3074.8585439195786,0,2025
2025-04-10 14:00:00,8127,2,0,14,0,8295.0,1913.0,8529.0,30,10,0,0,0,0,3,0,3074.531126471566,0,2025
2025-04-10 15:00:00,8648,2,0,15,0,9142.0,4379.0,4508.0,30,10,0,0,0,0,3,0,3074.4705174621818,0,2025
2025-04-10 16:00:00,10601,2,0,16,0,9775.0,5676.0,2192.0,30,10,0,0,0,0,3,0,3074.635176542932,0,2025
2025-04-10 17:00:00,12050,2,0,17,0,11534.0,6387.0,980.0,30,10,0,0,0,0,3,0,3075.9723808291706,0,2025
2025-04-10 18:00:00,11392,2,0,18,0,12063.0,6573.0,567.0,30,10,0,0,0,0,3,0,3078.5097742878656,0,2025
2025-04-10 19:00:00,8962,2,0,19,0,11767.0,7085.0,430.0,30,10,0,0,0,0,3,0,3080.4594918743574,0,2025
2025-04-10 20:00:00,8680,2,0,20,0,9688.0,7834.0,516.0,30,10,0,0,0,0,3,0,3080.7697001620177,0,2025
2025-04-10 21:00:00,9509,2,0,21,0,9503.0,8295.0,1117.0,30,10,0,0,0,0,3,0,3080.941023703418,0,2025
2025-04-10 22:00:00,9169,2,0,22,0,10248.0,9142.0,2612.0,30,10,0,0,0,0,3,0,3081.546919691952,0,2025
2025-04-10 23:00:00,5810,2,0,23,0,9112.0,9775.0,5605.0,30,10,0,0,0,0,3,0,3081.9615338047515,0,2025
2025-04-11 00:00:00,3956,2,0,0,0,5747.0,11534.0,7121.0,30,11,0,0,0,0,4,0,3081.3428907742546,0,2025
2025-04-11 01:00:00,1698,2,0,1,0,3816.0,12063.0,6658.0,30,11,0,0,0,0,4,0,3080.8084236654704,0,2025
2025-04-11 02:00:00,929,2,0,2,0,1762.0,11767.0,6086.0,30,11,0,0,0,0,4,0,3081.003470588588,0,2025
2025-04-11 03:00:00,718,2,0,3,0,989.0,9688.0,6400.0,30,11,0,0,0,0,4,0,3081.602872197401,0,2025
2025-04-11 04:00:00,747,2,0,4,0,690.0,9503.0,7061.0,30,11,0,0,0,0,4,0,3082.325638787567,0,2025
2025-04-11 05:00:00,1042,2,0,5,0,480.0,10248.0,7355.0,30,11,0,0,0,0,4,0,3083.028982655247,0,2025
2025-04-11 06:00:00,2362,2,0,6,0,730.0,9112.0,8127.0,30,11,0,0,0,0,4,0,3083.558880071615,0,2025
2025-04-11 07:00:00,4394,2,0,7,0,1751.0,5747.0,8648.0,30,11,0,0,0,0,4,0,3083.4637658249703,0,2025
2025-04-11 08:00:00,5288,2,0,8,0,3618.0,3816.0,10601.0,30,11,0,0,0,0,4,0,3082.8676912805195,0,2025
2025-04-11 09:00:00,5613,2,0,9,0,4769.0,1762.0,12050.0,30,11,0,0,0,0,4,0,3082.2279406417038,0,2025
2025-04-11 10:00:00,6594,2,0,10,0,5648.0,989.0,11392.0,30,11,0,0,0,0,4,0,3081.599259960079,0,2025
2025-04-11 11:00:00,6220,2,0,11,0,7205.0,690.0,8962.0,30,11,0,0,0,0,4,0,3081.089382555762,0,2025
2025-04-11 12:00:00,7267,2,0,12,0,6830.0,480.0,8680.0,30,11,0,0,0,0,4,0,3080.5193541077324,0,2025
2025-04-11 13:00:00,7737,2,0,13,0,7929.0,730.0,9509.0,30,11,0,0,0,0,4,0,3080.1659758922474,0,2025
2025-04-11 14:00:00,8718,2,0,14,0,8076.0,1751.0,9169.0,30,11,0,0,0,0,4,0,3079.9575897411664,0,2025
2025-04-11 15:00:00,9122,2,0,15,0,8936.0,3618.0,5810.0,30,11,0,0,0,0,4,0,3080.147020790501,0,2025
2025-04-11 16:00:00,8388,2,0,16,0,9463.0,4769.0,3956.0,30,11,0,0,0,0,4,0,3080.5369300133875,0,2025
2025-04-11 17:00:00,9526,2,0,17,0,9125.0,5648.0,1698.0,30,11,0,0,0,0,4,0,3080.576445425496,0,2025
2025-04-11 18:00:00,12231,2,0,18,0,10122.0,7205.0,929.0,30,11,0,0,0,0,4,0,3081.187133610806,0,2025
2025-04-11 19:00:00,11925,2,0,19,0,12185.0,6830.0,718.0,30,11,0,0,0,0,4,0,3083.850167871714,0,2025
2025-04-11 20:00:00,9944,2,0,20,0,10659.0,7929.0,747.0,30,11,0,0,0,0,4,0,3086.2249650013614,0,2025
2025-04-11 21:00:00,9303,2,0,21,0,9461.0,8076.0,1042.0,30,11,0,0,0,0,4,0,3087.0795935562123,0,2025
2025-04-11 22:00:00,10493,2,0,22,0,9938.0,8936.0,2362.0,30,11,0,0,0,0,4,0,3087.5549141417964,0,2025
2025-04-11 23:00:00,10543,2,0,23,0,9637.0,9463.0,4394.0,30,11,0,0,0,0,4,0,3088.77193789982,0,2025
2025-04-12 00:00:00,9110,2,0,0,0,7789.0,9125.0,5288.0,30,12,0,0,0,0,5,0,3090.021267244445,0,2025
2025-04-12 01:00:00,6498,2,0,1,0,6587.0,10122.0,5613.0,30,12,0,0,0,0,5,0,3090.388625950888,0,2025
2025-04-12 02:00:00,4749,2,0,2,0,4724.0,12185.0,6594.0,30,12,0,0,0,0,5,0,3089.85842101875,0,2025
2025-04-12 03:00:00,2826,2,0,3,0,3512.0,10659.0,6220.0,30,12,0,0,0,0,5,0,3089.2370698050245,0,2025
2025-04-12 04:00:00,1578,2,0,4,0,2251.0,9461.0,7267.0,30,12,0,0,0,0,5,0,3088.986344941055,0,2025
2025-04-12 05:00:00,693,2,0,5,0,1141.0,9938.0,7737.0,30,12,0,0,0,0,5,0,3089.239215331281,0,2025
2025-04-12 06:00:00,1137,2,0,6,0,442.0,9637.0,8718.0,30,12,0,0,0,0,5,0,3089.973637250716,0,2025
2025-04-12 07:00:00,1626,2,0,7,0,855.0,7789.0,9122.0,30,12,0,0,0,0,5,0,3090.4513257849635,0,2025
2025-04-12 08:00:00,2596,2,0,8,0,1447.0,6587.0,8388.0,30,12,0,0,0,0,5,0,3090.677570035502,0,2025
2025-04-12 09:00:00,4280,2,0,9,0,2399.0,4724.0,9526.0,30,12,0,0,0,0,5,0,3090.501350057062,0,2025
2025-04-12 10:00:00,5459,2,0,10,0,4500.0,3512.0,12231.0,30,12,0,0,0,0,5,0,3089.925265150054,0,2025
2025-04-12 11:00:00,6343,2,0,11,0,5981.0,2251.0,11925.0,30,12,0,0,0,0,5,0,3089.2941762065425,0,2025
2025-04-12 12:00:00,7106,2,0,12,0,7107.0,1141.0,9944.0,30,12,0,0,0,0,5,0,3088.7431819756034,0,2025
2025-04-12 13:00:00,8260,2,0,13,0,8158.0,442.0,9303.0,30,12,0,0,0,0,5,0,3088.344692975314,0,2025
2025-04-12 14:00:00,8455,2,0,14,0,9215.0,855.0,10493.0,30,12,0,0,0,0,5,0,3088.3232237017555,0,2025
2025-04-12 15:00:00,9062,2,0,15,0,9637.0,1447.0,10543.0,30,12,0,0,0,0,5,0,3088.38236279752,0,2025
2025-04-12 16:00:00,9677,2,0,16,0,10078.0,2399.0,9110.0,30,12,0,0,0,0,5,0,3088.725380661485,0,2025
2025-04-12 17:00:00,9741,2,0,17,0,10454.0,4500.0,6498.0,30,12,0,0,0,0,5,0,3089.40504888066,0,2025
2025-04-12 18:00:00,8991,2,0,18,0,10478.0,5981.0,4749.0,30,12,0,0,0,0,5,0,3090.1209263697483,0,2025
2025-04-12 19:00:00,8350,2,0,19,0,9927.0,7107.0,2826.0,30,12,0,0,0,0,5,0,3090.4242704696308,0,2025
2025-04-12 20:00:00,7170,2,0,20,0,9020.0,8158.0,1578.0,30,12,0,0,0,0,5,0,3090.4348685894597,0,2025
2025-04-12 21:00:00,7820,2,0,21,0,8057.0,9215.0,693.0,30,12,0,0,0,0,5,0,3090.0505027211857,0,2025
2025-04-12 22:00:00,9034,2,0,22,0,9022.0,9637.0,1137.0,30,12,0,0,0,0,5,0,3089.860556675005,0,2025
2025-04-12 23:00:00,8830,2,0,23,0,9538.0,10078.0,1626.0,30,12,0,0,0,0,5,0,3090.182694527849,0,2025
2025-04-13 00:00:00,7203,2,0,0,0,7731.0,10454.0,2596.0,30,13,0,0,0,0,6,0,3090.4041444201607,0,2025
2025-04-13 01:00:00,6518,2,0,1,0,5967.0,10478.0,4280.0,30,13,0,0,0,0,6,0,3090.0276633600342,0,2025
2025-04-13 02:00:00,4599,2,0,2,0,5388.0,9927.0,5459.0,30,13,0,0,0,0,6,0,3089.504597589934,0,2025
2025-04-13 03:00:00,3099,2,0,3,0,3880.0,9020.0,6343.0,30,13,0,0,0,0,6,0,3088.9012103604496,0,2025
2025-04-13 04:00:00,2192,2,0,4,0,2654.0,8057.0,7106.0,30,13,0,0,0,0,6,0,3088.5737706191617,0,2025
2025-04-13 05:00:00,1020,2,0,5,0,1565.0,9022.0,8260.0,30,13,0,0,0,0,6,0,3088.556875118557,0,2025
2025-04-13 06:00:00,1183,2,0,6,0,587.0,9538.0,8455.0,30,13,0,0,0,0,6,0,3089.1011046494464,0,2025
2025-04-13 07:00:00,1658,2,0,7,0,878.0,7731.0,9062.0,30,13,0,0,0,0,6,0,3089.554978174555,0,2025
2025-04-13 08:00:00,2130,2,0,8,0,1490.0,5967.0,9677.0,30,13,0,0,0,0,6,0,3089.7687825392563,0,2025
2025-04-13 09:00:00,3449,2,0,9,0,2295.0,5388.0,9741.0,30,13,0,0,0,0,6,0,3089.774093594668,0,2025
2025-04-13 10:00:00,4863,2,0,10,0,3762.0,3880.0,8991.0,30,13,0,0,0,0,6,0,3089.354629105965,0,2025
2025-04-13 11:00:00,5648,2,0,11,0,5241.0,2654.0,8350.0,30,13,0,0,0,0,6,0,3088.7350725376336,0,2025
2025-04-13 12:00:00,6143,2,0,12,0,6297.0,1565.0,7170.0,30,13,0,0,0,0,6,0,3088.118391350876,0,2025
2025-04-13 13:00:00,6547,2,0,13,0,7054.0,587.0,7820.0,30,13,0,0,0,0,6,0,3087.5453391101646,0,2025
2025-04-13 14:00:00,6737,2,0,14,0,7607.0,878.0,9034.0,30,13,0,0,0,0,6,0,3087.0317747594017,0,2025
2025-04-13 15:00:00,6187,2,0,15,0,7912.0,1490.0,8830.0,30,13,0,0,0,0,6,0,3086.553681148115,0,2025
2025-04-13 16:00:00,6158,2,0,16,0,7666.0,2295.0,7203.0,30,13,0,0,0,0,6,0,3085.986884083742,0,2025
2025-04-13 17:00:00,6406,2,0,17,0,7930.0,3762.0,6518.0,30,13,0,0,0,0,6,0,3085.416813559979,0,2025
2025-04-13 18:00:00,5811,2,0,18,0,8103.0,5241.0,4599.0,30,13,0,0,0,0,6,0,3084.881228904113,0,2025
2025-04-13 19:00:00,5015,2,0,19,0,7652.0,6297.0,3099.0,30,13,0,0,0,0,6,0,3084.277545063509,0,2025
2025-04-13 20:00:00,5146,2,0,20,0,6231.0,7054.0,2192.0,30,13,0,0,0,0,6,0,3083.655538304846,0,2025
2025-04-13 21:00:00,5258,2,0,21,0,6276.0,7607.0,1020.0,30,13,0,0,0,0,6,0,3083.031260066511,0,2025
2025-04-13 22:00:00,3997,2,0,22,0,6056.0,7912.0,1183.0,30,13,0,0,0,0,6,0,3082.4068855213195,0,2025
2025-04-13 23:00:00,2813,2,0,23,0,4312.0,7666.0,1658.0,30,13,0,0,0,0,6,0,3081.8833732592507,0,2025
2025-04-14 00:00:00,1643,2,0,0,0,2789.0,7930.0,2130.0,30,14,0,0,0,0,0,0,3081.644371796041,0,2025
2025-04-14 01:00:00,608,2,0,1,0,1663.0,8103.0,3449.0,30,14,0,0,0,0,0,0,3081.86655363655,0,2025
2025-04-14 02:00:00,329,2,0,2,0,607.0,7652.0,4863.0,30,14,0,0,0,0,0,0,3082.645123881964,0,2025
2025-04-14 03:00:00,314,2,0,3,0,308.0,6231.0,5648.0,30,14,0,0,0,0,0,0,3083.5957905599503,0,2025
2025-04-14 04:00:00,469,2,0,4,0,257.0,6276.0,6143.0,30,14,0,0,0,0,0,0,3084.55376204098,0,2025
2025-04-14 05:00:00,925,2,0,5,0,299.0,6056.0,6547.0,30,14,0,0,0,0,0,0,3085.4113487135864,0,2025
2025-04-14 06:00:00,1999,2,0,6,0,730.0,4312.0,6737.0,30,14,0,0,0,0,0,0,3085.9968976512714,0,2025
2025-04-14 07:00:00,3557,2,0,7,0,1675.0,2789.0,6187.0,30,14,0,0,0,0,0,0,3086.053096023619,0,2025
2025-04-14 08:00:00,4527,2,0,8,0,3392.0,1663.0,6158.0,30,14,0,0,0,0,0,0,3085.611431240577,0,2025
2025-04-14 09:00:00,4860,2,0,9,0,4341.0,607.0,6406.0,30,14,0,0,0,0,0,0,3085.020635852867,0,2025
2025-04-14 10:00:00,5051,2,0,10,0,5087.0,308.0,5811.0,30,14,0,0,0,0,0,0,3084.4072919739265,0,2025
2025-04-14 11:00:00,5337,2,0,11,0,5724.0,257.0,5015.0,30,14,0,0,0,0,0,0,3083.7877282614363,0,2025
2025-04-14 12:00:00,5926,2,0,12,0,6242.0,299.0,5146.0,30,14,0,0,0,0,0,0,3083.1675878393385,0,2025
2025-04-14 13:00:00,6015,2,0,13,0,7036.0,730.0,5258.0,30,14,0,0,0,0,0,0,3082.57950178802,0,2025
2025-04-14 14:00:00,6392,2,0,14,0,7216.0,1675.0,3997.0,30,14,0,0,0,0,0,0,3082.000471259119,0,2025
2025-04-14 15:00:00,6581,2,0,15,0,7643.0,3392.0,2813.0,30,14,0,0,0,0,0,0,3081.470142528276,0,2025
2025-04-14 16:00:00,6626,2,0,16,0,8175.0,4341.0,1643.0,30,14,0,0,0,0,0,0,3080.971290354413,0,2025
2025-04-14 17:00:00,7255,2,0,17,0,8119.0,5087.0,608.0,30,14,0,0,0,0,0,0,3080.4807748897515,0,2025
2025-04-14 18:00:00,7129,2,0,18,0,8743.0,5724.0,329.0,30,14,0,0,0,0,0,0,3080.131441531824,0,2025
2025-04-14 19:00:00,5991,2,0,19,0,8655.0,6242.0,314.0,30,14,0,0,0,0,0,0,3079.7497855561387,0,2025
2025-04-14 20:00:00,5741,2,0,20,0,7339.0,7036.0,469.0,30,14,0,0,0,0,0,0,3079.1699566165084,0,2025
2025-04-14 21:00:00,5685,2,0,21,0,6986.0,7216.0,925.0,30,14,0,0,0,0,0,0,3078.5695265230925,0,2025
2025-04-14 22:00:00,4252,2,0,22,0,6465.0,7643.0,1999.0,30,14,0,0,0,0,0,0,3077.965878188756,0,2025
2025-04-14 23:00:00,2583,2,0,23,0,4630.0,8175.0,3557.0,30,14,0,0,0,0,0,0,3077.410261180475,0,2025
2025-04-15 00:00:00,1578,2,0,0,0,2643.0,8119.0,4527.0,30,15,0,0,0,0,1,0,3077.2474133956853,0,2025
2025-04-15 01:00:00,656,2,0,1,0,1571.0,8743.0,4860.0,30,15,0,0,0,0,1,0,3077.49527136548,0,2025
2025-04-15 02:00:00,318,2,0,2,0,588.0,8655.0,5051.0,30,15,0,0,0,0,1,0,3078.2343537443844,0,2025
2025-04-15 03:00:00,225,2,0,3,0,300.0,7339.0,5337.0,30,15,0,0,0,0,1,0,3079.179454872341,0,2025
2025-04-15 04:00:00,371,2,0,4,0,181.0,6986.0,5926.0,30,15,0,0,0,0,1,0,3080.181993653778,0,2025
2025-04-15 05:00:00,833,2,0,5,0,294.0,6465.0,6015.0,30,15,0,0,0,0,1,0,3081.088946698223,0,2025
2025-04-15 06:00:00,2026,2,0,6,0,664.0,4630.0,6392.0,30,15,0,0,0,0,1,0,3081.717399761574,0,2025
2025-04-15 07:00:00,3929,2,0,7,0,1728.0,2643.0,6581.0,30,15,0,0,0,0,1,0,3081.759345098011,0,2025
2025-04-15 08:00:00,5532,2,0,8,0,3714.0,1571.0,6626.0,30,15,0,0,0,0,1,0,3081.250064721029,0,2025
2025-04-15 09:00:00,5777,2,0,9,0,5007.0,588.0,7255.0,30,15,0,0,0,0,1,0,3080.641464407417,0,2025
2025-04-15 10:00:00,5617,2,0,10,0,5814.0,300.0,7129.0,30,15,0,0,0,0,1,0,3080.047336280108,0,2025
2025-04-15 11:00:00,5950,2,0,11,0,6331.0,181.0,5991.0,30,15,0,0,0,0,1,0,3079.443461157139,0,2025
2025-04-15 12:00:00,6328,2,0,12,0,6862.0,294.0,5741.0,30,15,0,0,0,0,1,0,3078.864659859017,0,2025
2025-04-15 13:00:00,6551,2,0,13,0,7550.0,664.0,5685.0,30,15,0,0,0,0,1,0,3078.331620609148,0,2025
2025-04-15 14:00:00,7263,2,0,14,0,7846.0,1728.0,4252.0,30,15,0,0,0,0,1,0,3077.8343103569355,0,2025
2025-04-15 15:00:00,7601,2,0,15,0,8737.0,3714.0,2583.0,30,15,0,0,0,0,1,0,3077.4934391778224,0,2025
2025-04-15 16:00:00,7943,2,0,16,0,9331.0,5007.0,1578.0,30,15,0,0,0,0,1,0,3077.249639734257,0,2025
2025-04-15 17:00:00,8569,2,0,17,0,9635.0,5814.0,656.0,30,15,0,0,0,0,1,0,3077.118885562916,0,2025
2025-04-15 18:00:00,9057,2,0,18,0,10111.0,6331.0,318.0,30,15,0,0,0,0,1,0,3077.233975960129,0,2025
2025-04-15 19:00:00,7538,2,0,19,0,10516.0,6862.0,225.0,30,15,0,0,0,0,1,0,3077.5751999486483,0,2025
2025-04-15 20:00:00,7497,2,0,20,0,8931.0,7550.0,371.0,30,15,0,0,0,0,1,0,3077.311113156996,0,2025
2025-04-15 21:00:00,8772,2,0,21,0,8826.0,7846.0,833.0,30,15,0,0,0,0,1,0,3077.0347654460243,0,2025
2025-04-15 22:00:00,7602,2,0,22,0,9238.0,8737.0,2026.0,30,15,0,0,0,0,1,0,3077.23810392203,0,2025
2025-04-15 23:00:00,4549,2,0,23,0,7505.0,9331.0,3929.0,30,15,0,0,0,0,1,0,3076.992867642186,0,2025
2025-04-16 00:00:00,2090,2,0,0,0,4694.0,9635.0,5532.0,30,16,0,0,0,0,2,0,3076.411216794419,0,2025
2025-04-16 01:00:00,886,2,0,1,0,2218.0,10111.0,5777.0,30,16,0,0,0,0,2,0,3076.4329063601845,0,2025
2025-04-16 02:00:00,421,2,0,2,0,847.0,10516.0,5617.0,30,16,0,0,0,0,2,0,3077.0331439076444,0,2025
2025-04-16 03:00:00,323,2,0,3,0,396.0,8931.0,5950.0,30,16,0,0,0,0,2,0,3077.905178431647,0,2025
2025-04-16 04:00:00,454,2,0,4,0,276.0,8826.0,6328.0,30,16,0,0,0,0,2,0,3078.8361944389985,0,2025
2025-04-16 05:00:00,894,2,0,5,0,332.0,9238.0,6551.0,30,16,0,0,0,0,2,0,3079.683674570599,0,2025
2025-04-16 06:00:00,2093,2,0,6,0,713.0,7505.0,7263.0,30,16,0,0,0,0,2,0,3080.2724560518204,0,2025
2025-04-16 07:00:00,4282,2,0,7,0,1804.0,4694.0,7601.0,30,16,0,0,0,0,2,0,3080.287162840741,0,2025
2025-04-16 08:00:00,6112,2,0,8,0,3948.0,2218.0,7943.0,30,16,0,0,0,0,2,0,3079.7328847734093,0,2025
2025-04-16 09:00:00,6355,2,0,9,0,5826.0,847.0,8569.0,30,16,0,0,0,0,2,0,3079.176030932399,0,2025
2025-04-16 10:00:00,6182,2,0,10,0,6569.0,396.0,9057.0,30,16,0,0,0,0,2,0,3078.6514200093416,0,2025
2025-04-16 11:00:00,6693,2,0,11,0,7016.0,276.0,7538.0,30,16,0,0,0,0,2,0,3078.1035635624703,0,2025
2025-04-16 12:00:00,7165,2,0,12,0,7779.0,332.0,7497.0,30,16,0,0,0,0,2,0,3077.636462476385,0,2025
2025-04-16 13:00:00,7443,2,0,13,0,8357.0,713.0,8772.0,30,16,0,0,0,0,2,0,3077.273581454576,0,2025
2025-04-16 14:00:00,7925,2,0,14,0,8900.0,1804.0,7602.0,30,16,0,0,0,0,2,0,3076.985349093045,0,2025
2025-04-16 15:00:00,8020,2,0,15,0,9537.0,3948.0,4549.0,30,16,0,0,0,0,2,0,3076.849789765807,0,2025
2025-04-16 16:00:00,8525,2,0,16,0,9762.0,5826.0,2090.0,30,16,0,0,0,0,2,0,3076.747549026344,0,2025
2025-04-16 17:00:00,9879,2,0,17,0,10332.0,6569.0,886.0,30,16,0,0,0,0,2,0,3076.842808179139,0,2025
2025-04-16 18:00:00,9941,2,0,18,0,11356.0,7016.0,421.0,30,16,0,0,0,0,2,0,3077.628444051476,0,2025
2025-04-16 19:00:00,8490,2,0,19,0,11470.0,7779.0,323.0,30,16,0,0,0,0,2,0,3078.4493836128454,0,2025
2025-04-16 20:00:00,7867,2,0,20,0,10187.0,8357.0,454.0,30,16,0,0,0,0,2,0,3078.526976297712,0,2025
2025-04-16 21:00:00,8646,2,0,21,0,9382.0,8900.0,894.0,30,16,0,0,0,0,2,0,3078.368433639346,0,2025
2025-04-16 22:00:00,7941,2,0,22,0,9643.0,9537.0,2093.0,30,16,0,0,0,0,2,0,3078.5117254474385,0,2025
2025-04-16 23:00:00,5342,2,0,23,0,8158.0,9762.0,4282.0,30,16,0,0,0,0,2,0,3078.3778445459875,0,2025
2025-04-17 00:00:00,2360,2,0,0,0,5569.0,10332.0,6112.0,30,17,0,0,0,0,3,0,3077.7734005972256,0,2025
2025-04-17 01:00:00,1098,2,0,1,0,2437.0,11356.0,6355.0,30,17,0,0,0,0,3,0,3077.6923072198024,0,2025
2025-04-17 02:00:00,589,2,0,2,0,1150.0,11470.0,6182.0,30,17,0,0,0,0,3,0,3078.17363487214,0,2025
2025-04-17 03:00:00,504,2,0,3,0,578.0,10187.0,6693.0,30,17,0,0,0,0,3,0,3078.937854756802,0,2025
2025-04-17 04:00:00,564,2,0,4,0,514.0,9382.0,7165.0,30,17,0,0,0,0,3,0,3079.7508354360166,0,2025
2025-04-17 05:00:00,1127,2,0,5,0,362.0,9643.0,7443.0,30,17,0,0,0,0,3,0,3080.526060200691,0,2025
2025-04-17 06:00:00,2200,2,0,6,0,778.0,8158.0,7925.0,30,17,0,0,0,0,3,0,3080.9861985627945,0,2025
2025-04-17 07:00:00,4137,2,0,7,0,1731.0,5569.0,8020.0,30,17,0,0,0,0,3,0,3080.9602842902336,0,2025
2025-04-17 08:00:00,5672,2,0,8,0,3945.0,2437.0,8525.0,30,17,0,0,0,0,3,0,3080.430071798058,0,2025
2025-04-17 09:00:00,6063,2,0,9,0,5306.0,1150.0,9879.0,30,17,0,0,0,0,3,0,3079.8398676166303,0,2025
2025-04-17 10:00:00,6107,2,0,10,0,6120.0,578.0,9941.0,30,17,0,0,0,0,3,0,3079.282525083838,0,2025
2025-04-17 11:00:00,6386,2,0,11,0,6856.0,514.0,8490.0,30,17,0,0,0,0,3,0,3078.7303561031467,0,2025
2025-04-17 12:00:00,6814,2,0,12,0,7517.0,362.0,7867.0,30,17,0,0,0,0,3,0,3078.215092809656,0,2025
2025-04-17 13:00:00,7227,2,0,13,0,8047.0,778.0,8646.0,30,17,0,0,0,0,3,0,3077.775429708572,0,2025
2025-04-17 14:00:00,7683,2,0,14,0,8517.0,1731.0,7941.0,30,17,0,0,0,0,3,0,3077.4306398820104,0,2025
2025-04-17 15:00:00,8166,2,0,15,0,9395.0,3945.0,5342.0,30,17,0,0,0,0,3,0,3077.21554408791,0,2025
2025-04-17 16:00:00,8248,2,0,16,0,9934.0,5306.0,2360.0,30,17,0,0,0,0,3,0,3077.166318655545,0,2025
2025-04-17 17:00:00,9709,2,0,17,0,10081.0,6120.0,1098.0,30,17,0,0,0,0,3,0,3077.1478014627223,0,2025
2025-04-17 18:00:00,10583,2,0,18,0,10906.0,6856.0,589.0,30,17,0,0,0,0,3,0,3077.825443718877,0,2025
2025-04-17 19:00:00,8391,2,0,19,0,11647.0,7517.0,504.0,30,17,0,0,0,0,3,0,3079.04691201503,0,2025
2025-04-17 20:00:00,7783,2,0,20,0,9936.0,8047.0,564.0,30,17,0,0,0,0,3,0,3079.081853927048,0,2025
2025-04-17 21:00:00,8542,2,0,21,0,9332.0,8517.0,1127.0,30,17,0,0,0,0,3,0,3078.895886517761,0,2025
2025-04-17 22:00:00,8785,2,0,22,0,10384.0,9395.0,2200.0,30,17,0,0,0,0,3,0,3078.991914522869,0,2025
2025-04-17 23:00:00,6784,2,0,23,0,9270.0,9934.0,4137.0,30,17,0,0,0,0,3,0,3079.19298518761,0,2025
2025-04-18 00:00:00,4310,2,0,0,0,6303.0,10081.0,5672.0,30,18,0,0,0,0,4,0,3078.7462901544054,0,2025
2025-04-18 01:00:00,2297,2,0,1,0,4029.0,10906.0,6063.0,30,18,0,0,0,0,4,0,3078.2001368774154,0,2025
2025-04-18 02:00:00,1432,2,0,2,0,2481.0,11647.0,6107.0,30,18,0,0,0,0,4,0,3078.144072278431,0,2025
2025-04-18 03:00:00,1024,2,0,3,0,1406.0,9936.0,6386.0,30,18,0,0,0,0,4,0,3078.455145238192,0,2025
2025-04-18 04:00:00,1001,2,0,4,0,1023.0,9332.0,6814.0,30,18,0,0,0,0,4,0,3078.9712039428564,0,2025
2025-04-18 05:00:00,1167,2,0,5,0,665.0,10384.0,7227.0,30,18,0,0,0,0,4,0,3079.498133855947,0,2025
2025-04-18 06:00:00,1682,2,0,6,0,760.0,9270.0,7683.0,30,18,0,0,0,0,4,0,3079.937038967972,0,2025
2025-04-18 07:00:00,2432,2,0,7,0,1223.0,6303.0,8166.0,30,18,0,0,0,0,4,0,3080.12824659138,0,2025
2025-04-18 08:00:00,3730,2,0,8,0,2242.0,4029.0,8248.0,30,18,0,0,0,0,4,0,3080.019762826081,0,2025
2025-04-18 09:00:00,4742,2,0,9,0,3600.0,2481.0,9709.0,30,18,0,0,0,0,4,0,3079.5614302864237,0,2025
2025-04-18 10:00:00,5521,2,0,10,0,5110.0,1406.0,10583.0,30,18,0,0,0,0,4,0,3078.9781178983385,0,2025
2025-04-18 11:00:00,6283,2,0,11,0,6328.0,1023.0,8391.0,30,18,0,0,0,0,4,0,3078.386696271744,0,2025
2025-04-18 12:00:00,6711,2,0,12,0,7302.0,665.0,7783.0,30,18,0,0,0,0,4,0,3077.861286839861,0,2025
2025-04-18 13:00:00,6951,2,0,13,0,7701.0,760.0,8542.0,30,18,0,0,0,0,4,0,3077.4050572368933,0,2025
2025-04-18 14:00:00,7843,2,0,14,0,7929.0,1223.0,8785.0,30,18,0,0,0,0,4,0,3076.997712500772,0,2025
2025-04-18 15:00:00,8004,2,0,15,0,9507.0,2242.0,6784.0,30,18,0,0,0,0,4,0,3076.8349116233458,0,2025
2025-04-18 16:00:00,8186,2,0,16,0,9848.0,3600.0,4310.0,30,18,0,0,0,0,4,0,3076.7266355356755,0,2025
2025-04-18 17:00:00,8441,2,0,17,0,10280.0,5110.0,2297.0,30,18,0,0,0,0,4,0,3076.683822268329,0,2025
2025-04-18 18:00:00,8398,2,0,18,0,10355.0,6328.0,1432.0,30,18,0,0,0,0,4,0,3076.739679621338,0,2025
2025-04-18 19:00:00,7466,2,0,19,0,10499.0,7302.0,1024.0,30,18,0,0,0,0,4,0,3076.777725660944,0,2025
2025-04-18 20:00:00,6614,2,0,20,0,9162.0,7701.0,1001.0,30,18,0,0,0,0,4,0,3076.498398958439,0,2025
2025-04-18 21:00:00,6776,2,0,21,0,8517.0,7929.0,1167.0,30,18,0,0,0,0,4,0,3076.024943698263,0,2025
2025-04-18 22:00:00,7336,2,0,22,0,8936.0,9507.0,1682.0,30,18,0,0,0,0,4,0,3075.581554862177,0,2025
2025-04-18 23:00:00,7234,2,0,23,0,8998.0,9848.0,2432.0,30,18,0,0,0,0,4,0,3075.2668740518525,0,2025
2025-04-19 00:00:00,6573,2,0,0,0,7484.0,10280.0,3730.0,30,19,0,0,0,0,5,0,3074.925861771469,0,2025
2025-04-19 01:00:00,4916,2,0,1,0,6235.0,10355.0,4742.0,30,19,0,0,0,0,5,0,3074.446009210625,0,2025
2025-04-19 02:00:00,3279,2,0,2,0,4752.0,10499.0,5521.0,30,19,0,0,0,0,5,0,3073.8592642957806,0,2025
2025-04-19 03:00:00,2330,2,0,3,0,3211.0,9162.0,6283.0,30,19,0,0,0,0,5,0,3073.50510056098,0,2025
2025-04-19 04:00:00,1356,2,0,4,0,2216.0,8517.0,6711.0,30,19,0,0,0,0,5,0,3073.439285166227,0,2025
2025-04-19 05:00:00,676,2,0,5,0,1104.0,8936.0,6951.0,30,19,0,0,0,0,5,0,3073.7860562131027,0,2025
2025-04-19 06:00:00,1013,2,0,6,0,529.0,8998.0,7843.0,30,19,0,0,0,0,5,0,3074.490197883117,0,2025
2025-04-19 07:00:00,1445,2,0,7,0,785.0,7484.0,8004.0,30,19,0,0,0,0,5,0,3075.007977901622,0,2025
2025-04-19 08:00:00,2389,2,0,8,0,1362.0,6235.0,8186.0,30,19,0,0,0,0,5,0,3075.308677486092,0,2025
2025-04-19 09:00:00,3809,2,0,9,0,2436.0,4752.0,8441.0,30,19,0,0,0,0,5,0,3075.2185392011,0,2025
2025-04-19 10:00:00,5130,2,0,10,0,4049.0,3211.0,8398.0,30,19,0,0,0,0,5,0,3074.751700390246,0,2025
2025-04-19 11:00:00,6006,2,0,11,0,5986.0,2216.0,7466.0,30,19,0,0,0,0,5,0,3074.1612966797184,0,2025
2025-04-19 12:00:00,6800,2,0,12,0,6897.0,1104.0,6614.0,30,19,0,0,0,0,5,0,3073.609414797444,0,2025
2025-04-19 13:00:00,7520,2,0,13,0,8088.0,529.0,6776.0,30,19,0,0,0,0,5,0,3073.175215075231,0,2025
2025-04-19 14:00:00,7703,2,0,14,0,8992.0,785.0,7336.0,30,19,0,0,0,0,5,0,3072.915592634336,0,2025
2025-04-19 15:00:00,7968,2,0,15,0,9527.0,1362.0,7234.0,30,19,0,0,0,0,5,0,3072.710506701206,0,2025
2025-04-19 16:00:00,8483,2,0,16,0,9841.0,2436.0,6573.0,30,19,0,0,0,0,5,0,3072.591702697852,0,2025
2025-04-19 17:00:00,8797,2,0,17,0,10538.0,4049.0,4916.0,30,19,0,0,0,0,5,0,3072.665520264737,0,2025
2025-04-19 18:00:00,8645,2,0,18,0,10954.0,5986.0,3279.0,30,19,0,0,0,0,5,0,3072.8725073553173,0,2025
2025-04-19 19:00:00,7989,2,0,19,0,10269.0,6897.0,2330.0,30,19,0,0,0,0,5,0,3073.012495675741,0,2025
2025-04-19 20:00:00,6826,2,0,20,0,9698.0,8088.0,1356.0,30,19,0,0,0,0,5,0,3072.899266582688,0,2025
2025-04-19 21:00:00,7568,2,0,21,0,8266.0,8992.0,676.0,30,19,0,0,0,0,5,0,3072.470037216177,0,2025
2025-04-19 22:00:00,8159,2,0,22,0,9218.0,9527.0,1013.0,30,19,0,0,0,0,5,0,3072.2228346191387,0,2025
2025-04-19 23:00:00,8669,2,0,23,0,9249.0,9841.0,1445.0,30,19,0,0,0,0,5,0,3072.1693213943,0,2025
2025-04-20 00:00:00,7336,2,0,0,0,8104.0,10538.0,2389.0,30,20,0,0,0,0,6,0,3072.317452138316,0,2025
2025-04-20 01:00:00,5207,2,0,1,0,6183.0,10954.0,3809.0,30,20,0,0,0,0,6,0,3072.005543857802,0,2025
2025-04-20 02:00:00,4261,2,0,2,0,4545.0,10269.0,5130.0,30,20,0,0,0,0,6,0,3071.4185961123003,0,2025
2025-04-20 03:00:00,2944,2,0,3,0,3485.0,9698.0,6006.0,30,20,0,0,0,0,6,0,3070.890639755188,0,2025
2025-04-20 04:00:00,1913,2,0,4,0,2235.0,8266.0,6800.0,30,20,0,0,0,0,6,0,3070.62976534602,0,2025
2025-04-20 05:00:00,990,2,0,5,0,1320.0,9218.0,7520.0,30,20,0,0,0,0,6,0,3070.72789597778,0,2025
2025-04-20 06:00:00,1221,2,0,6,0,709.0,9249.0,7703.0,30,20,0,0,0,0,6,0,3071.258559339837,0,2025
2025-04-20 07:00:00,1507,2,0,7,0,1006.0,8104.0,7968.0,30,20,0,0,0,0,6,0,3071.669667278942,0,2025
2025-04-20 08:00:00,2517,2,0,8,0,1433.0,6183.0,8483.0,30,20,0,0,0,0,6,0,3071.9425892246777,0,2025
2025-04-20 09:00:00,3921,2,0,9,0,2763.0,4545.0,8797.0,30,20,0,0,0,0,6,0,3071.812130793144,0,2025
2025-04-20 10:00:00,5592,2,0,10,0,4077.0,3485.0,8645.0,30,20,0,0,0,0,6,0,3071.332314213076,0,2025
2025-04-20 11:00:00,6049,2,0,11,0,6032.0,2235.0,7989.0,30,20,0,0,0,0,6,0,3070.7558565017425,0,2025
2025-04-20 12:00:00,6430,2,0,12,0,6733.0,1320.0,6826.0,30,20,0,0,0,0,6,0,3070.2134974132955,0,2025
2025-04-20 13:00:00,7389,2,0,13,0,7244.0,709.0,7568.0,30,20,0,0,0,0,6,0,3069.7193411141047,0,2025
2025-04-20 14:00:00,7587,2,0,14,0,7901.0,1006.0,8159.0,30,20,0,0,0,0,6,0,3069.425535687843,0,2025
2025-04-20 15:00:00,6553,2,0,15,0,8470.0,1433.0,8669.0,30,20,0,0,0,0,6,0,3069.187174866356,0,2025
2025-04-20 16:00:00,6406,2,0,16,0,7978.0,2763.0,7336.0,30,20,0,0,0,0,6,0,3068.7127437103154,0,2025
2025-04-20 17:00:00,6290,2,0,17,0,8110.0,4077.0,5207.0,30,20,0,0,0,0,6,0,3068.2157301117536,0,2025
2025-04-20 18:00:00,5991,2,0,18,0,8093.0,6032.0,4261.0,30,20,0,0,0,0,6,0,3067.702864777595,0,2025
2025-04-20 19:00:00,5844,2,0,19,0,7490.0,6733.0,2944.0,30,20,0,0,0,0,6,0,3067.1564935080987,0,2025
2025-04-20 20:00:00,6147,2,0,20,0,7257.0,7244.0,1913.0,30,20,0,0,0,0,6,0,3066.59788003066,0,2025
2025-04-20 21:00:00,5916,2,0,21,0,6985.0,7901.0,990.0,30,20,0,0,0,0,6,0,3066.0683121634,0,2025
2025-04-20 22:00:00,4507,2,0,22,0,6398.0,8470.0,1221.0,30,20,0,0,0,0,6,0,3065.5160895633367,0,2025
2025-04-20 23:00:00,2986,2,0,23,0,4568.0,7978.0,1507.0,30,20,0,0,0,0,6,0,3064.96724477632,0,2025
2025-04-21 00:00:00,1811,2,0,0,0,2833.0,8110.0,2517.0,30,21,0,0,0,0,0,0,3064.6973863247526,0,2025
2025-04-21 01:00:00,748,2,0,1,0,1555.0,8093.0,3921.0,30,21,0,0,0,0,0,0,3064.838254003256,0,2025
2025-04-21 02:00:00,387,2,0,2,0,699.0,7490.0,5592.0,30,21,0,0,0,0,0,0,3065.496585771498,0,2025
2025-04-21 03:00:00,346,2,0,3,0,334.0,7257.0,6049.0,30,21,0,0,0,0,0,0,3066.3608142042576,0,2025
2025-04-21 04:00:00,509,2,0,4,0,296.0,6985.0,6430.0,30,21,0,0,0,0,0,0,3067.247607689644,0,2025
2025-04-21 05:00:00,951,2,0,5,0,404.0,6398.0,7389.0,30,21,0,0,0,0,0,0,3068.0360756614205,0,2025
2025-04-21 06:00:00,2029,2,0,6,0,728.0,4568.0,7587.0,30,21,0,0,0,0,0,0,3068.578319487771,0,2025
2025-04-21 07:00:00,4195,2,0,7,0,1667.0,2833.0,6553.0,30,21,0,0,0,0,0,0,3068.6244872808006,0,2025
2025-04-21 08:00:00,5484,2,0,8,0,3677.0,1555.0,6406.0,30,21,0,0,0,0,0,0,3068.1090468364782,0,2025
2025-04-21 09:00:00,5349,2,0,9,0,4934.0,699.0,6290.0,30,21,0,0,0,0,0,0,3067.534072292861,0,2025
2025-04-21 10:00:00,5332,2,0,10,0,5635.0,334.0,5991.0,30,21,0,0,0,0,0,0,3066.95609899092,0,2025
2025-04-21 11:00:00,5299,2,0,11,0,6126.0,296.0,5844.0,30,21,0,0,0,0,0,0,3066.3781930749324,0,2025
2025-04-21 12:00:00,5906,2,0,12,0,6221.0,404.0,6147.0,30,21,0,0,0,0,0,0,3065.800212330136,0,2025
2025-04-21 13:00:00,6119,2,0,13,0,7091.0,728.0,5916.0,30,21,0,0,0,0,0,0,3065.2513601325977,0,2025
2025-04-21 14:00:00,6814,2,0,14,0,7311.0,1667.0,4507.0,30,21,0,0,0,0,0,0,3064.7236361002456,0,2025
2025-04-21 15:00:00,7220,2,0,15,0,8201.0,3677.0,2986.0,30,21,0,0,0,0,0,0,3064.3029023249637,0,2025
2025-04-21 16:00:00,7308,2,0,16,0,8729.0,4934.0,1811.0,30,21,0,0,0,0,0,0,3063.972071226839,0,2025
2025-04-21 17:00:00,8076,2,0,17,0,8721.0,5635.0,748.0,30,21,0,0,0,0,0,0,3063.663380399069,0,2025
2025-04-21 18:00:00,8155,2,0,18,0,9432.0,6126.0,387.0,30,21,0,0,0,0,0,0,3063.5879006909145,0,2025
2025-04-21 19:00:00,6459,2,0,19,0,9331.0,6221.0,346.0,30,21,0,0,0,0,0,0,3063.540175657871,0,2025
2025-04-21 20:00:00,5622,2,0,20,0,7729.0,7091.0,509.0,30,21,0,0,0,0,0,0,3063.0580217181555,0,2025
2025-04-21 21:00:00,5433,2,0,21,0,6659.0,7311.0,951.0,30,21,0,0,0,0,0,0,3062.492020540556,0,2025
2025-04-21 22:00:00,5448,2,0,22,0,6303.0,8201.0,2029.0,30,21,0,0,0,0,0,0,3061.9192530136584,0,2025
2025-04-21 23:00:00,2881,2,0,23,0,6173.0,8729.0,4195.0,30,21,0,0,0,0,0,0,3061.347208293364,0,2025
2025-04-22 00:00:00,1445,2,0,0,0,2925.0,8721.0,5484.0,30,22,0,0,0,0,1,0,3061.108492377468,0,2025
2025-04-22 01:00:00,631,2,0,1,0,1474.0,9432.0,5349.0,30,22,0,0,0,0,1,0,3061.4080497143104,0,2025
2025-04-22 02:00:00,315,2,0,2,0,631.0,9331.0,5332.0,30,22,0,0,0,0,1,0,3062.12371995425,0,2025
2025-04-22 03:00:00,227,2,0,3,0,276.0,7729.0,5299.0,30,22,0,0,0,0,1,0,3063.021285717341,0,2025
2025-04-22 04:00:00,351,2,0,4,0,194.0,6659.0,5906.0,30,22,0,0,0,0,1,0,3063.970051719418,0,2025
2025-04-22 05:00:00,842,2,0,5,0,277.0,6303.0,6119.0,30,22,0,0,0,0,1,0,3064.8420074300684,0,2025
2025-04-22 06:00:00,2248,2,0,6,0,708.0,6173.0,6814.0,30,22,0,0,0,0,1,0,3065.435061532781,0,2025
2025-04-22 07:00:00,4638,2,0,7,0,1883.0,2925.0,7220.0,30,22,0,0,0,0,1,0,3065.3971910773694,0,2025
2025-04-22 08:00:00,6359,2,0,8,0,4057.0,1474.0,7308.0,30,22,0,0,0,0,1,0,3064.8432872567964,0,2025
2025-04-22 09:00:00,6181,2,0,9,0,5537.0,631.0,8076.0,30,22,0,0,0,0,1,0,3064.350336133323,0,2025
2025-04-22 10:00:00,5964,2,0,10,0,6198.0,276.0,8155.0,30,22,0,0,0,0,1,0,3063.83458975386,0,2025
2025-04-22 11:00:00,6005,2,0,11,0,6716.0,194.0,6459.0,30,22,0,0,0,0,1,0,3063.2962754001446,0,2025
2025-04-22 12:00:00,6489,2,0,12,0,6859.0,277.0,5622.0,30,22,0,0,0,0,1,0,3062.762113038001,0,2025
2025-04-22 13:00:00,6872,2,0,13,0,7544.0,708.0,5433.0,30,22,0,0,0,0,1,0,3062.289383005155,0,2025
2025-04-22 14:00:00,7359,2,0,14,0,8003.0,1883.0,5448.0,30,22,0,0,0,0,1,0,3061.885466726529,0,2025
2025-04-22 15:00:00,7682,2,0,15,0,8623.0,4057.0,2881.0,30,22,0,0,0,0,1,0,3061.594679488146,0,2025
2025-04-22 16:00:00,8044,2,0,16,0,9222.0,5537.0,1445.0,30,22,0,0,0,0,1,0,3061.3947123706125,0,2025
2025-04-22 17:00:00,9135,2,0,17,0,9510.0,6198.0,631.0,30,22,0,0,0,0,1,0,3061.3114443581653,0,2025
2025-04-22 18:00:00,9455,2,0,18,0,10302.0,6716.0,315.0,30,22,0,0,0,0,1,0,3061.6762443490666,0,2025
2025-04-22 19:00:00,7469,2,0,19,0,10713.0,6859.0,227.0,30,22,0,0,0,0,1,0,3062.198887840473,0,2025
2025-04-22 20:00:00,7635,2,0,20,0,8625.0,7544.0,351.0,30,22,0,0,0,0,1,0,3061.9364293124054,0,2025
2025-04-22 21:00:00,8416,2,0,21,0,8718.0,8003.0,842.0,30,22,0,0,0,0,1,0,3061.721025603387,0,2025
2025-04-22 22:00:00,7070,2,0,22,0,8907.0,8623.0,2248.0,30,22,0,0,0,0,1,0,3061.7719579405684,0,2025
2025-04-22 23:00:00,4011,2,0,23,0,7085.0,9222.0,4638.0,30,22,0,0,0,0,1,0,3061.409756253444,0,2025
2025-04-23 00:00:00,1834,2,0,0,0,4242.0,9510.0,6359.0,30,23,0,0,0,0,2,0,3060.929114684643,0,2025
2025-04-23 01:00:00,835,2,0,1,0,1863.0,10302.0,6181.0,30,23,0,0,0,0,2,0,3061.0567361229746,0,2025
2025-04-23 02:00:00,426,2,0,2,0,857.0,10713.0,5964.0,30,23,0,0,0,0,2,0,3061.655085305088,0,2025
2025-04-23 03:00:00,306,2,0,3,0,391.0,8625.0,6005.0,30,23,0,0,0,0,2,0,3062.4797071426337,0,2025
2025-04-23 04:00:00,387,2,0,4,0,260.0,8718.0,6489.0,30,23,0,0,0,0,2,0,3063.3730440357795,0,2025
2025-04-23 05:00:00,912,2,0,5,0,292.0,8907.0,6872.0,30,23,0,0,0,0,2,0,3064.216585831888,0,2025
2025-04-23 06:00:00,2243,2,0,6,0,734.0,7085.0,7359.0,30,23,0,0,0,0,2,0,3064.76805914883,0,2025
2025-04-23 07:00:00,5288,2,0,7,0,1811.0,4242.0,7682.0,30,23,0,0,0,0,2,0,3064.732651227964,0,2025
2025-04-23 08:00:00,6698,2,0,8,0,4454.0,1863.0,8044.0,30,23,0,0,0,0,2,0,3064.164367876427,0,2025
2025-04-23 09:00:00,6486,2,0,9,0,5652.0,857.0,9135.0,30,23,0,0,0,0,2,0,3063.7299611584854,0,2025
2025-04-23 10:00:00,6089,2,0,10,0,6427.0,391.0,9455.0,30,23,0,0,0,0,2,0,3063.2602883436552,0,2025
2025-04-23 11:00:00,6489,2,0,11,0,6664.0,260.0,7469.0,30,23,0,0,0,0,2,0,3062.7391359642825,0,2025
2025-04-23 12:00:00,6830,2,0,12,0,7388.0,292.0,7635.0,30,23,0,0,0,0,2,0,3062.2703665281474,0,2025
2025-04-23 13:00:00,6920,2,0,13,0,7880.0,734.0,8416.0,30,23,0,0,0,0,2,0,3061.861478758508,0,2025
2025-04-23 14:00:00,7547,2,0,14,0,8047.0,1811.0,7070.0,30,23,0,0,0,0,2,0,3061.4708073915644,0,2025
2025-04-23 15:00:00,7824,2,0,15,0,8635.0,4454.0,4011.0,30,23,0,0,0,0,2,0,3061.233323281909,0,2025
2025-04-23 16:00:00,8419,2,0,16,0,9129.0,5652.0,1834.0,30,23,0,0,0,0,2,0,3061.078456414333,0,2025
2025-04-23 17:00:00,9974,2,0,17,0,9911.0,6427.0,835.0,30,23,0,0,0,0,2,0,3061.1322360717463,0,2025
2025-04-23 18:00:00,10139,2,0,18,0,11301.0,6664.0,426.0,30,23,0,0,0,0,2,0,3061.932576058306,0,2025
2025-04-23 19:00:00,8392,2,0,19,0,11240.0,7388.0,306.0,30,23,0,0,0,0,2,0,3062.827396207236,0,2025
2025-04-23 20:00:00,8518,2,0,20,0,9752.0,7880.0,387.0,30,23,0,0,0,0,2,0,3062.868232804532,0,2025
2025-04-23 21:00:00,9680,2,0,21,0,9803.0,8047.0,912.0,30,23,0,0,0,0,2,0,3062.9576982887884,0,2025
2025-04-23 22:00:00,8780,2,0,22,0,10036.0,8635.0,2243.0,30,23,0,0,0,0,2,0,3063.589238061112,0,2025
2025-04-23 23:00:00,4827,2,0,23,0,8543.0,9129.0,5288.0,30,23,0,0,0,0,2,0,3063.7852543883964,0,2025
2025-04-24 00:00:00,2363,2,0,0,0,5001.0,9911.0,6698.0,30,24,0,0,0,0,3,0,3063.229685557148,0,2025
2025-04-24 01:00:00,1078,2,0,1,0,2445.0,11301.0,6486.0,30,24,0,0,0,0,3,0,3063.1577974445136,0,2025
2025-04-24 02:00:00,576,2,0,2,0,1122.0,11240.0,6089.0,30,24,0,0,0,0,3,0,3063.627113928553,0,2025
2025-04-24 03:00:00,395,2,0,3,0,607.0,9752.0,6489.0,30,24,0,0,0,0,3,0,3064.360485728046,0,2025
2025-04-24 04:00:00,549,2,0,4,0,362.0,9803.0,6830.0,30,24,0,0,0,0,3,0,3065.1951431862717,0,2025
2025-04-24 05:00:00,1080,2,0,5,0,364.0,10036.0,6920.0,30,24,0,0,0,0,3,0,3065.9401716246443,0,2025
2025-04-24 06:00:00,2571,2,0,6,0,713.0,8543.0,7547.0,30,24,0,0,0,0,3,0,3066.4030084573315,0,2025
2025-04-24 07:00:00,5221,2,0,7,0,1908.0,5001.0,7824.0,30,24,0,0,0,0,3,0,3066.258416017998,0,2025
2025-04-24 08:00:00,6950,2,0,8,0,4284.0,2445.0,8419.0,30,24,0,0,0,0,3,0,3065.694508664684,0,2025
2025-04-24 09:00:00,6548,2,0,9,0,5823.0,1122.0,9974.0,30,24,0,0,0,0,3,0,3065.311393420116,0,2025
2025-04-24 10:00:00,6396,2,0,10,0,6596.0,607.0,10139.0,30,24,0,0,0,0,3,0,3064.854486799082,0,2025
2025-04-24 11:00:00,6767,2,0,11,0,7146.0,362.0,8392.0,30,24,0,0,0,0,3,0,3064.3748906225687,0,2025
2025-04-24 12:00:00,7114,2,0,12,0,7683.0,364.0,8518.0,30,24,0,0,0,0,3,0,3063.956189569504,0,2025
2025-04-24 13:00:00,7411,2,0,13,0,8403.0,713.0,9680.0,30,24,0,0,0,0,3,0,3063.609270963861,0,2025
2025-04-24 14:00:00,8111,2,0,14,0,8680.0,1908.0,8780.0,30,24,0,0,0,0,3,0,3063.3351357239144,0,2025
2025-04-24 15:00:00,8657,2,0,15,0,9471.0,4284.0,4827.0,30,24,0,0,0,0,3,0,3063.274025365693,0,2025
2025-04-24 16:00:00,8924,2,0,16,0,10123.0,5823.0,2363.0,30,24,0,0,0,0,3,0,3063.419344395149,0,2025
2025-04-24 17:00:00,10643,2,0,17,0,10417.0,6596.0,1078.0,30,24,0,0,0,0,3,0,3063.6780309026185,0,2025
2025-04-24 18:00:00,11555,2,0,18,0,11275.0,7146.0,576.0,30,24,0,0,0,0,3,0,3064.873157957192,0,2025
2025-04-24 19:00:00,9188,2,0,19,0,11877.0,7683.0,395.0,30,24,0,0,0,0,3,0,3066.705454605189,0,2025
2025-04-24 20:00:00,8728,2,0,20,0,10513.0,8403.0,549.0,30,24,0,0,0,0,3,0,3067.080534070933,0,2025
2025-04-24 21:00:00,9774,2,0,21,0,10120.0,8680.0,1080.0,30,24,0,0,0,0,3,0,3067.249930842408,0,2025
2025-04-24 22:00:00,10284,2,0,22,0,11066.0,9471.0,2571.0,30,24,0,0,0,0,3,0,3067.920242425853,0,2025
2025-04-24 23:00:00,7504,2,0,23,0,9983.0,10123.0,5221.0,30,24,0,0,0,0,3,0,3068.8805748020395,0,2025
2025-04-25 00:00:00,3933,2,0,0,0,7077.0,10417.0,6950.0,30,25,0,0,0,0,4,0,3068.6267173750366,0,2025
2025-04-25 01:00:00,2117,2,0,1,0,3932.0,11275.0,6548.0,30,25,0,0,0,0,4,0,3068.1665926616183,0,2025
2025-04-25 02:00:00,1309,2,0,2,0,2167.0,11877.0,6396.0,30,25,0,0,0,0,4,0,3068.184027893364,0,2025
2025-04-25 03:00:00,841,2,0,3,0,1372.0,10513.0,6767.0,30,25,0,0,0,0,4,0,3068.539346349812,0,2025
2025-04-25 04:00:00,823,2,0,4,0,855.0,10120.0,7114.0,30,25,0,0,0,0,4,0,3069.124968008686,0,2025
2025-04-25 05:00:00,1369,2,0,5,0,592.0,11066.0,7411.0,30,25,0,0,0,0,4,0,3069.7186213552136,0,2025
2025-04-25 06:00:00,2326,2,0,6,0,923.0,9983.0,8111.0,30,25,0,0,0,0,4,0,3070.0429384843987,0,2025
2025-04-25 07:00:00,4530,2,0,7,0,1699.0,7077.0,8657.0,30,25,0,0,0,0,4,0,3069.982425839182,0,2025
2025-04-25 08:00:00,5728,2,0,8,0,3616.0,3932.0,8924.0,30,25,0,0,0,0,4,0,3069.4514336569628,0,2025
2025-04-25 09:00:00,5637,2,0,9,0,5015.0,2167.0,10643.0,30,25,0,0,0,0,4,0,3068.9071215325544,0,2025
2025-04-25 10:00:00,5693,2,0,10,0,5834.0,1372.0,11555.0,30,25,0,0,0,0,4,0,3068.3581550532986,0,2025
2025-04-25 11:00:00,6124,2,0,11,0,6485.0,855.0,9188.0,30,25,0,0,0,0,4,0,3067.812407261921,0,2025
2025-04-25 12:00:00,6786,2,0,12,0,7005.0,592.0,8728.0,30,25,0,0,0,0,4,0,3067.3018952110915,0,2025
2025-04-25 13:00:00,7252,2,0,13,0,7588.0,923.0,9774.0,30,25,0,0,0,0,4,0,3066.8881838756192,0,2025
2025-04-25 14:00:00,8456,2,0,14,0,8100.0,1699.0,10284.0,30,25,0,0,0,0,4,0,3066.5736934564684,0,2025
2025-04-25 15:00:00,8638,2,0,15,0,9218.0,3616.0,7504.0,30,25,0,0,0,0,4,0,3066.634200309202,0,2025
2025-04-25 16:00:00,8879,2,0,16,0,9364.0,5015.0,3933.0,30,25,0,0,0,0,4,0,3066.765788983959,0,2025
2025-04-25 17:00:00,9876,2,0,17,0,9911.0,5834.0,2117.0,30,25,0,0,0,0,4,0,3066.997515712754,0,2025
2025-04-25 18:00:00,11151,2,0,18,0,10953.0,6485.0,1309.0,30,25,0,0,0,0,4,0,3067.7179109305007,0,2025
2025-04-25 19:00:00,9849,2,0,19,0,12202.0,7005.0,841.0,30,25,0,0,0,0,4,0,3069.233139476772,0,2025
2025-04-25 20:00:00,8052,2,0,20,0,10792.0,7588.0,823.0,30,25,0,0,0,0,4,0,3069.934802452699,0,2025
2025-04-25 21:00:00,8765,2,0,21,0,9488.0,8100.0,1369.0,30,25,0,0,0,0,4,0,3069.846310619666,0,2025
2025-04-25 22:00:00,9370,2,0,22,0,10871.0,9218.0,2326.0,30,25,0,0,0,0,4,0,3070.024618269998,0,2025
2025-04-25 23:00:00,10085,2,0,23,0,10527.0,9364.0,4530.0,30,25,0,0,0,0,4,0,3070.475735170926,0,2025
2025-04-26 00:00:00,8875,2,0,0,0,9047.0,9911.0,5728.0,30,26,0,0,0,0,5,0,3071.304282455043,0,2025
2025-04-26 01:00:00,7042,2,0,1,0,7516.0,10953.0,5637.0,30,26,0,0,0,0,5,0,3071.526316172449,0,2025
2025-04-26 02:00:00,5420,2,0,2,0,6081.0,12202.0,5693.0,30,26,0,0,0,0,5,0,3071.160838076128,0,2025
2025-04-26 03:00:00,3546,2,0,3,0,4825.0,10792.0,6124.0,30,26,0,0,0,0,5,0,3070.606656862388,0,2025
2025-04-26 04:00:00,2007,2,0,4,0,2661.0,9488.0,6786.0,30,26,0,0,0,0,5,0,3070.220736551975,0,2025
2025-04-26 05:00:00,928,2,0,5,0,1422.0,10871.0,7252.0,30,26,0,0,0,0,5,0,3070.2820902450253,0,2025
2025-04-26 06:00:00,1257,2,0,6,0,602.0,10527.0,8456.0,30,26,0,0,0,0,5,0,3070.822445603253,0,2025
2025-04-26 07:00:00,1780,2,0,7,0,943.0,9047.0,8638.0,30,26,0,0,0,0,5,0,3071.2009495155503,0,2025
2025-04-26 08:00:00,3108,2,0,8,0,1645.0,7516.0,8879.0,30,26,0,0,0,0,5,0,3071.349601327909,0,2025
2025-04-26 09:00:00,4482,2,0,9,0,2942.0,6081.0,9876.0,30,26,0,0,0,0,5,0,3071.061407177097,0,2025
2025-04-26 10:00:00,5563,2,0,10,0,4614.0,4825.0,11151.0,30,26,0,0,0,0,5,0,3070.540302165404,0,2025
2025-04-26 11:00:00,6314,2,0,11,0,6471.0,2661.0,9849.0,30,26,0,0,0,0,5,0,3069.992269071814,0,2025
2025-04-26 12:00:00,7210,2,0,12,0,7841.0,1422.0,8052.0,30,26,0,0,0,0,5,0,3069.5064811553707,0,2025
2025-04-26 13:00:00,7887,2,0,13,0,9195.0,602.0,8765.0,30,26,0,0,0,0,5,0,3069.181470773191,0,2025
2025-04-26 14:00:00,7578,2,0,14,0,10106.0,943.0,9370.0,30,26,0,0,0,0,5,0,3069.040256844114,0,2025
2025-04-26 15:00:00,7888,2,0,15,0,9076.0,1645.0,10085.0,30,26,0,0,0,0,5,0,3068.8083538969804,0,2025
2025-04-26 16:00:00,9137,2,0,16,0,9575.0,2942.0,8875.0,30,26,0,0,0,0,5,0,3068.667111009677,0,2025
2025-04-26 17:00:00,8980,2,0,17,0,11129.0,4614.0,7042.0,30,26,0,0,0,0,5,0,3069.005225690027,0,2025
2025-04-26 18:00:00,9249,2,0,18,0,10471.0,6471.0,5420.0,30,26,0,0,0,0,5,0,3069.2721424838905,0,2025
2025-04-26 19:00:00,12954,2,0,19,0,11308.0,7841.0,3546.0,30,26,0,0,0,0,5,0,3069.660332674616,0,2025
2025-04-26 20:00:00,8143,2,0,20,0,12905.0,9195.0,2007.0,30,26,0,0,0,0,5,0,3072.588975747693,0,2025
2025-04-26 21:00:00,8473,2,0,21,0,8636.0,10106.0,928.0,30,26,0,0,0,0,5,0,3072.5269601083583,0,2025
2025-04-26 22:00:00,9704,2,0,22,0,9920.0,9076.0,1257.0,30,26,0,0,0,0,5,0,3072.5827535904878,0,2025
2025-04-26 23:00:00,10981,2,0,23,0,10798.0,9575.0,1780.0,30,26,0,0,0,0,5,0,3073.190653660912,0,2025
2025-04-27 00:00:00,9673,2,0,0,0,9673.0,11129.0,3108.0,30,27,0,0,0,0,6,0,3074.5568245901754,0,2025
2025-04-27 01:00:00,7826,2,0,1,0,7751.0,10471.0,4482.0,30,27,0,0,0,0,6,0,3075.145233439369,0,2025
2025-04-27 02:00:00,5576,2,0,2,0,6273.0,11308.0,5563.0,30,27,0,0,0,0,6,0,3074.978947293597,0,2025
2025-04-27 03:00:00,3546,2,0,3,0,4696.0,12905.0,6314.0,30,27,0,0,0,0,6,0,3074.433018343851,0,2025
2025-04-27 04:00:00,2138,2,0,4,0,2990.0,8636.0,7210.0,30,27,0,0,0,0,6,0,3074.0519796447984,0,2025
2025-04-27 05:00:00,1465,2,0,5,0,1544.0,9920.0,7887.0,30,27,0,0,0,0,6,0,3074.0673944743207,0,2025
2025-04-27 06:00:00,2079,2,0,6,0,883.0,10798.0,7578.0,30,27,0,0,0,0,6,0,3074.3533062549304,0,2025
2025-04-27 07:00:00,2644,2,0,7,0,1275.0,9673.0,7888.0,30,27,0,0,0,0,6,0,3074.3893218289013,0,2025
2025-04-27 08:00:00,3348,2,0,8,0,1877.0,7751.0,9137.0,30,27,0,0,0,0,6,0,3074.2346485098165,0,2025
2025-04-27 09:00:00,5336,2,0,9,0,2813.0,6273.0,8980.0,30,27,0,0,0,0,6,0,3073.894911667629,0,2025
2025-04-27 10:00:00,6781,2,0,10,0,4516.0,4696.0,9249.0,30,27,0,0,0,0,6,0,3073.3450069074343,0,2025
2025-04-27 11:00:00,7851,2,0,11,0,6357.0,2990.0,12954.0,30,27,0,0,0,0,6,0,3072.9314076652186,0,2025
2025-04-27 12:00:00,8523,2,0,12,0,7408.0,1544.0,8143.0,30,27,0,0,0,0,6,0,3072.775185828826,0,2025
2025-04-27 13:00:00,9093,2,0,13,0,8158.0,883.0,8473.0,30,27,0,0,0,0,6,0,3072.8483080203505,0,2025
2025-04-27 14:00:00,9196,2,0,14,0,8953.0,1275.0,9704.0,30,27,0,0,0,0,6,0,3073.156615448384,0,2025
2025-04-27 15:00:00,8300,2,0,15,0,9141.0,1877.0,10981.0,30,27,0,0,0,0,6,0,3073.510638718912,0,2025
2025-04-27 16:00:00,8135,2,0,16,0,8935.0,2813.0,9673.0,30,27,0,0,0,0,6,0,3073.5001227987723,0,2025
2025-04-27 17:00:00,7937,2,0,17,0,9002.0,4516.0,7826.0,30,27,0,0,0,0,6,0,3073.432480012193,0,2025
2025-04-27 18:00:00,7238,2,0,18,0,9059.0,6357.0,5576.0,30,27,0,0,0,0,6,0,3073.300658973297,0,2025
2025-04-27 19:00:00,6162,2,0,19,0,8569.0,7408.0,3546.0,30,27,0,0,0,0,6,0,3072.979641517933,0,2025
2025-04-27 20:00:00,5761,2,0,20,0,7088.0,8158.0,2138.0,30,27,0,0,0,0,6,0,3072.478726254568,0,2025
2025-04-27 21:00:00,5383,2,0,21,0,6432.0,8953.0,1465.0,30,27,0,0,0,0,6,0,3071.945389842409,0,2025
2025-04-27 22:00:00,4579,2,0,22,0,5856.0,9141.0,2079.0,30,27,0,0,0,0,6,0,3071.3986377585748,0,2025
2025-04-27 23:00:00,2939,2,0,23,0,4565.0,8935.0,2644.0,30,27,0,0,0,0,6,0,3070.878185931153,0,2025
2025-04-28 00:00:00,1921,2,0,0,0,2936.0,9002.0,3348.0,30,28,0,0,0,0,0,0,3070.6434297951973,0,2025
2025-04-28 01:00:00,782,2,0,1,0,1721.0,9059.0,5336.0,30,28,0,0,0,0,0,0,3070.7424685406318,0,2025
2025-04-28 02:00:00,455,2,0,2,0,654.0,8569.0,6781.0,30,28,0,0,0,0,0,0,3071.3565178435306,0,2025
2025-04-28 03:00:00,307,2,0,3,0,393.0,7088.0,7851.0,30,28,0,0,0,0,0,0,3072.144788951993,0,2025
2025-04-28 04:00:00,506,2,0,4,0,248.0,6432.0,8523.0,30,28,0,0,0,0,0,0,3073.0148146195847,0,2025
2025-04-28 05:00:00,1059,2,0,5,0,347.0,5856.0,9093.0,30,28,0,0,0,0,0,0,3073.7714397674577,0,2025
2025-04-28 06:00:00,2323,2,0,6,0,821.0,4565.0,9196.0,30,28,0,0,0,0,0,0,3074.2407952349195,0,2025
2025-04-28 07:00:00,4753,2,0,7,0,1859.0,2936.0,8300.0,30,28,0,0,0,0,0,0,3074.189327631856,0,2025
2025-04-28 08:00:00,5968,2,0,8,0,3932.0,1721.0,8135.0,30,28,0,0,0,0,0,0,3073.657414150034,0,2025
2025-04-28 09:00:00,5551,2,0,9,0,5109.0,654.0,7937.0,30,28,0,0,0,0,0,0,3073.1415467935067,0,2025
2025-04-28 10:00:00,5300,2,0,10,0,5557.0,393.0,7238.0,30,28,0,0,0,0,0,0,3072.601322830268,0,2025
2025-04-28 11:00:00,5323,2,0,11,0,5768.0,248.0,6162.0,30,28,0,0,0,0,0,0,3072.056253486313,0,2025
2025-04-28 12:00:00,5870,2,0,12,0,5937.0,347.0,5761.0,30,28,0,0,0,0,0,0,3071.511641367923,0,2025
2025-04-28 13:00:00,6033,2,0,13,0,6614.0,821.0,5383.0,30,28,0,0,0,0,0,0,3070.9892890176648,0,2025
2025-04-28 14:00:00,6571,2,0,14,0,6887.0,1859.0,4579.0,30,28,0,0,0,0,0,0,3070.4804220425285,0,2025
2025-04-28 15:00:00,7158,2,0,15,0,7504.0,3932.0,2939.0,30,28,0,0,0,0,0,0,3070.03717115955,0,2025
2025-04-28 16:00:00,7081,2,0,16,0,8209.0,5109.0,1921.0,30,28,0,0,0,0,0,0,3069.703458099698,0,2025
2025-04-28 17:00:00,7914,2,0,17,0,8232.0,5557.0,782.0,30,28,0,0,0,0,0,0,3069.353196486764,0,2025
2025-04-28 18:00:00,8050,2,0,18,0,8899.0,5768.0,455.0,30,28,0,0,0,0,0,0,3069.218780162332,0,2025
2025-04-28 19:00:00,6430,2,0,19,0,9162.0,5937.0,307.0,30,28,0,0,0,0,0,0,3069.126959591378,0,2025
2025-04-28 20:00:00,6535,2,0,20,0,7450.0,6614.0,506.0,30,28,0,0,0,0,0,0,3068.663937340576,0,2025
2025-04-28 21:00:00,6497,2,0,21,0,7487.0,6887.0,1059.0,30,28,0,0,0,0,0,0,3068.2159871693,0,2025
2025-04-28 22:00:00,4779,2,0,22,0,6979.0,7504.0,2323.0,30,28,0,0,0,0,0,0,3067.7626961114884,0,2025
2025-04-28 23:00:00,2939,2,0,23,0,4960.0,8209.0,4753.0,30,28,0,0,0,0,0,0,3067.2336365430565,0,2025
2025-04-29 00:00:00,1557,2,0,0,0,3098.0,8232.0,5968.0,30,29,0,0,0,0,1,0,3067.000363258163,0,2025
2025-04-29 01:00:00,764,2,0,1,0,1556.0,8899.0,5551.0,30,29,0,0,0,0,1,0,3067.244992999208,0,2025
2025-04-29 02:00:00,378,2,0,2,0,706.0,9162.0,5300.0,30,29,0,0,0,0,1,0,3067.862060448826,0,2025
2025-04-29 03:00:00,213,2,0,3,0,345.0,7450.0,5323.0,30,29,0,0,0,0,1,0,3068.685371321939,0,2025
2025-04-29 04:00:00,332,2,0,4,0,167.0,7487.0,5870.0,30,29,0,0,0,0,1,0,3069.600798382301,0,2025
2025-04-29 05:00:00,857,2,0,5,0,237.0,6979.0,6033.0,30,29,0,0,0,0,1,0,3070.44632878614,0,2025
2025-04-29 06:00:00,2306,2,0,6,0,706.0,4960.0,6571.0,30,29,0,0,0,0,1,0,3071.0099348391477,0,2025
2025-04-29 07:00:00,5083,2,0,7,0,1935.0,3098.0,7158.0,30,29,0,0,0,0,1,0,3070.963714473861,0,2025
2025-04-29 08:00:00,6468,2,0,8,0,4333.0,1556.0,7081.0,30,29,0,0,0,0,1,0,3070.424270533211,0,2025
2025-04-29 09:00:00,6166,2,0,9,0,5449.0,706.0,7914.0,30,29,0,0,0,0,1,0,3069.9697771527944,0,2025
2025-04-29 10:00:00,5650,2,0,10,0,5991.0,345.0,8050.0,30,29,0,0,0,0,1,0,3069.478286960576,0,2025
2025-04-29 11:00:00,5973,2,0,11,0,6032.0,167.0,6430.0,30,29,0,0,0,0,1,0,3068.947707095919,0,2025
2025-04-29 12:00:00,6305,2,0,12,0,6665.0,237.0,6535.0,30,29,0,0,0,0,1,0,3068.438435463545,0,2025
2025-04-29 13:00:00,6578,2,0,13,0,6966.0,706.0,6497.0,30,29,0,0,0,0,1,0,3067.9634786406355,0,2025
2025-04-29 14:00:00,7306,2,0,14,0,7522.0,1935.0,4779.0,30,29,0,0,0,0,1,0,3067.5261881548654,0,2025
2025-04-29 15:00:00,7652,2,0,15,0,8264.0,4333.0,2939.0,30,29,0,0,0,0,1,0,3067.2306047450734,0,2025
2025-04-29 16:00:00,7753,2,0,16,0,8614.0,5449.0,1557.0,30,29,0,0,0,0,1,0,3067.023520251859,0,2025
2025-04-29 17:00:00,8942,2,0,17,0,8837.0,5991.0,764.0,30,29,0,0,0,0,1,0,3066.8447315156704,0,2025
2025-04-29 18:00:00,9574,2,0,18,0,9744.0,6032.0,378.0,30,29,0,0,0,0,1,0,3067.0876018193726,0,2025
2025-04-29 19:00:00,7528,2,0,19,0,10424.0,6665.0,213.0,30,29,0,0,0,0,1,0,3067.6195189252417,0,2025
2025-04-29 20:00:00,7595,2,0,20,0,8509.0,6966.0,332.0,30,29,0,0,0,0,1,0,3067.3781936551186,0,2025
2025-04-29 21:00:00,8641,2,0,21,0,8575.0,7522.0,857.0,30,29,0,0,0,0,1,0,3067.154506022275,0,2025
2025-04-29 22:00:00,8245,2,0,22,0,9038.0,8264.0,2306.0,30,29,0,0,0,0,1,0,3067.273304771511,0,2025
2025-04-29 23:00:00,4600,2,0,23,0,7684.0,8614.0,5083.0,30,29,0,0,0,0,1,0,3067.2472775830493,0,2025
2025-04-30 00:00:00,1969,2,0,0,0,4310.0,8837.0,6468.0,30,30,0,0,0,1,2,0,3066.734435658941,0,2025
2025-04-30 01:00:00,955,2,0,1,0,2001.0,9744.0,6166.0,30,30,0,0,0,1,2,0,3066.8130716675523,0,2025
2025-04-30 02:00:00,492,2,0,2,0,942.0,10424.0,5650.0,30,30,0,0,0,1,2,0,3067.3296439142896,0,2025
2025-04-30 03:00:00,331,2,0,3,0,447.0,8509.0,5973.0,30,30,0,0,0,1,2,0,3068.0839962174155,0,2025
2025-04-30 04:00:00,467,2,0,4,0,284.0,8575.0,6305.0,30,30,0,0,0,1,2,0,3068.9254679912424,0,2025
2025-04-30 05:00:00,834,2,0,5,0,352.0,9038.0,6578.0,30,30,0,0,0,1,2,0,3069.690082440816,0,2025
2025-04-30 06:00:00,2452,2,0,6,0,670.0,7684.0,7306.0,30,30,0,0,0,1,2,0,3070.261154912171,0,2025
2025-04-30 07:00:00,5187,2,0,7,0,2013.0,4310.0,7652.0,30,30,0,0,0,1,2,0,3070.1681706522454,0,2025
2025-04-30 08:00:00,7068,2,0,8,0,4180.0,2001.0,7753.0,30,30,0,0,0,1,2,0,3069.6321219239844,0,2025
2025-04-30 09:00:00,6650,2,0,9,0,5814.0,942.0,8942.0,30,30,0,0,0,1,2,0,3069.285565302512,0,2025
2025-04-30 10:00:00,6084,2,0,10,0,6299.0,447.0,9574.0,30,30,0,0,0,1,2,0,3068.8623092217026,0,2025
2025-04-30 11:00:00,6321,2,0,11,0,6433.0,284.0,7528.0,30,30,0,0,0,1,2,0,3068.366965732076,0,2025
2025-04-30 12:00:00,7229,2,0,12,0,7012.0,352.0,7595.0,30,30,0,0,0,1,2,0,3067.8976670986845,0,2025
2025-04-30 13:00:00,7313,2,0,13,0,7917.0,670.0,8641.0,30,30,0,0,0,1,2,0,3067.5864570876893,0,2025
2025-04-30 14:00:00,7719,2,0,14,0,8256.0,2013.0,8245.0,30,30,0,0,0,1,2,0,3067.2946044360697,0,2025
2025-04-30 15:00:00,8122,2,0,15,0,8559.0,4180.0,4600.0,30,30,0,0,0,1,2,0,3067.10741355736,0,2025
2025-04-30 16:00:00,8660,2,0,16,0,8915.0,5814.0,1969.0,30,30,0,0,0,1,2,0,3067.042415441424,0,2025
2025-04-30 17:00:00,10305,2,0,17,0,9592.0,6299.0,955.0,30,30,0,0,0,1,2,0,3067.1690280047933,0,2025
2025-04-30 18:00:00,10725,2,0,18,0,10575.0,6433.0,492.0,30,30,0,0,0,1,2,0,3068.0849342202096,0,2025
2025-04-30 19:00:00,8450,2,0,19,0,10966.0,7012.0,331.0,30,30,0,0,0,1,2,0,3069.249483104797,0,2025
2025-04-30 20:00:00,8570,2,0,20,0,9361.0,7917.0,467.0,30,30,0,0,0,1,2,0,3069.294676515233,0,2025
2025-04-30 21:00:00,9759,2,0,21,0,9378.0,8256.0,834.0,30,30,0,0,0,1,2,0,3069.383681688187,0,2025
2025-04-30 22:00:00,2,2,0,22,0,10034.0,8559.0,2452.0,30,30,0,0,0,1,2,0,3069.998319671817,0,2025
2025-04-30 23:00:00,18,2,0,23,0,2.0,8915.0,5187.0,30,30,0,0,0,1,2,0,3071.0268279289203,0,2025
2025-05-01 00:00:00,3,2,0,0,0,26.0,9592.0,7068.0,31,1,1,0,0,0,3,0,3072.0437090738305,0,2025
2025-05-01 01:00:00,1348,2,0,1,0,5.0,10575.0,6650.0,31,1,1,0,0,0,3,0,3073.067354941884,0,2025
2025-05-01 02:00:00,758,2,0,2,0,1417.0,10966.0,6084.0,31,1,1,0,0,0,3,0,3073.39412628575,0,2025
2025-05-01 03:00:00,474,2,0,3,0,782.0,9361.0,6321.0,31,1,1,0,0,0,3,0,3073.999456983288,0,2025
2025-05-01 04:00:00,583,2,0,4,0,459.0,9378.0,7229.0,31,1,1,0,0,0,3,0,3074.751822529831,0,2025
2025-05-01 05:00:00,1221,2,0,5,0,406.0,10034.0,7313.0,31,1,1,0,0,0,3,0,3075.4446297974896,0,2025
2025-05-01 06:00:00,2746,2,0,6,0,811.0,2.0,7719.0,31,1,1,0,0,0,3,0,3075.8238196359657,0,2025
2025-05-01 07:00:00,5759,2,0,7,0,1964.0,26.0,8122.0,31,1,1,0,0,0,3,0,3075.642194553178,0,2025
2025-05-01 08:00:00,7155,2,0,8,0,4483.0,5.0,8660.0,31,1,1,0,0,0,3,0,3075.124478121218,0,2025
2025-05-01 09:00:00,6952,2,0,9,0,5716.0,1417.0,10305.0,31,1,1,0,0,0,3,0,3074.797811758953,0,2025
2025-05-01 10:00:00,6349,2,0,10,0,6379.0,782.0,10725.0,31,1,1,0,0,0,3,0,3074.4298449936014,0,2025
2025-05-01 11:00:00,6476,2,0,11,0,6683.0,459.0,8450.0,31,1,1,0,0,0,3,0,3073.9665584836407,0,2025
2025-05-01 12:00:00,6986,2,0,12,0,7289.0,406.0,8570.0,31,1,1,0,0,0,3,0,3073.520161651316,0,2025
2025-05-01 13:00:00,7269,2,0,13,0,7673.0,811.0,9759.0,31,1,1,0,0,0,3,0,3073.1591898382862,0,2025
2025-05-01 14:00:00,8405,2,0,14,0,7932.0,1964.0,2.0,31,1,1,0,0,0,3,0,3072.858194314786,0,2025
2025-05-01 15:00:00,9029,2,0,15,0,9292.0,4483.0,18.0,31,1,1,0,0,0,3,0,3072.8880546385,0,2025
2025-05-01 16:00:00,9361,2,0,16,0,10106.0,5716.0,3.0,31,1,1,0,0,0,3,0,3073.1607781143557,0,2025
2025-05-01 17:00:00,11317,2,0,17,0,10022.0,6379.0,1348.0,31,1,1,0,0,0,3,0,3073.5798775004464,0,2025
2025-05-01 18:00:00,12323,2,0,18,0,11361.0,6683.0,758.0,31,1,1,0,0,0,3,0,3075.115109285912,0,2025
2025-05-01 19:00:00,10284,2,0,19,0,12022.0,7289.0,474.0,31,1,1,0,0,0,3,0,3077.3877802371358,0,2025
2025-05-01 20:00:00,9533,2,0,20,0,10912.0,7673.0,583.0,31,1,1,0,0,0,3,0,3078.2739936004027,0,2025
2025-05-01 21:00:00,11059,2,0,21,0,9974.0,7932.0,1221.0,31,1,1,0,0,0,3,0,3078.767224579765,0,2025
2025-05-01 22:00:00,11019,2,0,22,0,11011.0,9292.0,2746.0,31,1,1,0,0,0,3,0,3080.1195627892616,0,2025
2025-05-01 23:00:00,8079,2,0,23,0,10314.0,10106.0,5759.0,31,1,1,0,0,0,3,0,3081.4432388505647,0,2025
2025-05-02 00:00:00,4593,2,0,0,0,7023.0,10022.0,7155.0,31,2,0,0,0,0,4,0,3081.3559312966217,0,2025
2025-05-02 01:00:00,2209,2,0,1,0,4351.0,11361.0,6952.0,31,2,0,0,0,0,4,0,3080.8504182405577,0,2025
2025-05-02 02:00:00,1212,2,0,2,0,2390.0,12022.0,6349.0,31,2,0,0,0,0,4,0,3080.840914136214,0,2025
2025-05-02 03:00:00,759,2,0,3,0,1339.0,10912.0,6476.0,31,2,0,0,0,0,4,0,3081.226348689796,0,2025
2025-05-02 04:00:00,786,2,0,4,0,774.0,9974.0,6986.0,31,2,0,0,0,0,4,0,3081.826921420364,0,2025
2025-05-02 05:00:00,1220,2,0,5,0,517.0,11011.0,7269.0,31,2,0,0,0,0,4,0,3082.412679124884,0,2025
2025-05-02 06:00:00,2341,2,0,6,0,823.0,10314.0,8405.0,31,2,0,0,0,0,4,0,3082.7913558742694,0,2025
2025-05-02 07:00:00,4440,2,0,7,0,1674.0,7023.0,9029.0,31,2,0,0,0,0,4,0,3082.73501228912,0,2025
2025-05-02 08:00:00,5713,2,0,8,0,3701.0,4351.0,9361.0,31,2,0,0,0,0,4,0,3082.242446514971,0,2025
2025-05-02 09:00:00,5580,2,0,9,0,5050.0,2390.0,11317.0,31,2,0,0,0,0,4,0,3081.724881616331,0,2025
2025-05-02 10:00:00,5792,2,0,10,0,5736.0,1339.0,12323.0,31,2,0,0,0,0,4,0,3081.201772007348,0,2025
2025-05-02 11:00:00,6119,2,0,11,0,6422.0,774.0,10284.0,31,2,0,0,0,0,4,0,3080.689110259858,0,2025
2025-05-02 12:00:00,6929,2,0,12,0,6830.0,517.0,9533.0,31,2,0,0,0,0,4,0,3080.2022107067373,0,2025
2025-05-02 13:00:00,7370,2,0,13,0,7634.0,823.0,11059.0,31,2,0,0,0,0,4,0,3079.8299395008094,0,2025
2025-05-02 14:00:00,8227,2,0,14,0,7975.0,1674.0,11019.0,31,2,0,0,0,0,4,0,3079.5507092595767,0,2025
2025-05-02 15:00:00,8882,2,0,15,0,8795.0,3701.0,8079.0,31,2,0,0,0,0,4,0,3079.513833404128,0,2025
2025-05-02 16:00:00,9200,2,0,16,0,9388.0,5050.0,4593.0,31,2,0,0,0,0,4,0,3079.71679612971,0,2025
2025-05-02 17:00:00,10393,2,0,17,0,9812.0,5736.0,2209.0,31,2,0,0,0,0,4,0,3080.0527959588185,0,2025
2025-05-02 18:00:00,10828,2,0,18,0,10464.0,6422.0,1212.0,31,2,0,0,0,0,4,0,3080.989145122088,0,2025
2025-05-02 19:00:00,9217,2,0,19,0,11291.0,6830.0,759.0,31,2,0,0,0,0,4,0,3082.1818327071715,0,2025
2025-05-02 20:00:00,7658,2,0,20,0,10064.0,7634.0,786.0,31,2,0,0,0,0,4,0,3082.521627471315,0,2025
2025-05-02 21:00:00,8215,2,0,21,0,8930.0,7975.0,1220.0,31,2,0,0,0,0,4,0,3082.31204157042,0,2025
2025-05-02 22:00:00,9578,2,0,22,0,9729.0,8795.0,2341.0,31,2,0,0,0,0,4,0,3082.2673077294844,0,2025
2025-05-02 23:00:00,9825,2,0,23,0,10255.0,9388.0,4440.0,31,2,0,0,0,0,4,0,3082.7705825263147,0,2025
2025-05-03 00:00:00,8983,2,0,0,0,8850.0,9812.0,5713.0,31,3,0,0,0,0,5,0,3083.394014579477,0,2025
2025-05-03 01:00:00,6966,2,0,1,0,7757.0,10464.0,5580.0,31,3,0,0,0,0,5,0,3083.6307409353963,0,2025
2025-05-03 02:00:00,5277,2,0,2,0,6004.0,11291.0,5792.0,31,3,0,0,0,0,5,0,3083.26327179639,0,2025
2025-05-03 03:00:00,3142,2,0,3,0,4737.0,10064.0,6119.0,31,3,0,0,0,0,5,0,3082.737074241166,0,2025
2025-05-03 04:00:00,1927,2,0,4,0,2752.0,8930.0,6929.0,31,3,0,0,0,0,5,0,3082.462107795353,0,2025
2025-05-03 05:00:00,923,2,0,5,0,1457.0,9729.0,7370.0,31,3,0,0,0,0,5,0,3082.5549140723247,0,2025
2025-05-03 06:00:00,1439,2,0,6,0,607.0,10255.0,8227.0,31,3,0,0,0,0,5,0,3083.074019046134,0,2025
2025-05-03 07:00:00,2138,2,0,7,0,995.0,8850.0,8882.0,31,3,0,0,0,0,5,0,3083.358918084637,0,2025
2025-05-03 08:00:00,3161,2,0,8,0,1664.0,7757.0,9200.0,31,3,0,0,0,0,5,0,3083.374455930096,0,2025
2025-05-03 09:00:00,4582,2,0,9,0,2884.0,6004.0,10393.0,31,3,0,0,0,0,5,0,3083.0940172965225,0,2025
2025-05-03 10:00:00,5839,2,0,10,0,4429.0,4737.0,10828.0,31,3,0,0,0,0,5,0,3082.594884043815,0,2025
2025-05-03 11:00:00,6858,2,0,11,0,5964.0,2752.0,9217.0,31,3,0,0,0,0,5,0,3082.088408861679,0,2025
2025-05-03 12:00:00,7743,2,0,12,0,7454.0,1457.0,7658.0,31,3,0,0,0,0,5,0,3081.704007643375,0,2025
2025-05-03 13:00:00,8194,2,0,13,0,8395.0,607.0,8215.0,31,3,0,0,0,0,5,0,3081.518416537817,0,2025
2025-05-03 14:00:00,8020,2,0,14,0,8813.0,995.0,9578.0,31,3,0,0,0,0,5,0,3081.4671213396155,0,2025
2025-05-03 15:00:00,8529,2,0,15,0,8977.0,1664.0,9825.0,31,3,0,0,0,0,5,0,3081.361061183636,0,2025
2025-05-03 16:00:00,9200,2,0,16,0,9514.0,2884.0,8983.0,31,3,0,0,0,0,5,0,3081.423443712976,0,2025
2025-05-03 17:00:00,9794,2,0,17,0,10346.0,4429.0,6966.0,31,3,0,0,0,0,5,0,3081.7511666819432,0,2025
2025-05-03 18:00:00,10485,2,0,18,0,10836.0,5964.0,5277.0,31,3,0,0,0,0,5,0,3082.354500522816,0,2025
2025-05-03 19:00:00,10199,2,0,19,0,11139.0,7454.0,3142.0,31,3,0,0,0,0,5,0,3083.3266723447623,0,2025
2025-05-03 20:00:00,9132,2,0,20,0,10538.0,8395.0,1927.0,31,3,0,0,0,0,5,0,3084.137462012264,0,2025
2025-05-03 21:00:00,9060,2,0,21,0,9431.0,8813.0,923.0,31,3,0,0,0,0,5,0,3084.4317285583425,0,2025
2025-05-03 22:00:00,11518,2,0,22,0,9690.0,8977.0,1439.0,31,3,0,0,0,0,5,0,3084.695000040577,0,2025
2025-05-03 23:00:00,10895,2,0,23,0,11225.0,9514.0,2138.0,31,3,0,0,0,0,5,0,3086.3100314193453,0,2025
2025-05-04 00:00:00,8888,2,0,0,0,8220.0,10346.0,3161.0,31,4,0,0,0,0,6,0,3087.5166589197524,0,2025
2025-05-04 01:00:00,7493,2,0,1,0,7246.0,10836.0,4582.0,31,4,0,0,0,0,6,0,3087.706527984274,0,2025
2025-05-04 02:00:00,5315,2,0,2,0,6322.0,11139.0,5839.0,31,4,0,0,0,0,6,0,3087.451227584921,0,2025
2025-05-04 03:00:00,3533,2,0,3,0,4708.0,10538.0,6858.0,31,4,0,0,0,0,6,0,3086.9286456206123,0,2025
2025-05-04 04:00:00,2312,2,0,4,0,2926.0,9431.0,7743.0,31,4,0,0,0,0,6,0,3086.574429575225,0,2025
2025-05-04 05:00:00,1203,2,0,5,0,1682.0,9690.0,8194.0,31,4,0,0,0,0,6,0,3086.536246669232,0,2025
2025-05-04 06:00:00,1570,2,0,6,0,710.0,11225.0,8020.0,31,4,0,0,0,0,6,0,3086.925980652374,0,2025
2025-05-04 07:00:00,2191,2,0,7,0,1029.0,8220.0,8529.0,31,4,0,0,0,0,6,0,3087.1582989012545,0,2025
2025-05-04 08:00:00,3177,2,0,8,0,1683.0,7246.0,9200.0,31,4,0,0,0,0,6,0,3087.1588895730574,0,2025
2025-05-04 09:00:00,4787,2,0,9,0,2652.0,6322.0,9794.0,31,4,0,0,0,0,6,0,3086.8791641293897,0,2025
2025-05-04 10:00:00,6096,2,0,10,0,4183.0,4708.0,10485.0,31,4,0,0,0,0,6,0,3086.371085757641,0,2025
2025-05-04 11:00:00,7194,2,0,11,0,5583.0,2926.0,10199.0,31,4,0,0,0,0,6,0,3085.886592355744,0,2025
2025-05-04 12:00:00,8856,2,0,12,0,6888.0,1682.0,9132.0,31,4,0,0,0,0,6,0,3085.566354186796,0,2025
2025-05-04 13:00:00,8959,2,0,13,0,8282.0,710.0,9060.0,31,4,0,0,0,0,6,0,3085.7449493034933,0,2025
2025-05-04 14:00:00,8772,2,0,14,0,7862.0,1029.0,11518.0,31,4,0,0,0,0,6,0,3085.9637564464097,0,2025
2025-05-04 15:00:00,8380,2,0,15,0,8208.0,1683.0,10895.0,31,4,0,0,0,0,6,0,3086.108716170497,0,2025
2025-05-04 16:00:00,8185,2,0,16,0,8127.0,2652.0,8888.0,31,4,0,0,0,0,6,0,3086.112199209805,0,2025
2025-05-04 17:00:00,9917,2,0,17,0,8869.0,4183.0,7493.0,31,4,0,0,0,0,6,0,3086.0515146692933,0,2025
2025-05-04 18:00:00,8860,2,0,18,0,8956.0,5583.0,5315.0,31,4,0,0,0,0,6,0,3086.702132368513,0,2025
2025-05-04 19:00:00,7341,2,0,19,0,8531.0,6888.0,3533.0,31,4,0,0,0,0,6,0,3086.878670780488,0,2025
2025-05-04 20:00:00,6293,2,0,20,0,7429.0,8282.0,2312.0,31,4,0,0,0,0,6,0,3086.588902193708,0,2025
2025-05-04 21:00:00,5406,2,0,21,0,5996.0,7862.0,1203.0,31,4,0,0,0,0,6,0,3086.1245652328143,0,2025
2025-05-04 22:00:00,4578,2,0,22,0,5169.0,8208.0,1570.0,31,4,0,0,0,0,6,0,3085.606243857173,0,2025
2025-05-04 23:00:00,3376,2,0,23,0,3995.0,8127.0,2191.0,31,4,0,0,0,0,6,0,3085.1149684025013,0,2025
2025-05-05 00:00:00,2301,2,0,0,0,2770.0,8869.0,3177.0,31,5,0,0,0,0,0,0,3084.795669932949,0,2025
2025-05-05 01:00:00,1210,2,0,1,0,1933.0,8956.0,4787.0,31,5,0,0,0,0,0,0,3084.7631730815174,0,2025
2025-05-05 02:00:00,569,2,0,2,0,1071.0,8531.0,6096.0,31,5,0,0,0,0,0,0,3085.1497584254585,0,2025
2025-05-05 03:00:00,333,2,0,3,0,501.0,7429.0,7194.0,31,5,0,0,0,0,0,0,3085.8419833376265,0,2025
2025-05-05 04:00:00,546,2,0,4,0,257.0,5996.0,8856.0,31,5,0,0,0,0,0,0,3086.6567816857914,0,2025
2025-05-05 05:00:00,1073,2,0,5,0,348.0,5169.0,8959.0,31,5,0,0,0,0,0,0,3087.357844777462,0,2025
2025-05-05 06:00:00,2436,2,0,6,0,756.0,3995.0,8772.0,31,5,0,0,0,0,0,0,3087.801561175584,0,2025
2025-05-05 07:00:00,4886,2,0,7,0,1833.0,2770.0,8380.0,31,5,0,0,0,0,0,0,3087.722699074789,0,2025
2025-05-05 08:00:00,6504,2,0,8,0,3837.0,1933.0,8185.0,31,5,0,0,0,0,0,0,3087.21346188157,0,2025
2025-05-05 09:00:00,6087,2,0,9,0,5281.0,1071.0,9917.0,31,5,0,0,0,0,0,0,3086.777647068447,0,2025
2025-05-05 10:00:00,5912,2,0,10,0,5748.0,501.0,8860.0,31,5,0,0,0,0,0,0,3086.296000767474,0,2025
2025-05-05 11:00:00,6201,2,0,11,0,6191.0,257.0,7341.0,31,5,0,0,0,0,0,0,3085.800898836292,0,2025
2025-05-05 12:00:00,7530,2,0,12,0,6591.0,348.0,6293.0,31,5,0,0,0,0,0,0,3085.3304012964923,0,2025
2025-05-05 13:00:00,7608,2,0,13,0,7953.0,756.0,5406.0,31,5,0,0,0,0,0,0,3085.0886995840924,0,2025
2025-05-05 14:00:00,8707,2,0,14,0,7775.0,1833.0,4578.0,31,5,0,0,0,0,0,0,3084.866311544468,0,2025
2025-05-05 15:00:00,8304,2,0,15,0,8666.0,3837.0,3376.0,31,5,0,0,0,0,0,0,3084.9864765581247,0,2025
2025-05-05 16:00:00,9547,2,0,16,0,8281.0,5281.0,2301.0,31,5,0,0,0,0,0,0,3084.965402381142,0,2025
2025-05-05 17:00:00,11558,2,0,17,0,9318.0,5748.0,1210.0,31,5,0,0,0,0,0,0,3085.4343065481225,0,2025
2025-05-05 18:00:00,11621,2,0,18,0,9805.0,6191.0,569.0,31,5,0,0,0,0,0,0,3087.048558621349,0,2025
2025-05-05 19:00:00,8650,2,0,19,0,9631.0,6591.0,333.0,31,5,0,0,0,0,0,0,3088.702393260641,0,2025
2025-05-05 20:00:00,8028,2,0,20,0,7989.0,7953.0,546.0,31,5,0,0,0,0,0,0,3088.797169890649,0,2025
2025-05-05 21:00:00,7581,2,0,21,0,7446.0,7775.0,1073.0,31,5,0,0,0,0,0,0,3088.686603437888,0,2025
2025-05-05 22:00:00,6004,2,0,22,0,6546.0,8666.0,2436.0,31,5,0,0,0,0,0,0,3088.454490616072,0,2025
2025-05-05 23:00:00,3992,2,0,23,0,4923.0,8281.0,4886.0,31,5,0,0,0,0,0,0,3087.966759829999,0,2025
2025-05-06 00:00:00,2915,2,0,0,0,3397.0,9318.0,6504.0,31,6,0,0,0,0,1,0,3087.54309551244,0,2025
2025-05-06 01:00:00,2039,2,0,1,0,2462.0,9805.0,6087.0,31,6,0,0,0,0,1,0,3087.3332503442707,0,2025
2025-05-06 02:00:00,1049,2,0,2,0,1699.0,9631.0,5912.0,31,6,0,0,0,0,1,0,3087.3892726399936,0,2025
2025-05-06 03:00:00,556,2,0,3,0,828.0,7989.0,6201.0,31,6,0,0,0,0,1,0,3087.844794584394,0,2025
2025-05-06 04:00:00,619,2,0,4,0,373.0,7446.0,7530.0,31,6,0,0,0,0,1,0,3088.537662866708,0,2025
2025-05-06 05:00:00,1149,2,0,5,0,367.0,6546.0,7608.0,31,6,0,0,0,0,1,0,3089.197221348937,0,2025
2025-05-06 06:00:00,2641,2,0,6,0,720.0,4923.0,8707.0,31,6,0,0,0,0,1,0,3089.604277034272,0,2025
2025-05-06 07:00:00,5315,2,0,7,0,1926.0,3397.0,8304.0,31,6,0,0,0,0,1,0,3089.466217906306,0,2025
2025-05-06 08:00:00,7225,2,0,8,0,4102.0,2462.0,9547.0,31,6,0,0,0,0,1,0,3088.9525186914443,0,2025
2025-05-06 09:00:00,7674,2,0,9,0,5515.0,1699.0,11558.0,31,6,0,0,0,0,1,0,3088.6419693722123,0,2025
2025-05-06 10:00:00,6756,2,0,10,0,6233.0,828.0,11621.0,31,6,0,0,0,0,1,0,3088.4360818562545,0,2025
2025-05-06 11:00:00,6697,2,0,11,0,6577.0,373.0,8650.0,31,6,0,0,0,0,1,0,3088.039493998417,0,2025
2025-05-06 12:00:00,6745,2,0,12,0,6858.0,367.0,8028.0,31,6,0,0,0,0,1,0,3087.633894512819,0,2025
2025-05-06 13:00:00,7099,2,0,13,0,7043.0,720.0,7581.0,31,6,0,0,0,0,1,0,3087.235849150169,0,2025
2025-05-06 14:00:00,7858,2,0,14,0,7546.0,1926.0,6004.0,31,6,0,0,0,0,1,0,3086.900201280366,0,2025
2025-05-06 15:00:00,8233,2,0,15,0,8215.0,4102.0,3992.0,31,6,0,0,0,0,1,0,3086.743416288563,0,2025
2025-05-06 16:00:00,8876,2,0,16,0,8805.0,5515.0,2915.0,31,6,0,0,0,0,1,0,3086.6976053680496,0,2025
2025-05-06 17:00:00,11304,2,0,17,0,9231.0,6233.0,2039.0,31,6,0,0,0,0,1,0,3086.877043802926,0,2025
2025-05-06 18:00:00,11539,2,0,18,0,10910.0,6577.0,1049.0,31,6,0,0,0,0,1,0,3088.306737106297,0,2025
2025-05-06 19:00:00,8420,2,0,19,0,10500.0,6858.0,556.0,31,6,0,0,0,0,1,0,3089.887973498728,0,2025
2025-05-06 20:00:00,8305,2,0,20,0,8590.0,7043.0,619.0,31,6,0,0,0,0,1,0,3089.9000485898464,0,2025
2025-05-06 21:00:00,9226,2,0,21,0,8178.0,7546.0,1149.0,31,6,0,0,0,0,1,0,3089.8739704353143,0,2025
2025-05-06 22:00:00,8278,2,0,22,0,8410.0,8215.0,2641.0,31,6,0,0,0,0,1,0,3090.1898417437724,0,2025
2025-05-06 23:00:00,4403,2,0,23,0,6986.0,8805.0,5315.0,31,6,0,0,0,0,1,0,3090.154291482802,0,2025
2025-05-07 00:00:00,2725,2,0,0,0,4082.0,9231.0,7225.0,31,7,0,0,0,0,2,0,3089.6859774443105,0,2025
2025-05-07 01:00:00,1351,2,0,1,0,2622.0,10910.0,7674.0,31,7,0,0,0,0,2,0,3089.5291090841074,0,2025
2025-05-07 02:00:00,620,2,0,2,0,1324.0,10500.0,6756.0,31,7,0,0,0,0,2,0,3089.850991648405,0,2025
2025-05-07 03:00:00,391,2,0,3,0,525.0,8590.0,6697.0,31,7,0,0,0,0,2,0,3090.508859312943,0,2025
2025-05-07 04:00:00,473,2,0,4,0,305.0,8178.0,6745.0,31,7,0,0,0,0,2,0,3091.2825250252085,0,2025
2025-05-07 05:00:00,990,2,0,5,0,366.0,8410.0,7099.0,31,7,0,0,0,0,2,0,3092.0120878772564,0,2025
2025-05-07 06:00:00,2619,2,0,6,0,697.0,6986.0,7858.0,31,7,0,0,0,0,2,0,3092.488649933157,0,2025
2025-05-07 07:00:00,5327,2,0,7,0,1936.0,4082.0,8233.0,31,7,0,0,0,0,2,0,3092.358624504911,0,2025
2025-05-07 08:00:00,7147,2,0,8,0,4270.0,2622.0,8876.0,31,7,0,0,0,0,2,0,3091.8485410131057,0,2025
2025-05-07 09:00:00,6954,2,0,9,0,5704.0,1324.0,11304.0,31,7,0,0,0,0,2,0,3091.522881955233,0,2025
2025-05-07 10:00:00,6683,2,0,10,0,6211.0,525.0,11539.0,31,7,0,0,0,0,2,0,3091.1610283027994,0,2025
2025-05-07 11:00:00,6766,2,0,11,0,6797.0,305.0,8420.0,31,7,0,0,0,0,2,0,3090.7550965168007,0,2025
2025-05-07 12:00:00,7067,2,0,12,0,7169.0,366.0,8305.0,31,7,0,0,0,0,2,0,3090.3620027463853,0,2025
2025-05-07 13:00:00,7628,2,0,13,0,7626.0,697.0,9226.0,31,7,0,0,0,0,2,0,3090.02120199664,0,2025
2025-05-07 14:00:00,8508,2,0,14,0,8113.0,1936.0,8278.0,31,7,0,0,0,0,2,0,3089.803393549253,0,2025
2025-05-07 15:00:00,8818,2,0,15,0,9090.0,4270.0,4403.0,31,7,0,0,0,0,2,0,3089.845722871414,0,2025
2025-05-07 16:00:00,9380,2,0,16,0,9354.0,5704.0,2725.0,31,7,0,0,0,0,2,0,3089.99888748804,0,2025
2025-05-07 17:00:00,11226,2,0,17,0,9856.0,6211.0,1351.0,31,7,0,0,0,0,2,0,3090.379068365841,0,2025
2025-05-07 18:00:00,11868,2,0,18,0,10863.0,6797.0,620.0,31,7,0,0,0,0,2,0,3091.741440387873,0,2025
2025-05-07 19:00:00,9063,2,0,19,0,11314.0,7169.0,391.0,31,7,0,0,0,0,2,0,3093.5273530167096,0,2025
2025-05-07 20:00:00,8611,2,0,20,0,9615.0,7626.0,473.0,31,7,0,0,0,0,2,0,3093.771181523291,0,2025
2025-05-07 21:00:00,9960,2,0,21,0,9152.0,8113.0,990.0,31,7,0,0,0,0,2,0,3093.8446654800478,0,2025
2025-05-07 22:00:00,9405,2,0,22,0,9673.0,9090.0,2619.0,31,7,0,0,0,0,2,0,3094.487931740732,0,2025
2025-05-07 23:00:00,5871,2,0,23,0,8404.0,9354.0,5327.0,31,7,0,0,0,0,2,0,3094.872155100515,0,2025
2025-05-08 00:00:00,2978,2,0,0,0,5073.0,9856.0,7147.0,31,8,0,0,0,0,3,0,3094.381270255261,0,2025
2025-05-08 01:00:00,1486,2,0,1,0,2749.0,10863.0,6954.0,31,8,0,0,0,0,3,0,3094.160545612735,0,2025
2025-05-08 02:00:00,794,2,0,2,0,1311.0,11314.0,6683.0,31,8,0,0,0,0,3,0,3094.4254246345645,0,2025
2025-05-08 03:00:00,615,2,0,3,0,734.0,9615.0,6766.0,31,8,0,0,0,0,3,0,3094.9946706174355,0,2025
2025-05-08 04:00:00,672,2,0,4,0,537.0,9152.0,7067.0,31,8,0,0,0,0,3,0,3095.649824060317,0,2025
2025-05-08 05:00:00,1160,2,0,5,0,392.0,9673.0,7628.0,31,8,0,0,0,0,3,0,3096.2755727653566,0,2025
2025-05-08 06:00:00,2774,2,0,6,0,823.0,8404.0,8508.0,31,8,0,0,0,0,3,0,3096.673930115506,0,2025
2025-05-08 07:00:00,5373,2,0,7,0,2026.0,5073.0,8818.0,31,8,0,0,0,0,3,0,3096.5033171116,0,2025
2025-05-08 08:00:00,7305,2,0,8,0,4147.0,2749.0,9380.0,31,8,0,0,0,0,3,0,3095.996796506819,0,2025
2025-05-08 09:00:00,7068,2,0,9,0,5869.0,1311.0,11226.0,31,8,0,0,0,0,3,0,3095.7034623407403,0,2025
2025-05-08 10:00:00,7087,2,0,10,0,6230.0,734.0,11868.0,31,8,0,0,0,0,3,0,3095.362835303771,0,2025
2025-05-08 11:00:00,6922,2,0,11,0,7176.0,537.0,9063.0,31,8,0,0,0,0,3,0,3095.0258579437077,0,2025
2025-05-08 12:00:00,7361,2,0,12,0,7367.0,392.0,8611.0,31,8,0,0,0,0,3,0,3094.659216491007,0,2025
2025-05-08 13:00:00,8091,2,0,13,0,7922.0,823.0,9960.0,31,8,0,0,0,0,3,0,3094.378107214232,0,2025
2025-05-08 14:00:00,9020,2,0,14,0,8744.0,2026.0,9405.0,31,8,0,0,0,0,3,0,3094.284007179653,0,2025
2025-05-08 15:00:00,9446,2,0,15,0,9515.0,4147.0,5871.0,31,8,0,0,0,0,3,0,3094.508796520357,0,2025
2025-05-08 16:00:00,9755,2,0,16,0,9761.0,5869.0,2978.0,31,8,0,0,0,0,3,0,3094.9095837151363,0,2025
2025-05-08 17:00:00,12114,2,0,17,0,9938.0,6230.0,1486.0,31,8,0,0,0,0,3,0,3095.449451267809,0,2025
2025-05-08 18:00:00,14039,2,0,18,0,11715.0,7176.0,794.0,31,8,0,0,0,0,3,0,3097.3871628212123,0,2025
2025-05-08 19:00:00,12172,2,0,19,0,12803.0,7367.0,615.0,31,8,0,0,0,0,3,0,3100.893992802654,0,2025
2025-05-08 20:00:00,10764,2,0,20,0,11594.0,7922.0,672.0,31,8,0,0,0,0,3,0,3102.863284362779,0,2025
2025-05-08 21:00:00,10671,2,0,21,0,10357.0,8744.0,1160.0,31,8,0,0,0,0,3,0,3103.918556825079,0,2025
2025-05-08 22:00:00,10178,2,0,22,0,10487.0,9515.0,2774.0,31,8,0,0,0,0,3,0,3104.9190390561994,0,2025
2025-05-08 23:00:00,7979,2,0,23,0,9625.0,9761.0,5373.0,31,8,0,0,0,0,3,0,3105.653452778273,0,2025
2025-05-09 00:00:00,5509,2,0,0,0,7137.0,9938.0,7305.0,31,9,0,0,0,0,4,0,3105.5193592839546,0,2025
2025-05-09 01:00:00,2711,2,0,1,0,4763.0,11715.0,7068.0,31,9,0,0,0,0,4,0,3105.015789579934,0,2025
2025-05-09 02:00:00,1426,2,0,2,0,2558.0,12803.0,7087.0,31,9,0,0,0,0,4,0,3104.8664123038648,0,2025
2025-05-09 03:00:00,874,2,0,3,0,1375.0,11594.0,6922.0,31,9,0,0,0,0,4,0,3105.154027379104,0,2025
2025-05-09 04:00:00,878,2,0,4,0,755.0,10357.0,7361.0,31,9,0,0,0,0,4,0,3105.6815973037337,0,2025
2025-05-09 05:00:00,1255,2,0,5,0,607.0,10487.0,8091.0,31,9,0,0,0,0,4,0,3106.206206792542,0,2025
2025-05-09 06:00:00,2596,2,0,6,0,831.0,9625.0,9020.0,31,9,0,0,0,0,4,0,3106.562324229935,0,2025
2025-05-09 07:00:00,5178,2,0,7,0,1867.0,7137.0,9446.0,31,9,0,0,0,0,4,0,3106.4429944591866,0,2025
2025-05-09 08:00:00,7553,2,0,8,0,3987.0,4763.0,9755.0,31,9,0,0,0,0,4,0,3105.939409039304,0,2025
2025-05-09 09:00:00,7206,2,0,9,0,5943.0,2558.0,12114.0,31,9,0,0,0,0,4,0,3105.6980479620797,0,2025
2025-05-09 10:00:00,7731,2,0,10,0,6056.0,1375.0,14039.0,31,9,0,0,0,0,4,0,3105.38165137128,0,2025
2025-05-09 11:00:00,7629,2,0,11,0,7461.0,755.0,12172.0,31,9,0,0,0,0,4,0,3105.183604301025,0,2025
2025-05-09 12:00:00,7401,2,0,12,0,7022.0,607.0,10764.0,31,9,0,0,0,0,4,0,3104.9602530194225,0,2025
2025-05-09 13:00:00,7298,2,0,13,0,6826.0,831.0,10671.0,31,9,0,0,0,0,4,0,3104.68442981526,0,2025
2025-05-09 14:00:00,8419,2,0,14,0,7131.0,1867.0,10178.0,31,9,0,0,0,0,4,0,3104.386724845064,0,2025
2025-05-09 15:00:00,9369,2,0,15,0,8298.0,3987.0,7979.0,31,9,0,0,0,0,4,0,3104.3866789140047,0,2025
2025-05-09 16:00:00,10446,2,0,16,0,9312.0,5943.0,5509.0,31,9,0,0,0,0,4,0,3104.7409379435862,0,2025
2025-05-09 17:00:00,11847,2,0,17,0,9947.0,6056.0,2711.0,31,9,0,0,0,0,4,0,3105.609823731113,0,2025
2025-05-09 18:00:00,12762,2,0,18,0,11045.0,7461.0,1426.0,31,9,0,0,0,0,4,0,3107.3275510200097,0,2025
2025-05-09 19:00:00,10717,2,0,19,0,11303.0,7022.0,874.0,31,9,0,0,0,0,4,0,3109.7066936883757,0,2025
2025-05-09 20:00:00,8206,2,0,20,0,9667.0,6826.0,878.0,31,9,0,0,0,0,4,0,3110.7166223471013,0,2025
2025-05-09 21:00:00,8477,2,0,21,0,8526.0,7131.0,1255.0,31,9,0,0,0,0,4,0,3110.6450822380825,0,2025
2025-05-09 22:00:00,8828,2,0,22,0,9770.0,8298.0,2596.0,31,9,0,0,0,0,4,0,3110.658234623815,0,2025
2025-05-09 23:00:00,9375,2,0,23,0,9495.0,9312.0,5178.0,31,9,0,0,0,0,4,0,3110.792303889556,0,2025
2025-05-10 00:00:00,8324,2,0,0,0,8733.0,9947.0,7553.0,31,10,0,0,0,0,5,0,3111.140195493351,0,2025
2025-05-10 01:00:00,6463,2,0,1,0,7319.0,11045.0,7206.0,31,10,0,0,0,0,5,0,3111.1032678727365,0,2025
2025-05-10 02:00:00,4333,2,0,2,0,5615.0,11303.0,7731.0,31,10,0,0,0,0,5,0,3110.6675716539976,0,2025
2025-05-10 03:00:00,2733,2,0,3,0,3971.0,9667.0,7629.0,31,10,0,0,0,0,5,0,3110.2170737973142,0,2025
2025-05-10 04:00:00,1691,2,0,4,0,2488.0,8526.0,7401.0,31,10,0,0,0,0,5,0,3110.064985351801,0,2025
2025-05-10 05:00:00,909,2,0,5,0,1362.0,9770.0,7298.0,31,10,0,0,0,0,5,0,3110.249536567692,0,2025
2025-05-10 06:00:00,1364,2,0,6,0,626.0,9495.0,8419.0,31,10,0,0,0,0,5,0,3110.7599518146985,0,2025
2025-05-10 07:00:00,1931,2,0,7,0,1051.0,8733.0,9369.0,31,10,0,0,0,0,5,0,3111.071825856784,0,2025
2025-05-10 08:00:00,3186,2,0,8,0,1617.0,7319.0,10446.0,31,10,0,0,0,0,5,0,3111.1670216792418,0,2025
2025-05-10 09:00:00,4881,2,0,9,0,2818.0,5615.0,11847.0,31,10,0,0,0,0,5,0,3110.9024681431183,0,2025
2025-05-10 10:00:00,6081,2,0,10,0,4761.0,3971.0,12762.0,31,10,0,0,0,0,5,0,3110.4116067495124,0,2025
2025-05-10 11:00:00,6988,2,0,11,0,6225.0,2488.0,10717.0,31,10,0,0,0,0,5,0,3109.9405674604404,0,2025
2025-05-10 12:00:00,7758,2,0,12,0,7417.0,1362.0,8206.0,31,10,0,0,0,0,5,0,3109.5833924490653,0,2025
2025-05-10 13:00:00,8183,2,0,13,0,8021.0,626.0,8477.0,31,10,0,0,0,0,5,0,3109.3895215760563,0,2025
2025-05-10 14:00:00,8549,2,0,14,0,8805.0,1051.0,8828.0,31,10,0,0,0,0,5,0,3109.311847530938,0,2025
2025-05-10 15:00:00,9256,2,0,15,0,9285.0,1617.0,9375.0,31,10,0,0,0,0,5,0,3109.348985104319,0,2025
2025-05-10 16:00:00,9227,2,0,16,0,10130.0,2818.0,8324.0,31,10,0,0,0,0,5,0,3109.647000093993,0,2025
2025-05-10 17:00:00,9641,2,0,17,0,9919.0,4761.0,6463.0,31,10,0,0,0,0,5,0,3109.932560041446,0,2025
2025-05-10 18:00:00,10659,2,0,18,0,10334.0,6225.0,4333.0,31,10,0,0,0,0,5,0,3110.392859384163,0,2025
2025-05-10 19:00:00,9821,2,0,19,0,11370.0,7417.0,2733.0,31,10,0,0,0,0,5,0,3111.358424589194,0,2025
2025-05-10 20:00:00,8595,2,0,20,0,10174.0,8021.0,1691.0,31,10,0,0,0,0,5,0,3111.8980372526576,0,2025
2025-05-10 21:00:00,8425,2,0,21,0,9176.0,8805.0,909.0,31,10,0,0,0,0,5,0,3111.946915776371,0,2025
2025-05-10 22:00:00,9947,2,0,22,0,9116.0,9285.0,1364.0,31,10,0,0,0,0,5,0,3111.93978196431,0,2025
2025-05-10 23:00:00,10442,2,0,23,0,9629.0,10130.0,1931.0,31,10,0,0,0,0,5,0,3112.5360120344662,0,2025
2025-05-11 00:00:00,8876,2,0,0,0,9049.0,9919.0,3186.0,31,11,0,0,0,0,6,0,3113.3785685039065,0,2025
2025-05-11 01:00:00,6948,2,0,1,0,6962.0,10334.0,4881.0,31,11,0,0,0,0,6,0,3113.523379668962,0,2025
2025-05-11 02:00:00,4726,2,0,2,0,5747.0,11370.0,6081.0,31,11,0,0,0,0,6,0,3113.157539025002,0,2025
2025-05-11 03:00:00,3079,2,0,3,0,3983.0,10174.0,6988.0,31,11,0,0,0,0,6,0,3112.678345975261,0,2025
2025-05-11 04:00:00,2074,2,0,4,0,2643.0,9176.0,7758.0,31,11,0,0,0,0,6,0,3112.4429505663707,0,2025
2025-05-11 05:00:00,1168,2,0,5,0,1467.0,9116.0,8183.0,31,11,0,0,0,0,6,0,3112.4930427126733,0,2025
2025-05-11 06:00:00,1399,2,0,6,0,717.0,9629.0,8549.0,31,11,0,0,0,0,6,0,3112.8889055698983,0,2025
2025-05-11 07:00:00,1871,2,0,7,0,1025.0,9049.0,9256.0,31,11,0,0,0,0,6,0,3113.187701829717,0,2025
2025-05-11 08:00:00,2872,2,0,8,0,1639.0,6962.0,9227.0,31,11,0,0,0,0,6,0,3113.306391691369,0,2025
2025-05-11 09:00:00,4569,2,0,9,0,2585.0,5747.0,9641.0,31,11,0,0,0,0,6,0,3113.1200909705112,0,2025
2025-05-11 10:00:00,6436,2,0,10,0,4339.0,3983.0,10659.0,31,11,0,0,0,0,6,0,3112.652636828563,0,2025
2025-05-11 11:00:00,8159,2,0,11,0,5958.0,2643.0,9821.0,31,11,0,0,0,0,6,0,3112.2176901482608,0,2025
2025-05-11 12:00:00,8844,2,0,12,0,7497.0,1467.0,8595.0,31,11,0,0,0,0,6,0,3112.1299761855994,0,2025
2025-05-11 13:00:00,9158,2,0,13,0,8429.0,717.0,8425.0,31,11,0,0,0,0,6,0,3112.2645000665566,0,2025
2025-05-11 14:00:00,9388,2,0,14,0,8927.0,1025.0,9947.0,31,11,0,0,0,0,6,0,3112.516497826767,0,2025
2025-05-11 15:00:00,9230,2,0,15,0,9559.0,1639.0,10442.0,31,11,0,0,0,0,6,0,3112.8605913932934,0,2025
2025-05-11 16:00:00,9349,2,0,16,0,9402.0,2585.0,8876.0,31,11,0,0,0,0,6,0,3113.1396392673696,0,2025
2025-05-11 17:00:00,9226,2,0,17,0,9548.0,4339.0,6948.0,31,11,0,0,0,0,6,0,3113.466110232231,0,2025
2025-05-11 18:00:00,8921,2,0,18,0,9493.0,5958.0,4726.0,31,11,0,0,0,0,6,0,3113.742139277457,0,2025
2025-05-11 19:00:00,7474,2,0,19,0,9196.0,7497.0,3079.0,31,11,0,0,0,0,6,0,3113.9010601513637,0,2025
2025-05-11 20:00:00,7259,2,0,20,0,7856.0,8429.0,2074.0,31,11,0,0,0,0,6,0,3113.637113519108,0,2025
2025-05-11 21:00:00,7215,2,0,21,0,7211.0,8927.0,1168.0,31,11,0,0,0,0,6,0,3113.328707164066,0,2025
2025-05-11 22:00:00,5869,2,0,22,0,6725.0,9559.0,1399.0,31,11,0,0,0,0,6,0,3113.01183626246,0,2025
2025-05-11 23:00:00,3425,2,0,23,0,5138.0,9402.0,1871.0,31,11,0,0,0,0,6,0,3112.5304118672143,0,2025
2025-05-12 00:00:00,1990,2,0,0,0,2952.0,9548.0,2872.0,31,12,0,0,0,0,0,0,3112.2237478392253,0,2025
2025-05-12 01:00:00,898,2,0,1,0,1707.0,9493.0,4569.0,31,12,0,0,0,0,0,0,3112.3038458942965,0,2025
2025-05-12 02:00:00,491,2,0,2,0,717.0,9196.0,6436.0,31,12,0,0,0,0,0,0,3112.818450425512,0,2025
2025-05-12 03:00:00,440,2,0,3,0,365.0,7856.0,8159.0,31,12,0,0,0,0,0,0,3113.525083236704,0,2025
2025-05-12 04:00:00,574,2,0,4,0,294.0,7211.0,8844.0,31,12,0,0,0,0,0,0,3114.2557078160344,0,2025
2025-05-12 05:00:00,1223,2,0,5,0,333.0,6725.0,9158.0,31,12,0,0,0,0,0,0,3114.918901852752,0,2025
2025-05-12 06:00:00,2553,2,0,6,0,804.0,5138.0,9388.0,31,12,0,0,0,0,0,0,3115.287199540546,0,2025
2025-05-12 07:00:00,5041,2,0,7,0,1917.0,2952.0,9230.0,31,12,0,0,0,0,0,0,3115.187423535008,0,2025
2025-05-12 08:00:00,6492,2,0,8,0,3957.0,1707.0,9349.0,31,12,0,0,0,0,0,0,3114.697495193614,0,2025
2025-05-12 09:00:00,6204,2,0,9,0,5271.0,717.0,9226.0,31,12,0,0,0,0,0,0,3114.271447027869,0,2025
2025-05-12 10:00:00,5753,2,0,10,0,5840.0,365.0,8921.0,31,12,0,0,0,0,0,0,3113.815895096436,0,2025
2025-05-12 11:00:00,6032,2,0,11,0,6016.0,294.0,7474.0,31,12,0,0,0,0,0,0,3113.3310601762923,0,2025
2025-05-12 12:00:00,6597,2,0,12,0,6499.0,333.0,7259.0,31,12,0,0,0,0,0,0,3112.8622402353035,0,2025
2025-05-12 13:00:00,6653,2,0,13,0,7095.0,804.0,7215.0,31,12,0,0,0,0,0,0,3112.449851798663,0,2025
2025-05-12 14:00:00,7607,2,0,14,0,7183.0,1917.0,5869.0,31,12,0,0,0,0,0,0,3112.044957054361,0,2025
2025-05-12 15:00:00,8190,2,0,15,0,8162.0,3957.0,3425.0,31,12,0,0,0,0,0,0,3111.8141649694767,0,2025
2025-05-12 16:00:00,8153,2,0,16,0,8738.0,5271.0,1990.0,31,12,0,0,0,0,0,0,3111.73513303794,0,2025
2025-05-12 17:00:00,9299,2,0,17,0,8634.0,5840.0,898.0,31,12,0,0,0,0,0,0,3111.6452332651697,0,2025
2025-05-12 18:00:00,9604,2,0,18,0,9384.0,6016.0,491.0,31,12,0,0,0,0,0,0,3111.949492929242,0,2025
2025-05-12 19:00:00,7525,2,0,19,0,9972.0,6499.0,440.0,31,12,0,0,0,0,0,0,3112.380369997921,0,2025
2025-05-12 20:00:00,7446,2,0,20,0,8087.0,7095.0,574.0,31,12,0,0,0,0,0,0,3112.1301704079697,0,2025
2025-05-12 21:00:00,7222,2,0,21,0,7599.0,7183.0,1223.0,31,12,0,0,0,0,0,0,3111.862774061867,0,2025
2025-05-12 22:00:00,7881,2,0,22,0,7013.0,8162.0,2553.0,31,12,0,0,0,0,0,0,3111.5501339668795,0,2025
2025-05-12 23:00:00,4813,2,0,23,0,6600.0,8738.0,5041.0,31,12,0,0,0,0,0,0,3111.3851408111946,0,2025
2025-05-13 00:00:00,2088,2,0,0,0,3826.0,8634.0,6492.0,31,13,0,0,0,0,1,0,3110.9082652457346,0,2025
2025-05-13 01:00:00,1045,2,0,1,0,1828.0,9384.0,6204.0,31,13,0,0,0,0,1,0,3110.955383513553,0,2025
2025-05-13 02:00:00,444,2,0,2,0,852.0,9972.0,5753.0,31,13,0,0,0,0,1,0,3111.401643858959,0,2025
2025-05-13 03:00:00,302,2,0,3,0,349.0,8087.0,6032.0,31,13,0,0,0,0,1,0,3112.127024945991,0,2025
2025-05-13 04:00:00,382,2,0,4,0,207.0,7599.0,6597.0,31,13,0,0,0,0,1,0,3112.9224636363087,0,2025
2025-05-13 05:00:00,1013,2,0,5,0,235.0,7013.0,6653.0,31,13,0,0,0,0,1,0,3113.675919032362,0,2025
2025-05-13 06:00:00,2523,2,0,6,0,740.0,6600.0,7607.0,31,13,0,0,0,0,1,0,3114.131691209759,0,2025
2025-05-13 07:00:00,5403,2,0,7,0,1837.0,3826.0,8190.0,31,13,0,0,0,0,1,0,3114.041513194487,0,2025
2025-05-13 08:00:00,6941,2,0,8,0,4362.0,1828.0,8153.0,31,13,0,0,0,0,1,0,3113.5513016807663,0,2025
2025-05-13 09:00:00,7224,2,0,9,0,5548.0,852.0,9299.0,31,13,0,0,0,0,1,0,3113.1913283291133,0,2025
2025-05-13 10:00:00,6704,2,0,10,0,6461.0,349.0,9604.0,31,13,0,0,0,0,1,0,3112.8814068088013,0,2025
2025-05-13 11:00:00,6760,2,0,11,0,6808.0,207.0,7525.0,31,13,0,0,0,0,1,0,3112.4860356002287,0,2025
2025-05-13 12:00:00,7478,2,0,12,0,7080.0,235.0,7446.0,31,13,0,0,0,0,1,0,3112.0986944997094,0,2025
2025-05-13 13:00:00,7588,2,0,13,0,8021.0,740.0,7222.0,31,13,0,0,0,0,1,0,3111.840674949012,0,2025
2025-05-13 14:00:00,9079,2,0,14,0,7939.0,1837.0,7881.0,31,13,0,0,0,0,1,0,3111.6070302270787,0,2025
2025-05-13 15:00:00,9797,2,0,15,0,9452.0,4362.0,4813.0,31,13,0,0,0,0,1,0,3111.8241034324105,0,2025
2025-05-13 16:00:00,9504,2,0,16,0,10117.0,5548.0,2088.0,31,13,0,0,0,0,1,0,3112.3374780074364,0,2025
2025-05-13 17:00:00,11150,2,0,17,0,9624.0,6461.0,1045.0,31,13,0,0,0,0,1,0,3112.722482307905,0,2025
2025-05-13 18:00:00,11619,2,0,18,0,10812.0,6808.0,444.0,31,13,0,0,0,0,1,0,3113.9336245006043,0,2025
2025-05-13 19:00:00,8894,2,0,19,0,11164.0,7080.0,302.0,31,13,0,0,0,0,1,0,3115.4277638705275,0,2025
2025-05-13 20:00:00,9305,2,0,20,0,9186.0,8021.0,382.0,31,13,0,0,0,0,1,0,3115.57235924933,0,2025
2025-05-13 21:00:00,10783,2,0,21,0,9399.0,7939.0,1013.0,31,13,0,0,0,0,1,0,3115.8716313027107,0,2025
2025-05-13 22:00:00,9668,2,0,22,0,10092.0,9452.0,2523.0,31,13,0,0,0,0,1,0,3116.8681318714976,0,2025
2025-05-13 23:00:00,5804,2,0,23,0,8460.0,10117.0,5403.0,31,13,0,0,0,0,1,0,3117.3164301572606,0,2025
2025-05-14 00:00:00,2459,2,0,0,0,4319.0,9624.0,6941.0,31,14,0,0,0,0,2,0,3116.8381866474715,0,2025
2025-05-14 01:00:00,1116,2,0,1,0,2024.0,10812.0,7224.0,31,14,0,0,0,0,2,0,3116.770606400732,0,2025
2025-05-14 02:00:00,515,2,0,2,0,950.0,11164.0,6704.0,31,14,0,0,0,0,2,0,3117.1836065319567,0,2025
2025-05-14 03:00:00,371,2,0,3,0,394.0,9186.0,6760.0,31,14,0,0,0,0,2,0,3117.8693348047523,0,2025
2025-05-14 04:00:00,469,2,0,4,0,272.0,9399.0,7478.0,31,14,0,0,0,0,2,0,3118.624626559103,0,2025
2025-05-14 05:00:00,1098,2,0,5,0,293.0,10092.0,7588.0,31,14,0,0,0,0,2,0,3119.330066005173,0,2025
2025-05-14 06:00:00,2709,2,0,6,0,753.0,8460.0,9079.0,31,14,0,0,0,0,2,0,3119.7465457872177,0,2025
2025-05-14 07:00:00,6045,2,0,7,0,2029.0,4319.0,9797.0,31,14,0,0,0,0,2,0,3119.6067347498392,0,2025
2025-05-14 08:00:00,8123,2,0,8,0,4489.0,2024.0,9504.0,31,14,0,0,0,0,2,0,3119.1437525183965,0,2025
2025-05-14 09:00:00,7972,2,0,9,0,5622.0,950.0,11150.0,31,14,0,0,0,0,2,0,3119.0431907976185,0,2025
2025-05-14 10:00:00,7287,2,0,10,0,5920.0,394.0,11619.0,31,14,0,0,0,0,2,0,3118.9015801428877,0,2025
2025-05-14 11:00:00,7428,2,0,11,0,6767.0,272.0,8894.0,31,14,0,0,0,0,2,0,3118.603209808952,0,2025
2025-05-14 12:00:00,7427,2,0,12,0,7221.0,293.0,9305.0,31,14,0,0,0,0,2,0,3118.333265810862,0,2025
2025-05-14 13:00:00,8177,2,0,13,0,7586.0,753.0,10783.0,31,14,0,0,0,0,2,0,3118.063123426334,0,2025
2025-05-14 14:00:00,9664,2,0,14,0,8330.0,2029.0,9668.0,31,14,0,0,0,0,2,0,3117.977162588239,0,2025
2025-05-14 15:00:00,10038,2,0,15,0,9110.0,4489.0,5804.0,31,14,0,0,0,0,2,0,3118.42219906068,0,2025
2025-05-14 16:00:00,9482,2,0,16,0,9554.0,5622.0,2459.0,31,14,0,0,0,0,2,0,3119.0345722579445,0,2025
2025-05-14 17:00:00,11020,2,0,17,0,9224.0,5920.0,1116.0,31,14,0,0,0,0,2,0,3119.4008811011627,0,2025
2025-05-14 18:00:00,12396,2,0,18,0,10255.0,6767.0,515.0,31,14,0,0,0,0,2,0,3120.518621542187,0,2025
2025-05-14 19:00:00,11216,2,0,19,0,10664.0,7221.0,371.0,31,14,0,0,0,0,2,0,3122.5063839387394,0,2025
2025-05-14 20:00:00,10645,2,0,20,0,9808.0,7586.0,469.0,31,14,0,0,0,0,2,0,3123.7316711278536,0,2025
2025-05-14 21:00:00,10878,2,0,21,0,9220.0,8330.0,1098.0,31,14,0,0,0,0,2,0,3124.6377359188064,0,2025
2025-05-14 22:00:00,9861,2,0,22,0,9428.0,9110.0,2709.0,31,14,0,0,0,0,2,0,3125.667396071992,0,2025
2025-05-14 23:00:00,6558,2,0,23,0,7949.0,9554.0,6045.0,31,14,0,0,0,0,2,0,3126.188431054006,0,2025
2025-05-15 00:00:00,3663,2,0,0,0,5233.0,9224.0,8123.0,31,15,0,0,0,0,3,0,3125.7732463901425,0,2025
2025-05-15 01:00:00,1729,2,0,1,0,3288.0,10255.0,7972.0,31,15,0,0,0,0,3,0,3125.4310022893,0,2025
2025-05-15 02:00:00,881,2,0,2,0,1695.0,10664.0,7287.0,31,15,0,0,0,0,3,0,3125.6016508754687,0,2025
2025-05-15 03:00:00,555,2,0,3,0,764.0,9808.0,7428.0,31,15,0,0,0,0,3,0,3126.1136437424148,0,2025
2025-05-15 04:00:00,721,2,0,4,0,442.0,9220.0,7427.0,31,15,0,0,0,0,3,0,3126.7749301727986,0,2025
2025-05-15 05:00:00,1261,2,0,5,0,494.0,9428.0,8177.0,31,15,0,0,0,0,3,0,3127.3571609737405,0,2025
2025-05-15 06:00:00,2870,2,0,6,0,810.0,7949.0,9664.0,31,15,0,0,0,0,3,0,3127.704301068504,0,2025
2025-05-15 07:00:00,5810,2,0,7,0,1950.0,5233.0,10038.0,31,15,0,0,0,0,3,0,3127.5254730952997,0,2025
2025-05-15 08:00:00,7524,2,0,8,0,4339.0,3288.0,9482.0,31,15,0,0,0,0,3,0,3127.050503194133,0,2025
2025-05-15 09:00:00,7277,2,0,9,0,5835.0,1695.0,11020.0,31,15,0,0,0,0,3,0,3126.798696591989,0,2025
2025-05-15 10:00:00,6954,2,0,10,0,6164.0,764.0,12396.0,31,15,0,0,0,0,3,0,3126.4968150810964,0,2025
2025-05-15 11:00:00,7081,2,0,11,0,6796.0,442.0,11216.0,31,15,0,0,0,0,3,0,3126.138663965849,0,2025
2025-05-15 12:00:00,7537,2,0,12,0,7349.0,494.0,10645.0,31,15,0,0,0,0,3,0,3125.80151371524,0,2025
2025-05-15 13:00:00,7764,2,0,13,0,7905.0,810.0,10878.0,31,15,0,0,0,0,3,0,3125.552611282948,0,2025
2025-05-15 14:00:00,9723,2,0,14,0,8091.0,1950.0,9861.0,31,15,0,0,0,0,3,0,3125.3552404199154,0,2025
2025-05-15 15:00:00,10413,2,0,15,0,9737.0,4339.0,6558.0,31,15,0,0,0,0,3,0,3125.814341522419,0,2025
2025-05-15 16:00:00,10455,2,0,16,0,10411.0,5835.0,3663.0,31,15,0,0,0,0,3,0,3126.593965000558,0,2025
2025-05-15 17:00:00,12030,2,0,17,0,10432.0,6164.0,1729.0,31,15,0,0,0,0,3,0,3127.393199723233,0,2025
2025-05-15 18:00:00,13066,2,0,18,0,11286.0,6796.0,881.0,31,15,0,0,0,0,3,0,3129.106067837599,0,2025
2025-05-15 19:00:00,10535,2,0,19,0,11920.0,7349.0,555.0,31,15,0,0,0,0,3,0,3131.5501710741246,0,2025
2025-05-15 20:00:00,10226,2,0,20,0,10233.0,7905.0,721.0,31,15,0,0,0,0,3,0,3132.3833138182054,0,2025
2025-05-15 21:00:00,11023,2,0,21,0,10280.0,8091.0,1261.0,31,15,0,0,0,0,3,0,3133.0622387443664,0,2025
2025-05-15 22:00:00,10829,2,0,22,0,10590.0,9737.0,2870.0,31,15,0,0,0,0,3,0,3134.1524779616416,0,2025
2025-05-15 23:00:00,8877,2,0,23,0,10052.0,10411.0,5810.0,31,15,0,0,0,0,3,0,3135.13460630342,0,2025
2025-05-16 00:00:00,5824,2,0,0,0,7749.0,10432.0,7524.0,31,16,0,0,0,0,4,0,3135.2544602668545,0,2025
2025-05-16 01:00:00,3026,2,0,1,0,4950.0,11286.0,7277.0,31,16,0,0,0,0,4,0,3134.780480413918,0,2025
2025-05-16 02:00:00,1820,2,0,2,0,2896.0,11920.0,6954.0,31,16,0,0,0,0,4,0,3134.5685072579818,0,2025
2025-05-16 03:00:00,1224,2,0,3,0,1839.0,10233.0,7081.0,31,16,0,0,0,0,4,0,3134.7067124037285,0,2025
2025-05-16 04:00:00,1106,2,0,4,0,1056.0,10280.0,7537.0,31,16,0,0,0,0,4,0,3135.07018686571,0,2025
2025-05-16 05:00:00,1473,2,0,5,0,747.0,10590.0,7764.0,31,16,0,0,0,0,4,0,3135.4816723354656,0,2025
2025-05-16 06:00:00,2656,2,0,6,0,1040.0,10052.0,9723.0,31,16,0,0,0,0,4,0,3135.745127185989,0,2025
2025-05-16 07:00:00,4842,2,0,7,0,1737.0,7749.0,10413.0,31,16,0,0,0,0,4,0,3135.6238674830743,0,2025
2025-05-16 08:00:00,6203,2,0,8,0,3606.0,4950.0,10455.0,31,16,0,0,0,0,4,0,3135.1546349776586,0,2025
2025-05-16 09:00:00,6045,2,0,9,0,5036.0,2896.0,12030.0,31,16,0,0,0,0,4,0,3134.706102997646,0,2025
2025-05-16 10:00:00,6260,2,0,10,0,5504.0,1839.0,13066.0,31,16,0,0,0,0,4,0,3134.246057774485,0,2025
2025-05-16 11:00:00,6817,2,0,11,0,6480.0,1056.0,10535.0,31,16,0,0,0,0,4,0,3133.802735511505,0,2025
2025-05-16 12:00:00,8874,2,0,12,0,7068.0,747.0,10226.0,31,16,0,0,0,0,4,0,3133.4234777057536,0,2025
2025-05-16 13:00:00,8989,2,0,13,0,8789.0,1040.0,11023.0,31,16,0,0,0,0,4,0,3133.5438611835057,0,2025
2025-05-16 14:00:00,8924,2,0,14,0,7752.0,1737.0,10829.0,31,16,0,0,0,0,4,0,3133.703945908805,0,2025
2025-05-16 15:00:00,9153,2,0,15,0,8053.0,3606.0,8877.0,31,16,0,0,0,0,4,0,3133.8406925127942,0,2025
2025-05-16 16:00:00,9429,2,0,16,0,8571.0,5036.0,5824.0,31,16,0,0,0,0,4,0,3134.0592142284886,0,2025
2025-05-16 17:00:00,10487,2,0,17,0,9164.0,5504.0,3026.0,31,16,0,0,0,0,4,0,3134.383036504415,0,2025
2025-05-16 18:00:00,11428,2,0,18,0,10137.0,6480.0,1820.0,31,16,0,0,0,0,4,0,3135.180763932028,0,2025
2025-05-16 19:00:00,10869,2,0,19,0,10877.0,7068.0,1224.0,31,16,0,0,0,0,4,0,3136.490730308413,0,2025
2025-05-16 20:00:00,8910,2,0,20,0,9986.0,8789.0,1106.0,31,16,0,0,0,0,4,0,3137.4829701043864,0,2025
2025-05-16 21:00:00,8251,2,0,21,0,8926.0,7752.0,1473.0,31,16,0,0,0,0,4,0,3137.610321002086,0,2025
2025-05-16 22:00:00,10197,2,0,22,0,9195.0,8053.0,2656.0,31,16,0,0,0,0,4,0,3137.531288072566,0,2025
2025-05-16 23:00:00,10825,2,0,23,0,10518.0,8571.0,4842.0,31,16,0,0,0,0,4,0,3138.182067721264,0,2025
2025-05-17 00:00:00,9431,2,0,0,0,10432.0,9164.0,6203.0,31,17,0,0,0,0,5,0,3139.145840589287,0,2025
2025-05-17 01:00:00,7555,2,0,1,0,8421.0,10137.0,6045.0,31,17,0,0,0,0,5,0,3139.4630531668204,0,2025
2025-05-17 02:00:00,5334,2,0,2,0,6388.0,10877.0,6260.0,31,17,0,0,0,0,5,0,3139.211365706647,0,2025
2025-05-17 03:00:00,3488,2,0,3,0,4430.0,9986.0,6817.0,31,17,0,0,0,0,5,0,3138.7308822862788,0,2025
2025-05-17 04:00:00,2245,2,0,4,0,2795.0,8926.0,8874.0,31,17,0,0,0,0,5,0,3138.42649466026,0,2025
2025-05-17 05:00:00,1587,2,0,5,0,1461.0,9195.0,8989.0,31,17,0,0,0,0,5,0,3138.4276112724365,0,2025
2025-05-17 06:00:00,2127,2,0,6,0,825.0,10518.0,8924.0,31,17,0,0,0,0,5,0,3138.650945304985,0,2025
2025-05-17 07:00:00,2462,2,0,7,0,1129.0,10432.0,9153.0,31,17,0,0,0,0,5,0,3138.688115858018,0,2025
2025-05-17 08:00:00,3678,2,0,8,0,1693.0,8421.0,9429.0,31,17,0,0,0,0,5,0,3138.624153314804,0,2025
2025-05-17 09:00:00,5426,2,0,9,0,2952.0,6388.0,10487.0,31,17,0,0,0,0,5,0,3138.2860989144224,0,2025
2025-05-17 10:00:00,6884,2,0,10,0,4530.0,4430.0,11428.0,31,17,0,0,0,0,5,0,3137.80673177092,0,2025
2025-05-17 11:00:00,7664,2,0,11,0,5946.0,2795.0,10869.0,31,17,0,0,0,0,5,0,3137.437125345543,0,2025
2025-05-17 12:00:00,8215,2,0,12,0,6928.0,1461.0,8910.0,31,17,0,0,0,0,5,0,3137.2111155552857,0,2025
2025-05-17 13:00:00,8497,2,0,13,0,7876.0,825.0,8251.0,31,17,0,0,0,0,5,0,3137.1220341674853,0,2025
2025-05-17 14:00:00,8975,2,0,14,0,8176.0,1129.0,10197.0,31,17,0,0,0,0,5,0,3137.114239293805,0,2025
2025-05-17 15:00:00,9733,2,0,15,0,8770.0,1693.0,10825.0,31,17,0,0,0,0,5,0,3137.261827101948,0,2025
2025-05-17 16:00:00,10809,2,0,16,0,9548.0,2952.0,9431.0,31,17,0,0,0,0,5,0,3137.701119863689,0,2025
2025-05-17 17:00:00,11223,2,0,17,0,10887.0,4530.0,7555.0,31,17,0,0,0,0,5,0,3138.6497328639293,0,2025
2025-05-17 18:00:00,11406,2,0,18,0,10780.0,5946.0,5334.0,31,17,0,0,0,0,5,0,3139.8226425762955,0,2025
2025-05-17 19:00:00,11501,2,0,19,0,11355.0,6928.0,3488.0,31,17,0,0,0,0,5,0,3141.0984996143834,0,2025
2025-05-17 20:00:00,9557,2,0,20,0,11129.0,7876.0,2245.0,31,17,0,0,0,0,5,0,3142.4277797080217,0,2025
2025-05-17 21:00:00,9624,2,0,21,0,9330.0,8176.0,1587.0,31,17,0,0,0,0,5,0,3142.7881177440663,0,2025
2025-05-17 22:00:00,10831,2,0,22,0,9610.0,8770.0,2127.0,31,17,0,0,0,0,5,0,3143.174889132983,0,2025
2025-05-17 23:00:00,10874,2,0,23,0,9983.0,9548.0,2462.0,31,17,0,0,0,0,5,0,3144.124931016348,0,2025
2025-05-18 00:00:00,9561,2,0,0,0,9345.0,10887.0,3678.0,31,18,0,0,0,0,6,0,3145.095913598548,0,2025
2025-05-18 01:00:00,7535,2,0,1,0,7598.0,10780.0,5426.0,31,18,0,0,0,0,6,0,3145.453944835137,0,2025
2025-05-18 02:00:00,5609,2,0,2,0,5892.0,11355.0,6884.0,31,18,0,0,0,0,6,0,3145.195439426734,0,2025
2025-05-18 03:00:00,4013,2,0,3,0,4555.0,11129.0,7664.0,31,18,0,0,0,0,6,0,3144.719453590376,0,2025
2025-05-18 04:00:00,2593,2,0,4,0,3033.0,9330.0,8215.0,31,18,0,0,0,0,6,0,3144.335022908215,0,2025
2025-05-18 05:00:00,1346,2,0,5,0,1799.0,9610.0,8497.0,31,18,0,0,0,0,6,0,3144.2387358396827,0,2025
2025-05-18 06:00:00,1599,2,0,6,0,786.0,9983.0,8975.0,31,18,0,0,0,0,6,0,3144.5555457209853,0,2025
2025-05-18 07:00:00,2243,2,0,7,0,1123.0,9345.0,9733.0,31,18,0,0,0,0,6,0,3144.7757354291875,0,2025
2025-05-18 08:00:00,3256,2,0,8,0,1725.0,7598.0,10809.0,31,18,0,0,0,0,6,0,3144.779223574362,0,2025
2025-05-18 09:00:00,4841,2,0,9,0,2733.0,5892.0,11223.0,31,18,0,0,0,0,6,0,3144.5235706417584,0,2025
2025-05-18 10:00:00,6174,2,0,10,0,4216.0,4555.0,11406.0,31,18,0,0,0,0,6,0,3144.0616246872974,0,2025
2025-05-18 11:00:00,6729,2,0,11,0,5458.0,3033.0,11501.0,31,18,0,0,0,0,6,0,3143.613962854188,0,2025
2025-05-18 12:00:00,7300,2,0,12,0,6211.0,1799.0,9557.0,31,18,0,0,0,0,6,0,3143.222850432857,0,2025
2025-05-18 13:00:00,7557,2,0,13,0,7026.0,786.0,9624.0,31,18,0,0,0,0,6,0,3142.920811342468,0,2025
2025-05-18 14:00:00,7952,2,0,14,0,7384.0,1123.0,10831.0,31,18,0,0,0,0,6,0,3142.6690798222144,0,2025
2025-05-18 15:00:00,7912,2,0,15,0,7918.0,1725.0,10874.0,31,18,0,0,0,0,6,0,3142.5069536010437,0,2025
2025-05-18 16:00:00,7994,2,0,16,0,7820.0,2733.0,9561.0,31,18,0,0,0,0,6,0,3142.3349745130145,0,2025
2025-05-18 17:00:00,8641,2,0,17,0,7951.0,4216.0,7535.0,31,18,0,0,0,0,6,0,3142.183054415829,0,2025
2025-05-18 18:00:00,8787,2,0,18,0,8555.0,5458.0,5609.0,31,18,0,0,0,0,6,0,3142.2126045193463,0,2025
2025-05-18 19:00:00,7365,2,0,19,0,8527.0,6211.0,4013.0,31,18,0,0,0,0,6,0,3142.288349078022,0,2025
2025-05-18 20:00:00,6875,2,0,20,0,7382.0,7026.0,2593.0,31,18,0,0,0,0,6,0,3141.9981882467105,0,2025
2025-05-18 21:00:00,6999,2,0,21,0,6721.0,7384.0,1346.0,31,18,0,0,0,0,6,0,3141.627215946679,0,2025
2025-05-18 22:00:00,6423,2,0,22,0,6194.0,7918.0,1599.0,31,18,0,0,0,0,6,0,3141.274629577396,0,2025
2025-05-18 23:00:00,4467,2,0,23,0,5289.0,7820.0,2243.0,31,18,0,0,0,0,6,0,3140.84984337521,0,2025
2025-05-19 00:00:00,2303,2,0,0,0,3424.0,7951.0,3256.0,31,19,0,0,0,0,0,0,3140.417885426799,0,2025
2025-05-19 01:00:00,1172,2,0,1,0,2032.0,8555.0,4841.0,31,19,0,0,0,0,0,0,3140.4064202408053,0,2025
2025-05-19 02:00:00,569,2,0,2,0,980.0,8527.0,6174.0,31,19,0,0,0,0,0,0,3140.7931918746704,0,2025
2025-05-19 03:00:00,476,2,0,3,0,438.0,7382.0,6729.0,31,19,0,0,0,0,0,0,3141.4416491159577,0,2025
2025-05-19 04:00:00,661,2,0,4,0,353.0,6721.0,7300.0,31,19,0,0,0,0,0,0,3142.132458454797,0,2025
2025-05-19 05:00:00,1275,2,0,5,0,433.0,6194.0,7557.0,31,19,0,0,0,0,0,0,3142.736246246687,0,2025
2025-05-19 06:00:00,2776,2,0,6,0,882.0,5289.0,7952.0,31,19,0,0,0,0,0,0,3143.078031567929,0,2025
2025-05-19 07:00:00,5208,2,0,7,0,1949.0,3424.0,7912.0,31,19,0,0,0,0,0,0,3142.933863853193,0,2025
2025-05-19 08:00:00,6541,2,0,8,0,4026.0,2032.0,7994.0,31,19,0,0,0,0,0,0,3142.462065204804,0,2025
2025-05-19 09:00:00,6313,2,0,9,0,5244.0,980.0,8641.0,31,19,0,0,0,0,0,0,3142.0514777453045,0,2025
2025-05-19 10:00:00,5930,2,0,10,0,5664.0,438.0,8787.0,31,19,0,0,0,0,0,0,3141.6185520149343,0,2025
2025-05-19 11:00:00,6217,2,0,11,0,6113.0,353.0,7365.0,31,19,0,0,0,0,0,0,3141.159242395772,0,2025
2025-05-19 12:00:00,6793,2,0,12,0,6467.0,433.0,6875.0,31,19,0,0,0,0,0,0,3140.7187101291065,0,2025
2025-05-19 13:00:00,7110,2,0,13,0,7229.0,882.0,6999.0,31,19,0,0,0,0,0,0,3140.3394270365225,0,2025
2025-05-19 14:00:00,7793,2,0,14,0,7665.0,1949.0,6423.0,31,19,0,0,0,0,0,0,3140.0074108476592,0,2025
2025-05-19 15:00:00,8651,2,0,15,0,8244.0,4026.0,4467.0,31,19,0,0,0,0,0,0,3139.8096785716502,0,2025
2025-05-19 16:00:00,8409,2,0,16,0,8964.0,5244.0,2303.0,31,19,0,0,0,0,0,0,3139.8436366534143,0,2025
2025-05-19 17:00:00,9669,2,0,17,0,8676.0,5664.0,1172.0,31,19,0,0,0,0,0,0,3139.8048188404623,0,2025
2025-05-19 18:00:00,10320,2,0,18,0,9340.0,6113.0,569.0,31,19,0,0,0,0,0,0,3140.2040865471945,0,2025
2025-05-19 19:00:00,8314,2,0,19,0,9914.0,6467.0,476.0,31,19,0,0,0,0,0,0,3140.8882624532166,0,2025
2025-05-19 20:00:00,7831,2,0,20,0,8605.0,7229.0,661.0,31,19,0,0,0,0,0,0,3140.8212829905547,0,2025
2025-05-19 21:00:00,8745,2,0,21,0,7926.0,7665.0,1275.0,31,19,0,0,0,0,0,0,3140.6310277920948,0,2025
2025-05-19 22:00:00,7843,2,0,22,0,8195.0,8244.0,2776.0,31,19,0,0,0,0,0,0,3140.6922877224474,0,2025
2025-05-19 23:00:00,4660,2,0,23,0,6712.0,8964.0,5208.0,31,19,0,0,0,0,0,0,3140.5045614338205,0,2025
2025-05-20 00:00:00,2415,2,0,0,0,4065.0,8676.0,6541.0,31,20,0,0,0,0,1,0,3140.060367491625,0,2025
2025-05-20 01:00:00,1100,2,0,1,0,1926.0,9340.0,6313.0,31,20,0,0,0,0,1,0,3140.0170264267967,0,2025
2025-05-20 02:00:00,459,2,0,2,0,943.0,9914.0,5930.0,31,20,0,0,0,0,1,0,3140.431238058164,0,2025
2025-05-20 03:00:00,368,2,0,3,0,356.0,8605.0,6217.0,31,20,0,0,0,0,1,0,3141.127337838736,0,2025
2025-05-20 04:00:00,481,2,0,4,0,257.0,7926.0,6793.0,31,20,0,0,0,0,1,0,3141.8654432269755,0,2025
2025-05-20 05:00:00,1078,2,0,5,0,264.0,8195.0,7110.0,31,20,0,0,0,0,1,0,3142.548637028576,0,2025
2025-05-20 06:00:00,2753,2,0,6,0,789.0,6712.0,7793.0,31,20,0,0,0,0,1,0,3142.96793665086,0,2025
2025-05-20 07:00:00,5302,2,0,7,0,2120.0,4065.0,8651.0,31,20,0,0,0,0,1,0,3142.8310102271903,0,2025
2025-05-20 08:00:00,6989,2,0,8,0,4327.0,1926.0,8409.0,31,20,0,0,0,0,1,0,3142.3613585210805,0,2025
2025-05-20 09:00:00,6882,2,0,9,0,5780.0,943.0,9669.0,31,20,0,0,0,0,1,0,3142.0117958408323,0,2025
2025-05-20 10:00:00,6556,2,0,10,0,6180.0,356.0,10320.0,31,20,0,0,0,0,1,0,3141.6466930486617,0,2025
2025-05-20 11:00:00,6883,2,0,11,0,6495.0,257.0,8314.0,31,20,0,0,0,0,1,0,3141.240792784467,0,2025
2025-05-20 12:00:00,7323,2,0,12,0,7160.0,264.0,7831.0,31,20,0,0,0,0,1,0,3140.876078833963,0,2025
2025-05-20 13:00:00,7630,2,0,13,0,7662.0,789.0,8745.0,31,20,0,0,0,0,1,0,3140.582706001384,0,2025
2025-05-20 14:00:00,8608,2,0,14,0,8009.0,2120.0,7843.0,31,20,0,0,0,0,1,0,3140.3499454255275,0,2025
2025-05-20 15:00:00,8855,2,0,15,0,9088.0,4327.0,4660.0,31,20,0,0,0,0,1,0,3140.369718413977,0,2025
2025-05-20 16:00:00,9232,2,0,16,0,9084.0,5780.0,2415.0,31,20,0,0,0,0,1,0,3140.4672984174704,0,2025
2025-05-20 17:00:00,10837,2,0,17,0,9479.0,6180.0,1100.0,31,20,0,0,0,0,1,0,3140.6947903212804,0,2025
2025-05-20 18:00:00,11605,2,0,18,0,10457.0,6495.0,459.0,31,20,0,0,0,0,1,0,3141.626999443303,0,2025
2025-05-20 19:00:00,9226,2,0,19,0,10939.0,7160.0,368.0,31,20,0,0,0,0,1,0,3142.9810668187874,0,2025
2025-05-20 20:00:00,9459,2,0,20,0,9345.0,7662.0,481.0,31,20,0,0,0,0,1,0,3143.2035798314187,0,2025
2025-05-20 21:00:00,11181,2,0,21,0,9062.0,8009.0,1078.0,31,20,0,0,0,0,1,0,3143.5123762801413,0,2025
2025-05-20 22:00:00,9582,2,0,22,0,9688.0,9088.0,2753.0,31,20,0,0,0,0,1,0,3144.6211993590155,0,2025
2025-05-20 23:00:00,6497,2,0,23,0,7746.0,9084.0,5302.0,31,20,0,0,0,0,1,0,3144.975963955256,0,2025
2025-05-21 00:00:00,3165,2,0,0,0,5133.0,9479.0,6989.0,31,21,0,0,0,0,2,0,3144.56334193936,0,2025
2025-05-21 01:00:00,1290,2,0,1,0,2451.0,10457.0,6882.0,31,21,0,0,0,0,2,0,3144.3346457221355,0,2025
2025-05-21 02:00:00,646,2,0,2,0,1126.0,10939.0,6556.0,31,21,0,0,0,0,2,0,3144.6709521314915,0,2025
2025-05-21 03:00:00,481,2,0,3,0,473.0,9345.0,6883.0,31,21,0,0,0,0,2,0,3145.2771193045583,0,2025
2025-05-21 04:00:00,549,2,0,4,0,340.0,9062.0,7323.0,31,21,0,0,0,0,2,0,3145.957742329679,0,2025
2025-05-21 05:00:00,1243,2,0,5,0,325.0,9688.0,7630.0,31,21,0,0,0,0,2,0,3146.6057012925885,0,2025
2025-05-21 06:00:00,2573,2,0,6,0,961.0,7746.0,8608.0,31,21,0,0,0,0,2,0,3146.956905421066,0,2025
2025-05-21 07:00:00,5669,2,0,7,0,1906.0,5133.0,8855.0,31,21,0,0,0,0,2,0,3146.868272565616,0,2025
2025-05-21 08:00:00,7596,2,0,8,0,4450.0,2451.0,9232.0,31,21,0,0,0,0,2,0,3146.4042025448666,0,2025
2025-05-21 09:00:00,7404,2,0,9,0,6104.0,1126.0,10837.0,31,21,0,0,0,0,2,0,3146.163396174745,0,2025
2025-05-21 10:00:00,7755,2,0,10,0,6716.0,473.0,11605.0,31,21,0,0,0,0,2,0,3145.884661869892,0,2025
2025-05-21 11:00:00,7656,2,0,11,0,7820.0,340.0,9226.0,31,21,0,0,0,0,2,0,3145.677872941248,0,2025
2025-05-21 12:00:00,7820,2,0,12,0,7666.0,325.0,9459.0,31,21,0,0,0,0,2,0,3145.4495901463997,0,2025
2025-05-21 13:00:00,8412,2,0,13,0,7843.0,961.0,11181.0,31,21,0,0,0,0,2,0,3145.2573003328966,0,2025
2025-05-21 14:00:00,8787,2,0,14,0,8370.0,1906.0,9582.0,31,21,0,0,0,0,2,0,3145.215970518817,0,2025
2025-05-21 15:00:00,9625,2,0,15,0,8775.0,4450.0,6497.0,31,21,0,0,0,0,2,0,3145.28709405964,0,2025
2025-05-21 16:00:00,9697,2,0,16,0,9681.0,6104.0,3165.0,31,21,0,0,0,0,2,0,3145.6573457405634,0,2025
2025-05-21 17:00:00,11780,2,0,17,0,9846.0,6716.0,1290.0,31,21,0,0,0,0,2,0,3146.055634478804,0,2025
2025-05-21 18:00:00,12512,2,0,18,0,10895.0,7820.0,646.0,31,21,0,0,0,0,2,0,3147.496568402562,0,2025
2025-05-21 19:00:00,11450,2,0,19,0,11359.0,7666.0,481.0,31,21,0,0,0,0,2,0,3149.3978748429163,0,2025
2025-05-21 20:00:00,10842,2,0,20,0,10576.0,7843.0,549.0,31,21,0,0,0,0,2,0,3150.64100948014,0,2025
2025-05-21 21:00:00,10463,2,0,21,0,10618.0,8370.0,1243.0,31,21,0,0,0,0,2,0,3151.5551481120074,0,2025
2025-05-21 22:00:00,9057,2,0,22,0,9725.0,8775.0,2573.0,31,21,0,0,0,0,2,0,3152.2816807974405,0,2025
2025-05-21 23:00:00,8321,2,0,23,0,8026.0,9681.0,5669.0,31,21,0,0,0,0,2,0,3152.435082704193,0,2025
2025-05-22 00:00:00,4306,2,0,0,0,6858.0,9846.0,7596.0,31,22,0,0,0,0,3,0,3152.362713735448,0,2025
2025-05-22 01:00:00,1933,2,0,1,0,3311.0,10895.0,7404.0,31,22,0,0,0,0,3,0,3151.955495225501,0,2025
2025-05-22 02:00:00,951,2,0,2,0,1530.0,11359.0,7755.0,31,22,0,0,0,0,3,0,3152.060810296874,0,2025
2025-05-22 03:00:00,739,2,0,3,0,684.0,10576.0,7656.0,31,22,0,0,0,0,3,0,3152.5318482131743,0,2025
2025-05-22 04:00:00,950,2,0,4,0,521.0,10618.0,7820.0,31,22,0,0,0,0,3,0,3153.092807239231,0,2025
2025-05-22 05:00:00,1482,2,0,5,0,502.0,9725.0,8412.0,31,22,0,0,0,0,3,0,3153.5623965607624,0,2025
2025-05-22 06:00:00,3215,2,0,6,0,888.0,8026.0,8787.0,31,22,0,0,0,0,3,0,3153.821968072625,0,2025
2025-05-22 07:00:00,6225,2,0,7,0,2224.0,6858.0,9625.0,31,22,0,0,0,0,3,0,3153.583610102812,0,2025
2025-05-22 08:00:00,7815,2,0,8,0,4545.0,3311.0,9697.0,31,22,0,0,0,0,3,0,3153.149107410324,0,2025
2025-05-22 09:00:00,7674,2,0,9,0,5666.0,1530.0,11780.0,31,22,0,0,0,0,3,0,3152.9530126753502,0,2025
2025-05-22 10:00:00,7200,2,0,10,0,6178.0,684.0,12512.0,31,22,0,0,0,0,3,0,3152.726205138861,0,2025
2025-05-22 11:00:00,7442,2,0,11,0,6776.0,521.0,11450.0,31,22,0,0,0,0,3,0,3152.4099812695285,0,2025
2025-05-22 12:00:00,7832,2,0,12,0,7271.0,502.0,10842.0,31,22,0,0,0,0,3,0,3152.136821644954,0,2025
2025-05-22 13:00:00,8036,2,0,13,0,7839.0,888.0,10463.0,31,22,0,0,0,0,3,0,3151.944452090541,0,2025
2025-05-22 14:00:00,8542,2,0,14,0,8153.0,2224.0,9057.0,31,22,0,0,0,0,3,0,3151.799903692764,0,2025
2025-05-22 15:00:00,9953,2,0,15,0,8809.0,4545.0,8321.0,31,22,0,0,0,0,3,0,3151.7907045257407,0,2025
2025-05-22 16:00:00,11051,2,0,16,0,10163.0,5666.0,4306.0,31,22,0,0,0,0,3,0,3152.284902991713,0,2025
2025-05-22 17:00:00,12038,2,0,17,0,10491.0,6178.0,1933.0,31,22,0,0,0,0,3,0,3153.2981782400666,0,2025
2025-05-22 18:00:00,12359,2,0,18,0,11055.0,6776.0,951.0,31,22,0,0,0,0,3,0,3154.87246132851,0,2025
2025-05-22 19:00:00,9971,2,0,19,0,10959.0,7271.0,739.0,31,22,0,0,0,0,3,0,3156.6461938375764,0,2025
2025-05-22 20:00:00,9057,2,0,20,0,9457.0,7839.0,950.0,31,22,0,0,0,0,3,0,3157.14228383201,0,2025
2025-05-22 21:00:00,8849,2,0,21,0,8811.0,8153.0,1482.0,31,22,0,0,0,0,3,0,3157.2902756605968,0,2025
2025-05-22 22:00:00,8703,2,0,22,0,8690.0,8809.0,3215.0,31,22,0,0,0,0,3,0,3157.3697025953647,0,2025
2025-05-22 23:00:00,6617,2,0,23,0,7940.0,10163.0,6225.0,31,22,0,0,0,0,3,0,3157.40338310942,0,2025
2025-05-23 00:00:00,4668,2,0,0,0,5773.0,10491.0,7815.0,31,23,0,0,0,0,4,0,3157.0050827638024,0,2025
2025-05-23 01:00:00,2207,2,0,1,0,4129.0,11055.0,7674.0,31,23,0,0,0,0,4,0,3156.569119393553,0,2025
2025-05-23 02:00:00,1157,2,0,2,0,2132.0,10959.0,7200.0,31,23,0,0,0,0,4,0,3156.589726706561,0,2025
2025-05-23 03:00:00,857,2,0,3,0,1104.0,9457.0,7442.0,31,23,0,0,0,0,4,0,3156.975767959962,0,2025
2025-05-23 04:00:00,993,2,0,4,0,716.0,8811.0,7832.0,31,23,0,0,0,0,4,0,3157.4842429532555,0,2025
2025-05-23 05:00:00,1434,2,0,5,0,644.0,8690.0,8036.0,31,23,0,0,0,0,4,0,3157.9349246912307,0,2025
2025-05-23 06:00:00,2595,2,0,6,0,963.0,7940.0,8542.0,31,23,0,0,0,0,4,0,3158.21234267421,0,2025
2025-05-23 07:00:00,4338,2,0,7,0,1682.0,5773.0,9953.0,31,23,0,0,0,0,4,0,3158.1217517827104,0,2025
2025-05-23 08:00:00,5258,2,0,8,0,3358.0,4129.0,11051.0,31,23,0,0,0,0,4,0,3157.714268392713,0,2025
2025-05-23 09:00:00,5535,2,0,9,0,4359.0,2132.0,12038.0,31,23,0,0,0,0,4,0,3157.2533536897936,0,2025
2025-05-23 10:00:00,6027,2,0,10,0,5179.0,1104.0,12359.0,31,23,0,0,0,0,4,0,3156.7918752110127,0,2025
2025-05-23 11:00:00,6253,2,0,11,0,6242.0,716.0,9971.0,31,23,0,0,0,0,4,0,3156.346767909288,0,2025
2025-05-23 12:00:00,7190,2,0,12,0,6681.0,644.0,9057.0,31,23,0,0,0,0,4,0,3155.9167879462784,0,2025
2025-05-23 13:00:00,7370,2,0,13,0,7529.0,963.0,8849.0,31,23,0,0,0,0,4,0,3155.59936312466,0,2025
2025-05-23 14:00:00,8213,2,0,14,0,7697.0,1682.0,8703.0,31,23,0,0,0,0,4,0,3155.312893772563,0,2025
2025-05-23 15:00:00,8198,2,0,15,0,8247.0,3358.0,6617.0,31,23,0,0,0,0,4,0,3155.2109600802,0,2025
2025-05-23 16:00:00,8148,2,0,16,0,8255.0,4359.0,4668.0,31,23,0,0,0,0,4,0,3155.105017335833,0,2025
2025-05-23 17:00:00,8893,2,0,17,0,8334.0,5179.0,2207.0,31,23,0,0,0,0,4,0,3154.9862310708218,0,2025
2025-05-23 18:00:00,9106,2,0,18,0,8982.0,6242.0,1157.0,31,23,0,0,0,0,4,0,3155.080302547955,0,2025
2025-05-23 19:00:00,9495,2,0,19,0,9730.0,6681.0,857.0,31,23,0,0,0,0,4,0,3155.2442819964617,0,2025
2025-05-23 20:00:00,6881,2,0,20,0,9859.0,7529.0,993.0,31,23,0,0,0,0,4,0,3155.546899371252,0,2025
2025-05-23 21:00:00,6132,2,0,21,0,7363.0,7697.0,1434.0,31,23,0,0,0,0,4,0,3155.183432876732,0,2025
2025-05-23 22:00:00,6836,2,0,22,0,6854.0,8247.0,2595.0,31,23,0,0,0,0,4,0,3154.7458410826143,0,2025
2025-05-23 23:00:00,7755,2,0,23,0,7363.0,8255.0,4338.0,31,23,0,0,0,0,4,0,3154.376721941551,0,2025
2025-05-24 00:00:00,6212,2,0,0,0,7088.0,8334.0,5258.0,31,24,0,0,0,0,5,0,3154.165710022417,0,2025
2025-05-24 01:00:00,4691,2,0,1,0,4921.0,8982.0,5535.0,31,24,0,0,0,0,5,0,3153.734017271154,0,2025
2025-05-24 02:00:00,3340,2,0,2,0,3672.0,9730.0,6027.0,31,24,0,0,0,0,5,0,3153.300249582824,0,2025
2025-05-24 03:00:00,2460,2,0,3,0,2747.0,9859.0,6253.0,31,24,0,0,0,0,5,0,3153.0437625004893,0,2025
2025-05-24 04:00:00,1750,2,0,4,0,1803.0,7363.0,7190.0,31,24,0,0,0,0,5,0,3152.9931773034723,0,2025
2025-05-24 05:00:00,968,2,0,5,0,1053.0,6854.0,7370.0,31,24,0,0,0,0,5,0,3153.160471768645,0,2025
2025-05-24 06:00:00,1389,2,0,6,0,598.0,7363.0,8213.0,31,24,0,0,0,0,5,0,3153.621129629036,0,2025
2025-05-24 07:00:00,1770,2,0,7,0,998.0,7088.0,8198.0,31,24,0,0,0,0,5,0,3153.9158454250028,0,2025
2025-05-24 08:00:00,2523,2,0,8,0,1441.0,4921.0,8148.0,31,24,0,0,0,0,5,0,3154.0747082681364,0,2025
2025-05-24 09:00:00,3577,2,0,9,0,2287.0,3672.0,8893.0,31,24,0,0,0,0,5,0,3154.005361427367,0,2025
2025-05-24 10:00:00,4913,2,0,10,0,3295.0,2747.0,9106.0,31,24,0,0,0,0,5,0,3153.704905907313,0,2025
2025-05-24 11:00:00,5618,2,0,11,0,4950.0,1803.0,9495.0,31,24,0,0,0,0,5,0,3153.2589564697982,0,2025
2025-05-24 12:00:00,6201,2,0,12,0,5731.0,1053.0,6881.0,31,24,0,0,0,0,5,0,3152.8026686973344,0,2025
2025-05-24 13:00:00,6505,2,0,13,0,6809.0,598.0,6132.0,31,24,0,0,0,0,5,0,3152.372444127302,0,2025
2025-05-24 14:00:00,6068,2,0,14,0,7289.0,998.0,6836.0,31,24,0,0,0,0,5,0,3151.9682862311884,0,2025
2025-05-24 15:00:00,6351,2,0,15,0,6973.0,1441.0,7755.0,31,24,0,0,0,0,5,0,3151.529754662997,0,2025
2025-05-24 16:00:00,7129,2,0,16,0,7583.0,2287.0,6212.0,31,24,0,0,0,0,5,0,3151.1117504631297,0,2025
2025-05-24 17:00:00,7688,2,0,17,0,8707.0,3295.0,4691.0,31,24,0,0,0,0,5,0,3150.7877923028127,0,2025
2025-05-24 18:00:00,7187,2,0,18,0,9114.0,4950.0,3340.0,31,24,0,0,0,0,5,0,3150.565706925164,0,2025
2025-05-24 19:00:00,6910,2,0,19,0,8667.0,5731.0,2460.0,31,24,0,0,0,0,5,0,3150.2510791993864,0,2025
2025-05-24 20:00:00,6259,2,0,20,0,7793.0,6809.0,1750.0,31,24,0,0,0,0,5,0,3149.8952979600645,0,2025
2025-05-24 21:00:00,6430,2,0,21,0,7032.0,7289.0,968.0,31,24,0,0,0,0,5,0,3149.4705612596813,0,2025
2025-05-24 22:00:00,7194,2,0,22,0,7073.0,6973.0,1389.0,31,24,0,0,0,0,5,0,3149.060356501596,0,2025
2025-05-24 23:00:00,7368,2,0,23,0,7539.0,7583.0,1770.0,31,24,0,0,0,0,5,0,3148.7472740537496,0,2025
2025-05-25 00:00:00,6394,2,0,0,0,6401.0,8707.0,2523.0,31,25,0,0,0,0,6,0,3148.4638297370097,0,2025
2025-05-25 01:00:00,4714,2,0,1,0,4982.0,9114.0,3577.0,31,25,0,0,0,0,6,0,3148.0507761005592,0,2025
2025-05-25 02:00:00,3319,2,0,2,0,3741.0,8667.0,4913.0,31,25,0,0,0,0,6,0,3147.619152224151,0,2025
2025-05-25 03:00:00,2545,2,0,3,0,2750.0,7793.0,5618.0,31,25,0,0,0,0,6,0,3147.369145229848,0,2025
2025-05-25 04:00:00,1810,2,0,4,0,1879.0,7032.0,6201.0,31,25,0,0,0,0,6,0,3147.296828954152,0,2025
2025-05-25 05:00:00,979,2,0,5,0,1134.0,7073.0,6505.0,31,25,0,0,0,0,6,0,3147.443861300964,0,2025
2025-05-25 06:00:00,1311,2,0,6,0,606.0,7539.0,6068.0,31,25,0,0,0,0,6,0,3147.8981817573413,0,2025
2025-05-25 07:00:00,1681,2,0,7,0,853.0,6401.0,6351.0,31,25,0,0,0,0,6,0,3148.221204789196,0,2025
2025-05-25 08:00:00,2273,2,0,8,0,1319.0,4982.0,7129.0,31,25,0,0,0,0,6,0,3148.410183061095,0,2025
2025-05-25 09:00:00,3353,2,0,9,0,1961.0,3741.0,7688.0,31,25,0,0,0,0,6,0,3148.4114908078823,0,2025
2025-05-25 10:00:00,4385,2,0,10,0,3270.0,2750.0,7187.0,31,25,0,0,0,0,6,0,3148.153966935365,0,2025
2025-05-25 11:00:00,5184,2,0,11,0,4496.0,1879.0,6910.0,31,25,0,0,0,0,6,0,3147.7493299610715,0,2025
2025-05-25 12:00:00,5640,2,0,12,0,5624.0,1134.0,6259.0,31,25,0,0,0,0,6,0,3147.297990036482,0,2025
2025-05-25 13:00:00,6165,2,0,13,0,6437.0,606.0,6430.0,31,25,0,0,0,0,6,0,3146.8463214298886,0,2025
2025-05-25 14:00:00,6787,2,0,14,0,6759.0,853.0,7194.0,31,25,0,0,0,0,6,0,3146.417828440637,0,2025
2025-05-25 15:00:00,6793,2,0,15,0,7370.0,1319.0,7368.0,31,25,0,0,0,0,6,0,3146.049387160689,0,2025
2025-05-25 16:00:00,7220,2,0,16,0,7068.0,1961.0,6394.0,31,25,0,0,0,0,6,0,3145.681815902146,0,2025
2025-05-25 17:00:00,7151,2,0,17,0,7790.0,3270.0,4714.0,31,25,0,0,0,0,6,0,3145.376160888106,0,2025
2025-05-25 18:00:00,7193,2,0,18,0,7346.0,4496.0,3319.0,31,25,0,0,0,0,6,0,3145.0594563101145,0,2025
2025-05-25 19:00:00,6186,2,0,19,0,7381.0,5624.0,2545.0,31,25,0,0,0,0,6,0,3144.74953204954,0,2025
2025-05-25 20:00:00,5276,2,0,20,0,6726.0,6437.0,1810.0,31,25,0,0,0,0,6,0,3144.3233648441237,0,2025
2025-05-25 21:00:00,5360,2,0,21,0,5831.0,6759.0,979.0,31,25,0,0,0,0,6,0,3143.872089141601,0,2025
2025-05-25 22:00:00,5704,2,0,22,0,5542.0,7370.0,1311.0,31,25,0,0,0,0,6,0,3143.420168108768,0,2025
2025-05-25 23:00:00,6486,2,0,23,0,4954.0,7068.0,1681.0,31,25,0,0,0,0,6,0,3142.9717372665173,0,2025
2025-05-26 00:00:00,4587,2,0,0,0,4495.0,7790.0,2273.0,31,26,0,0,0,0,0,0,3142.571240807128,0,2025
2025-05-26 01:00:00,2846,2,0,1,0,2843.0,7346.0,3353.0,31,26,0,0,0,0,0,0,3142.151993665046,0,2025
2025-05-26 02:00:00,1767,2,0,2,0,1752.0,7381.0,4385.0,31,26,0,0,0,0,0,0,3142.0051865295736,0,2025
2025-05-26 03:00:00,1275,2,0,3,0,1024.0,6726.0,5184.0,31,26,0,0,0,0,0,0,3142.165917369326,0,2025
2025-05-26 04:00:00,1046,2,0,4,0,746.0,5831.0,5640.0,31,26,0,0,0,0,0,0,3142.5016656212297,0,2025
2025-05-26 05:00:00,850,2,0,5,0,645.0,5542.0,6165.0,31,26,0,0,0,0,0,0,3142.9258822543243,0,2025
2025-05-26 06:00:00,1246,2,0,6,0,611.0,4954.0,6787.0,31,26,0,0,0,0,0,0,3143.429342197555,0,2025
2025-05-26 07:00:00,1494,2,0,7,0,1001.0,4495.0,6793.0,31,26,0,0,0,0,0,0,3143.7738902947035,0,2025
2025-05-26 08:00:00,1894,2,0,8,0,1408.0,2843.0,7220.0,31,26,0,0,0,0,0,0,3144.0261447320813,0,2025
2025-05-26 09:00:00,2938,2,0,9,0,1915.0,1752.0,7151.0,31,26,0,0,0,0,0,0,3144.1419893445413,0,2025
2025-05-26 10:00:00,4025,2,0,10,0,3092.0,1024.0,7193.0,31,26,0,0,0,0,0,0,3143.971770977571,0,2025
2025-05-26 11:00:00,4608,2,0,11,0,4071.0,746.0,6186.0,31,26,0,0,0,0,0,0,3143.6096972221853,0,2025
2025-05-26 12:00:00,5497,2,0,12,0,4589.0,645.0,5276.0,31,26,0,0,0,0,0,0,3143.189263928092,0,2025
2025-05-26 13:00:00,6033,2,0,13,0,5765.0,611.0,5360.0,31,26,0,0,0,0,0,0,3142.7394662394736,0,2025
2025-05-26 14:00:00,6279,2,0,14,0,6192.0,1001.0,5704.0,31,26,0,0,0,0,0,0,3142.3068414633944,0,2025
2025-05-26 15:00:00,6510,2,0,15,0,6827.0,1408.0,6486.0,31,26,0,0,0,0,0,0,3141.890942183487,0,2025
2025-05-26 16:00:00,6450,2,0,16,0,7222.0,1915.0,4587.0,31,26,0,0,0,0,0,0,3141.4957535838653,0,2025
2025-05-26 17:00:00,6456,2,0,17,0,7403.0,3092.0,2846.0,31,26,0,0,0,0,0,0,3141.094908979847,0,2025
2025-05-26 18:00:00,6170,2,0,18,0,7203.0,4071.0,1767.0,31,26,0,0,0,0,0,0,3140.6947799290133,0,2025
2025-05-26 19:00:00,6217,2,0,19,0,6706.0,4589.0,1275.0,31,26,0,0,0,0,0,0,3140.2715184778126,0,2025
2025-05-26 20:00:00,5830,2,0,20,0,6632.0,5765.0,1046.0,31,26,0,0,0,0,0,0,3139.8517408048765,0,2025
2025-05-26 21:00:00,6013,2,0,21,0,5766.0,6192.0,850.0,31,26,0,0,0,0,0,0,3139.4108444139497,0,2025
2025-05-26 22:00:00,4999,2,0,22,0,5749.0,6827.0,1246.0,31,26,0,0,0,0,0,0,3138.978497644487,0,2025
2025-05-26 23:00:00,3684,2,0,23,0,4193.0,7222.0,1494.0,31,26,0,0,0,0,0,0,3138.5383280966653,0,2025
2025-05-27 00:00:00,2020,2,0,0,0,2924.0,7403.0,1894.0,31,27,0,0,0,0,1,0,3138.2272146339083,0,2025
2025-05-27 01:00:00,912,2,0,1,0,1591.0,7203.0,2938.0,31,27,0,0,0,0,1,0,3138.304464080991,0,2025
2025-05-27 02:00:00,502,2,0,2,0,707.0,6706.0,4025.0,31,27,0,0,0,0,1,0,3138.779268737263,0,2025
2025-05-27 03:00:00,337,2,0,3,0,316.0,6632.0,4608.0,31,27,0,0,0,0,1,0,3139.4285822324323,0,2025
2025-05-27 04:00:00,415,2,0,4,0,173.0,5766.0,5497.0,31,27,0,0,0,0,1,0,3140.151592868173,0,2025
2025-05-27 05:00:00,1170,2,0,5,0,254.0,5749.0,6033.0,31,27,0,0,0,0,1,0,3140.8377064997653,0,2025
2025-05-27 06:00:00,2707,2,0,6,0,767.0,4193.0,6279.0,31,27,0,0,0,0,1,0,3141.2063139911256,0,2025
2025-05-27 07:00:00,4894,2,0,7,0,1983.0,2924.0,6510.0,31,27,0,0,0,0,1,0,3141.0903003279677,0,2025
2025-05-27 08:00:00,6345,2,0,8,0,3885.0,1591.0,6450.0,31,27,0,0,0,0,1,0,3140.655022756196,0,2025
2025-05-27 09:00:00,6135,2,0,9,0,5212.0,707.0,6456.0,31,27,0,0,0,0,1,0,3140.2474842578,0,2025
2025-05-27 10:00:00,5784,2,0,10,0,5695.0,316.0,6170.0,31,27,0,0,0,0,1,0,3139.824309526937,0,2025
2025-05-27 11:00:00,5884,2,0,11,0,6026.0,173.0,6217.0,31,27,0,0,0,0,1,0,3139.3838410071685,0,2025
2025-05-27 12:00:00,6196,2,0,12,0,6361.0,254.0,5830.0,31,27,0,0,0,0,1,0,3138.9473944844867,0,2025
2025-05-27 13:00:00,6693,2,0,13,0,6822.0,767.0,6013.0,31,27,0,0,0,0,1,0,3138.528917510177,0,2025
2025-05-27 14:00:00,7619,2,0,14,0,7538.0,1983.0,4999.0,31,27,0,0,0,0,1,0,3138.1571370491083,0,2025
2025-05-27 15:00:00,7975,2,0,15,0,8327.0,3885.0,3684.0,31,27,0,0,0,0,1,0,3137.9317949546903,0,2025
2025-05-27 16:00:00,8614,2,0,16,0,8688.0,5212.0,2020.0,31,27,0,0,0,0,1,0,3137.783316105617,0,2025
2025-05-27 17:00:00,9535,2,0,17,0,9351.0,5695.0,912.0,31,27,0,0,0,0,1,0,3137.8014298762555,0,2025
2025-05-27 18:00:00,9249,2,0,18,0,9804.0,6026.0,502.0,31,27,0,0,0,0,1,0,3138.124351227437,0,2025
2025-05-27 19:00:00,7593,2,0,19,0,9642.0,6361.0,337.0,31,27,0,0,0,0,1,0,3138.343739592907,0,2025
2025-05-27 20:00:00,7001,2,0,20,0,8223.0,6822.0,415.0,31,27,0,0,0,0,1,0,3138.1126263979104,0,2025
2025-05-27 21:00:00,7443,2,0,21,0,7600.0,7538.0,1170.0,31,27,0,0,0,0,1,0,3137.78085333203,0,2025
2025-05-27 22:00:00,5995,2,0,22,0,8203.0,8327.0,2707.0,31,27,0,0,0,0,1,0,3137.521290855365,0,2025
2025-05-27 23:00:00,3908,2,0,23,0,6334.0,8688.0,4894.0,31,27,0,0,0,0,1,0,3137.0914208647923,0,2025
2025-05-28 00:00:00,2273,2,0,0,0,3621.0,9351.0,6345.0,31,28,0,0,0,0,2,0,3136.7496311791333,0,2025
2025-05-28 01:00:00,1222,2,0,1,0,1835.0,9804.0,6135.0,31,28,0,0,0,0,2,0,3136.7516137787256,0,2025
2025-05-28 02:00:00,640,2,0,2,0,970.0,9642.0,5784.0,31,28,0,0,0,0,2,0,3137.101556558356,0,2025
2025-05-28 03:00:00,443,2,0,3,0,435.0,8223.0,5884.0,31,28,0,0,0,0,2,0,3137.6863756337366,0,2025
2025-05-28 04:00:00,472,2,0,4,0,285.0,7600.0,6196.0,31,28,0,0,0,0,2,0,3138.35676436438,0,2025
2025-05-28 05:00:00,959,2,0,5,0,270.0,8203.0,6693.0,31,28,0,0,0,0,2,0,3139.0130432485257,0,2025
2025-05-28 06:00:00,2297,2,0,6,0,716.0,6334.0,7619.0,31,28,0,0,0,0,2,0,3139.462095070269,0,2025
2025-05-28 07:00:00,5017,2,0,7,0,1763.0,3621.0,7975.0,31,28,0,0,0,0,2,0,3139.4544268792147,0,2025
2025-05-28 08:00:00,6477,2,0,8,0,4194.0,1835.0,8614.0,31,28,0,0,0,0,2,0,3139.0172576896944,0,2025
2025-05-28 09:00:00,6715,2,0,9,0,5307.0,970.0,9535.0,31,28,0,0,0,0,2,0,3138.624764001181,0,2025
2025-05-28 10:00:00,6582,2,0,10,0,6213.0,435.0,9249.0,31,28,0,0,0,0,2,0,3138.2578580987542,0,2025
2025-05-28 11:00:00,6815,2,0,11,0,6323.0,285.0,7593.0,31,28,0,0,0,0,2,0,3137.876232690604,0,2025
2025-05-28 12:00:00,7526,2,0,12,0,6921.0,270.0,7001.0,31,28,0,0,0,0,2,0,3137.5217783540606,0,2025
2025-05-28 13:00:00,7969,2,0,13,0,7835.0,716.0,7443.0,31,28,0,0,0,0,2,0,3137.2801048108245,0,2025
2025-05-28 14:00:00,8659,2,0,14,0,8358.0,1763.0,5995.0,31,28,0,0,0,0,2,0,3137.131600269971,0,2025
2025-05-28 15:00:00,8813,2,0,15,0,9232.0,4194.0,3908.0,31,28,0,0,0,0,2,0,3137.163199608896,0,2025
2025-05-28 16:00:00,9584,2,0,16,0,9518.0,5307.0,2273.0,31,28,0,0,0,0,2,0,3137.2405494163395,0,2025
2025-05-28 17:00:00,11393,2,0,17,0,10179.0,6213.0,1222.0,31,28,0,0,0,0,2,0,3137.579952939072,0,2025
2025-05-28 18:00:00,12041,2,0,18,0,10996.0,6323.0,640.0,31,28,0,0,0,0,2,0,3138.743498492654,0,2025
2025-05-28 19:00:00,11856,2,0,19,0,11294.0,6921.0,443.0,31,28,0,0,0,0,2,0,3140.2716340478705,0,2025
2025-05-28 20:00:00,11311,2,0,20,0,11003.0,7835.0,472.0,31,28,0,0,0,0,2,0,3141.688672249536,0,2025
2025-05-28 21:00:00,11293,2,0,21,0,10131.0,8358.0,959.0,31,28,0,0,0,0,2,0,3142.8020702275808,0,2025
2025-05-28 22:00:00,9995,2,0,22,0,9279.0,9232.0,2297.0,31,28,0,0,0,0,2,0,3143.9040869086325,0,2025
2025-05-28 23:00:00,6102,2,0,23,0,7867.0,9518.0,5017.0,31,28,0,0,0,0,2,0,3144.3973709977126,0,2025
2025-05-29 00:00:00,3352,2,0,0,0,4841.0,10179.0,6477.0,31,29,0,0,0,0,3,0,3143.975146829144,0,2025
2025-05-29 01:00:00,1179,2,0,1,0,2747.0,10996.0,6715.0,31,29,0,0,0,0,3,0,3143.724854353671,0,2025
2025-05-29 02:00:00,656,2,0,2,0,1016.0,11294.0,6582.0,31,29,0,0,0,0,3,0,3144.0888692418903,0,2025
2025-05-29 03:00:00,464,2,0,3,0,539.0,11003.0,6815.0,31,29,0,0,0,0,3,0,3144.662964448714,0,2025
2025-05-29 04:00:00,565,2,0,4,0,326.0,10131.0,7526.0,31,29,0,0,0,0,3,0,3145.3195154677137,0,2025
2025-05-29 05:00:00,1174,2,0,5,0,354.0,9279.0,7969.0,31,29,0,0,0,0,3,0,3145.930665822578,0,2025
2025-05-29 06:00:00,2807,2,0,6,0,784.0,7867.0,8659.0,31,29,0,0,0,0,3,0,3146.293285243836,0,2025
2025-05-29 07:00:00,5669,2,0,7,0,1986.0,4841.0,8813.0,31,29,0,0,0,0,3,0,3146.155443383973,0,2025
2025-05-29 08:00:00,7260,2,0,8,0,4388.0,2747.0,9584.0,31,29,0,0,0,0,3,0,3145.716251737538,0,2025
2025-05-29 09:00:00,7098,2,0,9,0,5406.0,1016.0,11393.0,31,29,0,0,0,0,3,0,3145.426052382523,0,2025
2025-05-29 10:00:00,6424,2,0,10,0,6097.0,539.0,12041.0,31,29,0,0,0,0,3,0,3145.110430656933,0,2025
2025-05-29 11:00:00,6553,2,0,11,0,6527.0,326.0,11856.0,31,29,0,0,0,0,3,0,3144.714091173037,0,2025
2025-05-29 12:00:00,7214,2,0,12,0,6895.0,354.0,11311.0,31,29,0,0,0,0,3,0,3144.3302198659358,0,2025
2025-05-29 13:00:00,7428,2,0,13,0,7767.0,784.0,11293.0,31,29,0,0,0,0,3,0,3144.0328828779407,0,2025
2025-05-29 14:00:00,8298,2,0,14,0,8071.0,1986.0,9995.0,31,29,0,0,0,0,3,0,3143.771911552994,0,2025
2025-05-29 15:00:00,8758,2,0,15,0,8944.0,4388.0,6102.0,31,29,0,0,0,0,3,0,3143.70054360729,0,2025
2025-05-29 16:00:00,9044,2,0,16,0,9395.0,5406.0,3352.0,31,29,0,0,0,0,3,0,3143.7564523884944,0,2025
2025-05-29 17:00:00,10716,2,0,17,0,9582.0,6097.0,1179.0,31,29,0,0,0,0,3,0,3143.9007457379494,0,2025
2025-05-29 18:00:00,10904,2,0,18,0,10767.0,6527.0,656.0,31,29,0,0,0,0,3,0,3144.708586693636,0,2025
2025-05-29 19:00:00,8988,2,0,19,0,11057.0,6895.0,464.0,31,29,0,0,0,0,3,0,3145.6052165654387,0,2025
2025-05-29 20:00:00,8160,2,0,20,0,9660.0,7767.0,565.0,31,29,0,0,0,0,3,0,3145.729592261919,0,2025
2025-05-29 21:00:00,9067,2,0,21,0,8881.0,8071.0,1174.0,31,29,0,0,0,0,3,0,3145.6216964019204,0,2025
2025-05-29 22:00:00,9605,2,0,22,0,9745.0,8944.0,2807.0,31,29,0,0,0,0,3,0,3145.7707377192755,0,2025
2025-05-29 23:00:00,7799,2,0,23,0,8979.0,9395.0,5669.0,31,29,0,0,0,0,3,0,3146.10629316274,0,2025
2025-05-30 00:00:00,5442,2,0,0,0,6549.0,9582.0,7260.0,31,30,0,0,0,0,4,0,3145.915844224354,0,2025
2025-05-30 01:00:00,3048,2,0,1,0,4287.0,10767.0,7098.0,31,30,0,0,0,0,4,0,3145.4759547449075,0,2025
2025-05-30 02:00:00,1576,2,0,2,0,2400.0,11057.0,6424.0,31,30,0,0,0,0,4,0,3145.2883290354075,0,2025
2025-05-30 03:00:00,1006,2,0,3,0,1369.0,9660.0,6553.0,31,30,0,0,0,0,4,0,3145.5082789798994,0,2025
2025-05-30 04:00:00,933,2,0,4,0,699.0,8881.0,7214.0,31,30,0,0,0,0,4,0,3145.937115551647,0,2025
2025-05-30 05:00:00,1119,2,0,5,0,556.0,9745.0,7428.0,31,30,0,0,0,0,4,0,3146.3940493291943,0,2025
2025-05-30 06:00:00,2390,2,0,6,0,724.0,8979.0,8298.0,31,30,0,0,0,0,4,0,3146.7775608430115,0,2025
2025-05-30 07:00:00,4357,2,0,7,0,1713.0,6549.0,8758.0,31,30,0,0,0,0,4,0,3146.7466623789487,0,2025
2025-05-30 08:00:00,5546,2,0,8,0,3473.0,4287.0,9044.0,31,30,0,0,0,0,4,0,3146.3579584342237,0,2025
2025-05-30 09:00:00,5781,2,0,9,0,4711.0,2400.0,10716.0,31,30,0,0,0,0,4,0,3145.919649578523,0,2025
2025-05-30 10:00:00,6266,2,0,10,0,5418.0,1369.0,10904.0,31,30,0,0,0,0,4,0,3145.48652616791,0,2025
2025-05-30 11:00:00,6460,2,0,11,0,6269.0,699.0,8988.0,31,30,0,0,0,0,4,0,3145.0793765676626,0,2025
2025-05-30 12:00:00,6865,2,0,12,0,6627.0,556.0,8160.0,31,30,0,0,0,0,4,0,3144.688533438673,0,2025
2025-05-30 13:00:00,7249,2,0,13,0,7071.0,724.0,9067.0,31,30,0,0,0,0,4,0,3144.342280312048,0,2025
2025-05-30 14:00:00,8385,2,0,14,0,7372.0,1713.0,9605.0,31,30,0,0,0,0,4,0,3144.0516732936558,0,2025
2025-05-30 15:00:00,8676,2,0,15,0,8719.0,3473.0,7799.0,31,30,0,0,0,0,4,0,3144.0018163838795,0,2025
2025-05-30 16:00:00,9120,2,0,16,0,9107.0,4711.0,5442.0,31,30,0,0,0,0,4,0,3144.031772581716,0,2025
2025-05-30 17:00:00,9393,2,0,17,0,9652.0,5418.0,3048.0,31,30,0,0,0,0,4,0,3144.197885600635,0,2025
2025-05-30 18:00:00,9785,2,0,18,0,9788.0,6269.0,1576.0,31,30,0,0,0,0,4,0,3144.456054729437,0,2025
2025-05-30 19:00:00,9304,2,0,19,0,10124.0,6627.0,1006.0,31,30,0,0,0,0,4,0,3144.857920702026,0,2025
2025-05-30 20:00:00,8301,2,0,20,0,9347.0,7071.0,933.0,31,30,0,0,0,0,4,0,3145.0840613265696,0,2025
2025-05-30 21:00:00,8326,2,0,21,0,8863.0,7372.0,1119.0,31,30,0,0,0,0,4,0,3145.0107877231526,0,2025
2025-05-30 22:00:00,9066,2,0,22,0,9465.0,8719.0,2390.0,31,30,0,0,0,0,4,0,3144.9437173956926,0,2025
2025-05-30 23:00:00,8798,2,0,23,0,9694.0,9107.0,4357.0,31,30,0,0,0,0,4,0,3145.0898266070294,0,2025
2025-05-31 00:00:00,8530,2,0,0,0,8177.0,9652.0,5546.0,31,31,0,0,0,1,5,0,3145.1527215342458,0,2025
2025-05-31 01:00:00,7228,2,0,1,0,6947.0,9788.0,5781.0,31,31,0,0,0,1,5,0,3145.138886584737,0,2025
2025-05-31 02:00:00,5015,2,0,2,0,5377.0,10124.0,6266.0,31,31,0,0,0,1,5,0,3144.843981161443,0,2025
2025-05-31 03:00:00,2645,2,0,3,0,3459.0,9347.0,6460.0,31,31,0,0,0,1,5,0,3144.415231023916,0,2025
2025-05-31 04:00:00,1610,2,0,4,0,2243.0,8863.0,6865.0,31,31,0,0,0,1,5,0,3144.322524031167,0,2025
2025-05-31 05:00:00,1015,2,0,5,0,1205.0,9465.0,7249.0,31,31,0,0,0,1,5,0,3144.5316783926714,0,2025
2025-05-31 06:00:00,1501,2,0,6,0,589.0,9694.0,8385.0,31,31,0,0,0,1,5,0,3144.9565919003157,0,2025
2025-05-31 07:00:00,2036,2,0,7,0,909.0,8177.0,8676.0,31,31,0,0,0,1,5,0,3145.2018949429103,0,2025
2025-05-31 08:00:00,3122,2,0,8,0,1445.0,6947.0,9120.0,31,31,0,0,0,1,5,0,3145.273970590889,0,2025
2025-05-31 09:00:00,4524,2,0,9,0,2542.0,5377.0,9393.0,31,31,0,0,0,1,5,0,3145.0728830617118,0,2025
2025-05-31 10:00:00,5534,2,0,10,0,4209.0,3459.0,9785.0,31,31,0,0,0,1,5,0,3144.673290234691,0,2025
2025-05-31 11:00:00,6136,2,0,11,0,5776.0,2243.0,9304.0,31,31,0,0,0,1,5,0,3144.238187151639,0,2025
2025-05-31 12:00:00,6952,2,0,12,0,6627.0,1205.0,8301.0,31,31,0,0,0,1,5,0,3143.8247401161098,0,2025
2025-05-31 13:00:00,7436,2,0,13,0,7792.0,589.0,8326.0,31,31,0,0,0,1,5,0,3143.4914867377,0,2025
2025-05-31 14:00:00,7838,2,0,14,0,8316.0,909.0,9066.0,31,31,0,0,0,1,5,0,3143.233463237567,0,2025
2025-05-31 15:00:00,7980,2,0,15,0,8398.0,1445.0,8798.0,31,31,0,0,0,1,5,0,3143.0535112580624,0,2025
2025-05-31 16:00:00,8296,2,0,16,0,8685.0,2542.0,8530.0,31,31,0,0,0,1,5,0,3142.904460452045,0,2025
2025-05-31 17:00:00,8718,2,0,17,0,9067.0,4209.0,7228.0,31,31,0,0,0,1,5,0,3142.8305375020013,0,2025
2025-05-31 18:00:00,9290,2,0,18,0,9320.0,5776.0,5015.0,31,31,0,0,0,1,5,0,3142.8705304616374,0,2025
2025-05-31 19:00:00,9338,2,0,19,0,9750.0,6627.0,2645.0,31,31,0,0,0,1,5,0,3143.089758665378,0,2025
2025-05-31 20:00:00,8401,2,0,20,0,9946.0,7792.0,1610.0,31,31,0,0,0,1,5,0,3143.3248516320027,0,2025
2025-05-31 21:00:00,8433,2,0,21,0,9386.0,8316.0,1015.0,31,31,0,0,0,1,5,0,3143.2768038990585,0,2025
2025-05-31 22:00:00,10427,2,0,22,0,9615.0,8398.0,1501.0,31,31,0,0,0,1,5,0,3143.2369445854824,0,2025
2025-05-31 23:00:00,11411,2,0,23,0,10212.0,8685.0,2036.0,31,31,0,0,0,1,5,0,3143.89581950754,0,2025
2025-06-01 00:00:00,3,2,0,0,0,8759.0,9067.0,3122.0,30,1,1,0,0,0,6,0,3145.026709251062,0,2025
2025-06-01 01:00:00,7317,2,0,1,0,9.0,9320.0,4524.0,30,1,1,0,0,0,6,0,3145.889586917637,0,2025
2025-06-01 02:00:00,5539,2,0,2,0,5682.0,9750.0,5534.0,30,1,1,0,0,0,6,0,3145.610174987592,0,2025
2025-06-01 03:00:00,3703,2,0,3,0,4452.0,9946.0,6136.0,30,1,1,0,0,0,6,0,3145.1768171916906,0,2025
2025-06-01 04:00:00,2446,2,0,4,0,2709.0,9386.0,6952.0,30,1,1,0,0,0,6,0,3144.8754340627224,0,2025
2025-06-01 05:00:00,1144,2,0,5,0,1670.0,9615.0,7436.0,30,1,1,0,0,0,6,0,3144.834614084578,0,2025
2025-06-01 06:00:00,1368,2,0,6,0,766.0,10212.0,7838.0,30,1,1,0,0,0,6,0,3145.2091534133847,0,2025
2025-06-01 07:00:00,1915,2,0,7,0,912.0,8759.0,7980.0,30,1,1,0,0,0,6,0,3145.500988188802,0,2025
2025-06-01 08:00:00,2802,2,0,8,0,1586.0,9.0,8296.0,30,1,1,0,0,0,6,0,3145.610548704039,0,2025
2025-06-01 09:00:00,4308,2,0,9,0,2525.0,5682.0,8718.0,30,1,1,0,0,0,6,0,3145.480925206952,0,2025
2025-06-01 10:00:00,5856,2,0,10,0,4096.0,4452.0,9290.0,30,1,1,0,0,0,6,0,3145.103527753223,0,2025
2025-06-01 11:00:00,6448,2,0,11,0,5538.0,2709.0,9338.0,30,1,1,0,0,0,6,0,3144.6785398273205,0,2025
2025-06-01 12:00:00,7225,2,0,12,0,6166.0,1670.0,8401.0,30,1,1,0,0,0,6,0,3144.290876758096,0,2025
2025-06-01 13:00:00,7488,2,0,13,0,7134.0,766.0,8433.0,30,1,1,0,0,0,6,0,3143.9986031259023,0,2025
2025-06-01 14:00:00,7567,2,0,14,0,7238.0,912.0,10427.0,30,1,1,0,0,0,6,0,3143.7505658363525,0,2025
2025-06-01 15:00:00,7424,2,0,15,0,7764.0,1586.0,11411.0,30,1,1,0,0,0,6,0,3143.5169891808523,0,2025
2025-06-01 16:00:00,7853,2,0,16,0,7813.0,2525.0,3.0,30,1,1,0,0,0,6,0,3143.25767958922,0,2025
2025-06-01 17:00:00,7732,2,0,17,0,8462.0,4096.0,7317.0,30,1,1,0,0,0,6,0,3143.080925741007,0,2025
2025-06-01 18:00:00,7356,2,0,18,0,8344.0,5538.0,5539.0,30,1,1,0,0,0,6,0,3142.879225870056,0,2025
2025-06-01 19:00:00,6305,2,0,19,0,7947.0,6166.0,3703.0,30,1,1,0,0,0,6,0,3142.6083407735096,0,2025
2025-06-01 20:00:00,5969,2,0,20,0,6856.0,7134.0,2446.0,30,1,1,0,0,0,6,0,3142.209753389045,0,2025
2025-06-01 21:00:00,5927,2,0,21,0,6137.0,7238.0,1144.0,30,1,1,0,0,0,6,0,3141.7908379766254,0,2025
2025-06-01 22:00:00,4999,2,0,22,0,5925.0,7764.0,1368.0,30,1,1,0,0,0,6,0,3141.370224043423,0,2025
2025-06-01 23:00:00,3540,2,0,23,0,4493.0,7813.0,1915.0,30,1,1,0,0,0,6,0,3140.9478604053897,0,2025
2025-06-02 00:00:00,2042,2,0,0,0,2936.0,8462.0,2802.0,30,2,0,0,0,0,0,0,3140.67462424748,0,2025
2025-06-02 01:00:00,1036,2,0,1,0,1892.0,8344.0,4308.0,30,2,0,0,0,0,0,0,3140.747521788533,0,2025
2025-06-02 02:00:00,514,2,0,2,0,926.0,7947.0,5856.0,30,2,0,0,0,0,0,0,3141.162210115817,0,2025
2025-06-02 03:00:00,377,2,0,3,0,417.0,6856.0,6448.0,30,2,0,0,0,0,0,0,3141.7882954774805,0,2025
2025-06-02 04:00:00,535,2,0,4,0,265.0,6137.0,7225.0,30,2,0,0,0,0,0,0,3142.472900755748,0,2025
2025-06-02 05:00:00,1095,2,0,5,0,329.0,5925.0,7488.0,30,2,0,0,0,0,0,0,3143.0878731253883,0,2025
2025-06-02 06:00:00,2518,2,0,6,0,728.0,4493.0,7567.0,30,2,0,0,0,0,0,0,3143.476705480024,0,2025
2025-06-02 07:00:00,4520,2,0,7,0,1841.0,2936.0,7424.0,30,2,0,0,0,0,0,0,3143.415911804309,0,2025
2025-06-02 08:00:00,5950,2,0,8,0,3645.0,1892.0,7853.0,30,2,0,0,0,0,0,0,3143.0219378447764,0,2025
2025-06-02 09:00:00,5738,2,0,9,0,5012.0,926.0,7732.0,30,2,0,0,0,0,0,0,3142.603817750145,0,2025
2025-06-02 10:00:00,5349,2,0,10,0,5408.0,417.0,7356.0,30,2,0,0,0,0,0,0,3142.178235314829,0,2025
2025-06-02 11:00:00,5374,2,0,11,0,5559.0,265.0,6305.0,30,2,0,0,0,0,0,0,3141.749000555565,0,2025
2025-06-02 12:00:00,5940,2,0,12,0,5945.0,329.0,5969.0,30,2,0,0,0,0,0,0,3141.3197917542675,0,2025
2025-06-02 13:00:00,6068,2,0,13,0,6533.0,728.0,5927.0,30,2,0,0,0,0,0,0,3140.901911541498,0,2025
2025-06-02 14:00:00,6936,2,0,14,0,6732.0,1841.0,4999.0,30,2,0,0,0,0,0,0,3140.490580258726,0,2025
2025-06-02 15:00:00,7518,2,0,15,0,7620.0,3645.0,3540.0,30,2,0,0,0,0,0,0,3140.160251473145,0,2025
2025-06-02 16:00:00,7587,2,0,16,0,8172.0,5012.0,2042.0,30,2,0,0,0,0,0,0,3139.920864816525,0,2025
2025-06-02 17:00:00,8497,2,0,17,0,8098.0,5408.0,1036.0,30,2,0,0,0,0,0,0,3139.694204342131,0,2025
2025-06-02 18:00:00,8614,2,0,18,0,8911.0,5559.0,514.0,30,2,0,0,0,0,0,0,3139.673874083939,0,2025
2025-06-02 19:00:00,6818,2,0,19,0,9019.0,5945.0,377.0,30,2,0,0,0,0,0,0,3139.685062608435,0,2025
2025-06-02 20:00:00,6683,2,0,20,0,7427.0,6533.0,535.0,30,2,0,0,0,0,0,0,3139.3401052054933,0,2025
2025-06-02 21:00:00,6668,2,0,21,0,7328.0,6732.0,1095.0,30,2,0,0,0,0,0,0,3138.9798253649155,0,2025
2025-06-02 22:00:00,5321,2,0,22,0,6855.0,7620.0,2518.0,30,2,0,0,0,0,0,0,3138.6180479427803,0,2025
2025-06-02 23:00:00,3141,2,0,23,0,5244.0,8172.0,4520.0,30,2,0,0,0,0,0,0,3138.1909788210974,0,2025
2025-06-03 00:00:00,2030,2,0,0,0,3015.0,8098.0,5950.0,30,3,0,0,0,0,1,0,3137.9918846381656,0,2025
2025-06-03 01:00:00,1145,2,0,1,0,1788.0,8911.0,5738.0,30,3,0,0,0,0,1,0,3138.067379215103,0,2025
2025-06-03 02:00:00,587,2,0,2,0,946.0,9019.0,5349.0,30,3,0,0,0,0,1,0,3138.437758262995,0,2025
2025-06-03 03:00:00,352,2,0,3,0,393.0,7427.0,5374.0,30,3,0,0,0,0,1,0,3139.0283412223166,0,2025
2025-06-03 04:00:00,404,2,0,4,0,214.0,7328.0,5940.0,30,3,0,0,0,0,1,0,3139.7189615527827,0,2025
2025-06-03 05:00:00,887,2,0,5,0,234.0,6855.0,6068.0,30,3,0,0,0,0,1,0,3140.3856982165566,0,2025
2025-06-03 06:00:00,2313,2,0,6,0,584.0,5244.0,6936.0,30,3,0,0,0,0,1,0,3140.851372642908,0,2025
2025-06-03 07:00:00,4795,2,0,7,0,1798.0,3015.0,7518.0,30,3,0,0,0,0,1,0,3140.843991713205,0,2025
2025-06-03 08:00:00,6464,2,0,8,0,4012.0,1788.0,7587.0,30,3,0,0,0,0,1,0,3140.434336805908,0,2025
2025-06-03 09:00:00,6489,2,0,9,0,5424.0,946.0,8497.0,30,3,0,0,0,0,1,0,3140.054227630999,0,2025
2025-06-03 10:00:00,6586,2,0,10,0,6010.0,393.0,8614.0,30,3,0,0,0,0,1,0,3139.6765248822912,0,2025
2025-06-03 11:00:00,6823,2,0,11,0,6373.0,214.0,6818.0,30,3,0,0,0,0,1,0,3139.308275595459,0,2025
2025-06-03 12:00:00,6930,2,0,12,0,6922.0,234.0,6683.0,30,3,0,0,0,0,1,0,3138.9663362042616,0,2025
2025-06-03 13:00:00,7416,2,0,13,0,7266.0,584.0,6668.0,30,3,0,0,0,0,1,0,3138.6379069856803,0,2025
2025-06-03 14:00:00,8071,2,0,14,0,7872.0,1798.0,5321.0,30,3,0,0,0,0,1,0,3138.3828949272406,0,2025
2025-06-03 15:00:00,8283,2,0,15,0,8734.0,4012.0,3141.0,30,3,0,0,0,0,1,0,3138.258975403416,0,2025
2025-06-03 16:00:00,8565,2,0,16,0,9158.0,5424.0,2030.0,30,3,0,0,0,0,1,0,3138.185292959168,0,2025
2025-06-03 17:00:00,9617,2,0,17,0,9450.0,6010.0,1145.0,30,3,0,0,0,0,1,0,3138.184397585694,0,2025
2025-06-03 18:00:00,10823,2,0,18,0,9915.0,6373.0,587.0,30,3,0,0,0,0,1,0,3138.5157968851954,0,2025
2025-06-03 19:00:00,8622,2,0,19,0,11090.0,6922.0,352.0,30,3,0,0,0,0,1,0,3139.344976341677,0,2025
2025-06-03 20:00:00,8989,2,0,20,0,8905.0,7266.0,404.0,30,3,0,0,0,0,1,0,3139.3583786812696,0,2025
2025-06-03 21:00:00,10194,2,0,21,0,8830.0,7872.0,887.0,30,3,0,0,0,0,1,0,3139.478259564632,0,2025
2025-06-03 22:00:00,9025,2,0,22,0,8883.0,8734.0,2313.0,30,3,0,0,0,0,1,0,3140.029610831765,0,2025
2025-06-03 23:00:00,5416,2,0,23,0,7331.0,9158.0,4795.0,30,3,0,0,0,0,1,0,3140.159609034365,0,2025
2025-06-04 00:00:00,2516,2,0,0,0,4313.0,9450.0,6464.0,30,4,0,0,0,0,2,0,3139.734679581316,0,2025
2025-06-04 01:00:00,1165,2,0,1,0,2199.0,9915.0,6489.0,30,4,0,0,0,0,2,0,3139.6775147300477,0,2025
2025-06-04 02:00:00,626,2,0,2,0,1004.0,11090.0,6586.0,30,4,0,0,0,0,2,0,3140.038582735839,0,2025
2025-06-04 03:00:00,421,2,0,3,0,505.0,8905.0,6823.0,30,4,0,0,0,0,2,0,3140.6096285930503,0,2025
2025-06-04 04:00:00,437,2,0,4,0,317.0,8830.0,6930.0,30,4,0,0,0,0,2,0,3141.266335847911,0,2025
2025-06-04 05:00:00,1148,2,0,5,0,277.0,8883.0,7416.0,30,4,0,0,0,0,2,0,3141.915082268879,0,2025
2025-06-04 06:00:00,2739,2,0,6,0,730.0,7331.0,8071.0,30,4,0,0,0,0,2,0,3142.27925276832,0,2025
2025-06-04 07:00:00,5612,2,0,7,0,1895.0,4313.0,8283.0,30,4,0,0,0,0,2,0,3142.1660445207312,0,2025
2025-06-04 08:00:00,7435,2,0,8,0,4282.0,2199.0,8565.0,30,4,0,0,0,0,2,0,3141.7431756956635,0,2025
2025-06-04 09:00:00,7226,2,0,9,0,5681.0,1004.0,9617.0,30,4,0,0,0,0,2,0,3141.4918408155795,0,2025
2025-06-04 10:00:00,6748,2,0,10,0,6224.0,505.0,10823.0,30,4,0,0,0,0,2,0,3141.2064077782284,0,2025
2025-06-04 11:00:00,7125,2,0,11,0,6974.0,317.0,8622.0,30,4,0,0,0,0,2,0,3140.857126354292,0,2025
2025-06-04 12:00:00,7455,2,0,12,0,7591.0,277.0,8989.0,30,4,0,0,0,0,2,0,3140.5566996031903,0,2025
2025-06-04 13:00:00,7746,2,0,13,0,8028.0,730.0,10194.0,30,4,0,0,0,0,2,0,3140.3090025470533,0,2025
2025-06-04 14:00:00,8685,2,0,14,0,8362.0,1895.0,9025.0,30,4,0,0,0,0,2,0,3140.1154965441465,0,2025
2025-06-04 15:00:00,9375,2,0,15,0,9165.0,4282.0,5416.0,30,4,0,0,0,0,2,0,3140.146224620683,0,2025
2025-06-04 16:00:00,9716,2,0,16,0,9696.0,5681.0,2516.0,30,4,0,0,0,0,2,0,3140.389590665788,0,2025
2025-06-04 17:00:00,11464,2,0,17,0,9778.0,6224.0,1165.0,30,4,0,0,0,0,2,0,3140.7526644182767,0,2025
2025-06-04 18:00:00,12543,2,0,18,0,10656.0,6974.0,626.0,30,4,0,0,0,0,2,0,3141.887306407031,0,2025
2025-06-04 19:00:00,10143,2,0,19,0,11609.0,7591.0,421.0,30,4,0,0,0,0,2,0,3143.6268226229545,0,2025
2025-06-04 20:00:00,9396,2,0,20,0,10489.0,8028.0,437.0,30,4,0,0,0,0,2,0,3144.1507564141984,0,2025
2025-06-04 21:00:00,10920,2,0,21,0,9698.0,8362.0,1148.0,30,4,0,0,0,0,2,0,3144.397133058624,0,2025
2025-06-04 22:00:00,10529,2,0,22,0,9751.0,9165.0,2739.0,30,4,0,0,0,0,2,0,3145.2577370490567,0,2025
2025-06-04 23:00:00,7418,2,0,23,0,8990.0,9696.0,5612.0,30,4,0,0,0,0,2,0,3145.940448659563,0,2025
2025-06-05 00:00:00,4476,2,0,0,0,5866.0,9778.0,7435.0,30,5,0,0,0,0,3,0,3145.683925826824,0,2025
2025-06-05 01:00:00,1897,2,0,1,0,3360.0,10656.0,7226.0,30,5,0,0,0,0,3,0,3145.301185717109,0,2025
2025-06-05 02:00:00,1020,2,0,2,0,1410.0,11609.0,6748.0,30,5,0,0,0,0,3,0,3145.41604219461,0,2025
2025-06-05 03:00:00,710,2,0,3,0,699.0,10489.0,7125.0,30,5,0,0,0,0,3,0,3145.828963254361,0,2025
2025-06-05 04:00:00,692,2,0,4,0,446.0,9698.0,7455.0,30,5,0,0,0,0,3,0,3146.362266425474,0,2025
2025-06-05 05:00:00,1307,2,0,5,0,393.0,9751.0,7746.0,30,5,0,0,0,0,3,0,3146.9019586398804,0,2025
2025-06-05 06:00:00,2849,2,0,6,0,827.0,8990.0,8685.0,30,5,0,0,0,0,3,0,3147.2078868231174,0,2025
2025-06-05 07:00:00,5181,2,0,7,0,1927.0,5866.0,9375.0,30,5,0,0,0,0,3,0,3147.0714366891966,0,2025
2025-06-05 08:00:00,6988,2,0,8,0,3919.0,3360.0,9716.0,30,5,0,0,0,0,3,0,3146.6520250045933,0,2025
2025-06-05 09:00:00,7119,2,0,9,0,5469.0,1410.0,11464.0,30,5,0,0,0,0,3,0,3146.3323603610816,0,2025
2025-06-05 10:00:00,7326,2,0,10,0,6030.0,699.0,12543.0,30,5,0,0,0,0,3,0,3146.0308103750167,0,2025
2025-06-05 11:00:00,7658,2,0,11,0,7063.0,446.0,10143.0,30,5,0,0,0,0,3,0,3145.760787279168,0,2025
2025-06-05 12:00:00,8181,2,0,12,0,7592.0,393.0,9396.0,30,5,0,0,0,0,3,0,3145.548857470864,0,2025
2025-06-05 13:00:00,8639,2,0,13,0,8219.0,827.0,10920.0,30,5,0,0,0,0,3,0,3145.447360020933,0,2025
2025-06-05 14:00:00,9532,2,0,14,0,8793.0,1927.0,10529.0,30,5,0,0,0,0,3,0,3145.461533645223,0,2025
2025-06-05 15:00:00,10187,2,0,15,0,9831.0,3919.0,7418.0,30,5,0,0,0,0,3,0,3145.7524365415625,0,2025
2025-06-05 16:00:00,10852,2,0,16,0,10231.0,5469.0,4476.0,30,5,0,0,0,0,3,0,3146.2889088611787,0,2025
2025-06-05 17:00:00,12319,2,0,17,0,10710.0,6030.0,1897.0,30,5,0,0,0,0,3,0,3147.1114996463866,0,2025
2025-06-05 18:00:00,13546,2,0,18,0,11195.0,7063.0,1020.0,30,5,0,0,0,0,3,0,3148.6981795830525,0,2025
2025-06-05 19:00:00,11978,2,0,19,0,12055.0,7592.0,710.0,30,5,0,0,0,0,3,0,3151.061785298335,0,2025
2025-06-05 20:00:00,11421,2,0,20,0,10722.0,8219.0,692.0,30,5,0,0,0,0,3,0,3152.4484901483484,0,2025
2025-06-05 21:00:00,12210,2,0,21,0,10008.0,8793.0,1307.0,30,5,0,0,0,0,3,0,3153.537879931105,0,2025
2025-06-05 22:00:00,11439,2,0,22,0,10145.0,9831.0,2849.0,30,5,0,0,0,0,3,0,3155.0507568754306,0,2025
2025-06-05 23:00:00,9813,2,0,23,0,8809.0,10231.0,5181.0,30,5,0,0,0,0,3,0,3156.145358418457,0,2025
2025-06-06 00:00:00,6714,2,0,0,0,6818.0,10710.0,6988.0,30,6,0,0,0,0,4,0,3156.5269554426486,0,2025
2025-06-06 01:00:00,3851,2,0,1,0,4583.0,11195.0,7119.0,30,6,0,0,0,0,4,0,3156.172196952016,0,2025
2025-06-06 02:00:00,2082,2,0,2,0,2634.0,12055.0,7326.0,30,6,0,0,0,0,4,0,3155.8599511216958,0,2025
2025-06-06 03:00:00,1269,2,0,3,0,1409.0,10722.0,7658.0,30,6,0,0,0,0,4,0,3155.9203933355725,0,2025
2025-06-06 04:00:00,1170,2,0,4,0,746.0,10008.0,8181.0,30,6,0,0,0,0,4,0,3156.240390993753,0,2025
2025-06-06 05:00:00,1462,2,0,5,0,613.0,10145.0,8639.0,30,6,0,0,0,0,4,0,3156.5952243295706,0,2025
2025-06-06 06:00:00,2696,2,0,6,0,857.0,8809.0,9532.0,30,6,0,0,0,0,4,0,3156.847349284268,0,2025
2025-06-06 07:00:00,4289,2,0,7,0,1683.0,6818.0,10187.0,30,6,0,0,0,0,4,0,3156.747369360364,0,2025
2025-06-06 08:00:00,5372,2,0,8,0,3129.0,4583.0,10852.0,30,6,0,0,0,0,4,0,3156.383677571954,0,2025
2025-06-06 09:00:00,5603,2,0,9,0,3960.0,2634.0,12319.0,30,6,0,0,0,0,4,0,3155.9632920231547,0,2025
2025-06-06 10:00:00,6091,2,0,10,0,4663.0,1409.0,13546.0,30,6,0,0,0,0,4,0,3155.543769582128,0,2025
2025-06-06 11:00:00,6548,2,0,11,0,5690.0,746.0,11978.0,30,6,0,0,0,0,4,0,3155.1406889746227,0,2025
2025-06-06 12:00:00,7296,2,0,12,0,6074.0,613.0,11421.0,30,6,0,0,0,0,4,0,3154.771217657797,0,2025
2025-06-06 13:00:00,8056,2,0,13,0,6676.0,857.0,12210.0,30,6,0,0,0,0,4,0,3154.4946306041093,0,2025
2025-06-06 14:00:00,9076,2,0,14,0,7467.0,1683.0,11439.0,30,6,0,0,0,0,4,0,3154.360626515432,0,2025
2025-06-06 15:00:00,9210,2,0,15,0,8312.0,3129.0,9813.0,30,6,0,0,0,0,4,0,3154.494280711805,0,2025
2025-06-06 16:00:00,9690,2,0,16,0,8456.0,3960.0,6714.0,30,6,0,0,0,0,4,0,3154.6692331739573,0,2025
2025-06-06 17:00:00,11278,2,0,17,0,8998.0,4663.0,3851.0,30,6,0,0,0,0,4,0,3155.0053557351966,0,2025
2025-06-06 18:00:00,11667,2,0,18,0,10272.0,5690.0,2082.0,30,6,0,0,0,0,4,0,3156.0133439755878,0,2025
2025-06-06 19:00:00,10751,2,0,19,0,9481.0,6074.0,1269.0,30,6,0,0,0,0,4,0,3157.2166466011445,0,2025
2025-06-06 20:00:00,8647,2,0,20,0,9276.0,6676.0,1170.0,30,6,0,0,0,0,4,0,3157.974981178826,0,2025
2025-06-06 21:00:00,9515,2,0,21,0,7898.0,7467.0,1462.0,30,6,0,0,0,0,4,0,3157.9822854057256,0,2025
2025-06-06 22:00:00,10908,2,0,22,0,8733.0,8312.0,2696.0,30,6,0,0,0,0,4,0,3158.253472478673,0,2025
2025-06-06 23:00:00,10375,2,0,23,0,8977.0,8456.0,4289.0,30,6,0,0,0,0,4,0,3159.079999095986,0,2025
2025-06-07 00:00:00,9090,2,0,0,0,8096.0,8998.0,5372.0,30,7,0,0,0,0,5,0,3159.6734554571844,0,2025
2025-06-07 01:00:00,7134,2,0,1,0,6506.0,10272.0,5603.0,30,7,0,0,0,0,5,0,3159.8056206858923,0,2025
2025-06-07 02:00:00,5254,2,0,2,0,4579.0,9481.0,6091.0,30,7,0,0,0,0,5,0,3159.503080099068,0,2025
2025-06-07 03:00:00,3720,2,0,3,0,3365.0,9276.0,6548.0,30,7,0,0,0,0,5,0,3159.0859296698422,0,2025
2025-06-07 04:00:00,2198,2,0,4,0,2247.0,7898.0,7296.0,30,7,0,0,0,0,5,0,3158.7951491929434,0,2025
2025-06-07 05:00:00,1110,2,0,5,0,1182.0,8733.0,8056.0,30,7,0,0,0,0,5,0,3158.8246967143014,0,2025
2025-06-07 06:00:00,1435,2,0,6,0,605.0,8977.0,9076.0,30,7,0,0,0,0,5,0,3159.201860712106,0,2025
2025-06-07 07:00:00,2362,2,0,7,0,885.0,8096.0,9210.0,30,7,0,0,0,0,5,0,3159.464124937023,0,2025
2025-06-07 08:00:00,3201,2,0,8,0,1771.0,6506.0,9690.0,30,7,0,0,0,0,5,0,3159.448854735725,0,2025
2025-06-07 09:00:00,4505,2,0,9,0,2796.0,4579.0,11278.0,30,7,0,0,0,0,5,0,3159.244851062943,0,2025
2025-06-07 10:00:00,6144,2,0,10,0,4169.0,3365.0,11667.0,30,7,0,0,0,0,5,0,3158.8649949360565,0,2025
2025-06-07 11:00:00,6706,2,0,11,0,5842.0,2247.0,10751.0,30,7,0,0,0,0,5,0,3158.466390003247,0,2025
2025-06-07 12:00:00,7770,2,0,12,0,6266.0,1182.0,8647.0,30,7,0,0,0,0,5,0,3158.11326229716,0,2025
2025-06-07 13:00:00,9250,2,0,13,0,7662.0,605.0,9515.0,30,7,0,0,0,0,5,0,3157.918466550836,0,2025
2025-06-07 14:00:00,9845,2,0,14,0,9140.0,885.0,10908.0,30,7,0,0,0,0,5,0,3158.1012096625977,0,2025
2025-06-07 15:00:00,8363,2,0,15,0,9029.0,1771.0,10375.0,30,7,0,0,0,0,5,0,3158.4868730704734,0,2025
2025-06-07 16:00:00,8715,2,0,16,0,8250.0,2796.0,9090.0,30,7,0,0,0,0,5,0,3158.4206889959,0,2025
2025-06-07 17:00:00,10065,2,0,17,0,8926.0,4169.0,7134.0,30,7,0,0,0,0,5,0,3158.44483511266,0,2025
2025-06-07 18:00:00,11757,2,0,18,0,9892.0,5842.0,5254.0,30,7,0,0,0,0,5,0,3158.911601663947,0,2025
2025-06-07 19:00:00,9560,2,0,19,0,10639.0,6266.0,3720.0,30,7,0,0,0,0,5,0,3160.147208905572,0,2025
2025-06-07 20:00:00,7432,2,0,20,0,8778.0,7662.0,2198.0,30,7,0,0,0,0,5,0,3160.4287426194383,0,2025
2025-06-07 21:00:00,8092,2,0,21,0,7631.0,9140.0,1110.0,30,7,0,0,0,0,5,0,3160.1721551704227,0,2025
2025-06-07 22:00:00,9371,2,0,22,0,8183.0,9029.0,1435.0,30,7,0,0,0,0,5,0,3160.0418299103653,0,2025
2025-06-07 23:00:00,10737,2,0,23,0,8514.0,8250.0,2362.0,30,7,0,0,0,0,5,0,3160.259399179973,0,2025
2025-06-08 00:00:00,9461,2,0,0,0,8369.0,8926.0,3201.0,30,8,0,0,0,0,6,0,3160.9985915841203,0,2025
2025-06-08 01:00:00,7575,2,0,1,0,7054.0,9892.0,4505.0,30,8,0,0,0,0,6,0,3161.244527091409,0,2025
2025-06-08 02:00:00,5884,2,0,2,0,5312.0,10639.0,6144.0,30,8,0,0,0,0,6,0,3161.011545958628,0,2025
2025-06-08 03:00:00,4253,2,0,3,0,4255.0,8778.0,6706.0,30,8,0,0,0,0,6,0,3160.601873669759,0,2025
2025-06-08 04:00:00,2594,2,0,4,0,2990.0,7631.0,7770.0,30,8,0,0,0,0,6,0,3160.247793582853,0,2025
2025-06-08 05:00:00,1253,2,0,5,0,1569.0,8183.0,9250.0,30,8,0,0,0,0,6,0,3160.177602837847,0,2025
2025-06-08 06:00:00,1457,2,0,6,0,755.0,8514.0,9845.0,30,8,0,0,0,0,6,0,3160.504066591581,0,2025
2025-06-08 07:00:00,1927,2,0,7,0,879.0,8369.0,8363.0,30,8,0,0,0,0,6,0,3160.759956403877,0,2025
2025-06-08 08:00:00,2873,2,0,8,0,1624.0,7054.0,8715.0,30,8,0,0,0,0,6,0,3160.86739217839,0,2025
2025-06-08 09:00:00,4241,2,0,9,0,2611.0,5312.0,10065.0,30,8,0,0,0,0,6,0,3160.732604189948,0,2025
2025-06-08 10:00:00,5508,2,0,10,0,3648.0,4255.0,11757.0,30,8,0,0,0,0,6,0,3160.379791554808,0,2025
2025-06-08 11:00:00,6181,2,0,11,0,5009.0,2990.0,9560.0,30,8,0,0,0,0,6,0,3159.964200404427,0,2025
2025-06-08 12:00:00,7041,2,0,12,0,5807.0,1569.0,7432.0,30,8,0,0,0,0,6,0,3159.5696852641267,0,2025
2025-06-08 13:00:00,7425,2,0,13,0,6644.0,755.0,8092.0,30,8,0,0,0,0,6,0,3159.2568599385613,0,2025
2025-06-08 14:00:00,7449,2,0,14,0,6973.0,879.0,9371.0,30,8,0,0,0,0,6,0,3159.0003698842524,0,2025
2025-06-08 15:00:00,8194,2,0,15,0,7120.0,1624.0,10737.0,30,8,0,0,0,0,6,0,3158.7478318770445,0,2025
2025-06-08 16:00:00,8347,2,0,16,0,7890.0,2611.0,9461.0,30,8,0,0,0,0,6,0,3158.640807054016,0,2025
2025-06-08 17:00:00,8958,2,0,17,0,8012.0,3648.0,7575.0,30,8,0,0,0,0,6,0,3158.5692448089485,0,2025
2025-06-08 18:00:00,8932,2,0,18,0,8110.0,5009.0,5884.0,30,8,0,0,0,0,6,0,3158.6589104318678,0,2025
2025-06-08 19:00:00,7186,2,0,19,0,8180.0,5807.0,4253.0,30,8,0,0,0,0,6,0,3158.7407673728,0,2025
2025-06-08 20:00:00,5967,2,0,20,0,7039.0,6644.0,2594.0,30,8,0,0,0,0,6,0,3158.44775711442,0,2025
2025-06-08 21:00:00,6089,2,0,21,0,5954.0,6973.0,1253.0,30,8,0,0,0,0,6,0,3158.0434467407235,0,2025
2025-06-08 22:00:00,5961,2,0,22,0,5655.0,7120.0,1457.0,30,8,0,0,0,0,6,0,3157.6448778990075,0,2025
2025-06-08 23:00:00,5109,2,0,23,0,4821.0,7890.0,1927.0,30,8,0,0,0,0,6,0,3157.24063283263,0,2025
2025-06-09 00:00:00,2946,2,0,0,0,4011.0,8012.0,2873.0,30,9,0,0,0,0,0,0,3156.832428183085,0,2025
2025-06-09 01:00:00,1721,2,0,1,0,2697.0,8110.0,4241.0,30,9,0,0,0,0,0,0,3156.68455174936,0,2025
2025-06-09 02:00:00,850,2,0,2,0,1597.0,8180.0,5508.0,30,9,0,0,0,0,0,0,3156.8560187670914,0,2025
2025-06-09 03:00:00,578,2,0,3,0,735.0,7039.0,6181.0,30,9,0,0,0,0,0,0,3157.3297298067105,0,2025
2025-06-09 04:00:00,903,2,0,4,0,434.0,5954.0,7041.0,30,9,0,0,0,0,0,0,3157.909984317873,0,2025
2025-06-09 05:00:00,1360,2,0,5,0,594.0,5655.0,7425.0,30,9,0,0,0,0,0,0,3158.3618738329683,0,2025
2025-06-09 06:00:00,2671,2,0,6,0,880.0,4821.0,7449.0,30,9,0,0,0,0,0,0,3158.6487270466773,0,2025
2025-06-09 07:00:00,5087,2,0,7,0,1786.0,4011.0,8194.0,30,9,0,0,0,0,0,0,3158.559971498064,0,2025
2025-06-09 08:00:00,6759,2,0,8,0,3868.0,2697.0,8347.0,30,9,0,0,0,0,0,0,3158.1529047909444,0,2025
2025-06-09 09:00:00,6694,2,0,9,0,5117.0,1597.0,8958.0,30,9,0,0,0,0,0,0,3157.808774780057,0,2025
2025-06-09 10:00:00,6228,2,0,10,0,6034.0,735.0,8932.0,30,9,0,0,0,0,0,0,3157.457989564793,0,2025
2025-06-09 11:00:00,6116,2,0,11,0,6476.0,434.0,7186.0,30,9,0,0,0,0,0,0,3157.0690996697954,0,2025
2025-06-09 12:00:00,6591,2,0,12,0,6467.0,594.0,5967.0,30,9,0,0,0,0,0,0,3156.673849268408,0,2025
2025-06-09 13:00:00,6790,2,0,13,0,6920.0,880.0,6089.0,30,9,0,0,0,0,0,0,3156.313451582212,0,2025
2025-06-09 14:00:00,7509,2,0,14,0,7375.0,1786.0,5961.0,30,9,0,0,0,0,0,0,3155.9732544526014,0,2025
2025-06-09 15:00:00,7931,2,0,15,0,8113.0,3868.0,5109.0,30,9,0,0,0,0,0,0,3155.732978446184,0,2025
2025-06-09 16:00:00,8321,2,0,16,0,8657.0,5117.0,2946.0,30,9,0,0,0,0,0,0,3155.571184496611,0,2025
2025-06-09 17:00:00,9228,2,0,17,0,8774.0,6034.0,1721.0,30,9,0,0,0,0,0,0,3155.4949045895896,0,2025
2025-06-09 18:00:00,9172,2,0,18,0,9193.0,6476.0,850.0,30,9,0,0,0,0,0,0,3155.665992996016,0,2025
2025-06-09 19:00:00,7425,2,0,19,0,9451.0,6467.0,578.0,30,9,0,0,0,0,0,0,3155.8194386980376,0,2025
2025-06-09 20:00:00,6741,2,0,20,0,7957.0,6920.0,903.0,30,9,0,0,0,0,0,0,3155.565031852072,0,2025
2025-06-09 21:00:00,7594,2,0,21,0,6943.0,7375.0,1360.0,30,9,0,0,0,0,0,0,3155.219836440663,0,2025
2025-06-09 22:00:00,6138,2,0,22,0,7173.0,8113.0,2671.0,30,9,0,0,0,0,0,0,3154.99391856049,0,2025
2025-06-09 23:00:00,3244,2,0,23,0,5321.0,8657.0,5087.0,30,9,0,0,0,0,0,0,3154.600943255671,0,2025
2025-06-10 00:00:00,2103,2,0,0,0,2797.0,8774.0,6759.0,30,10,0,0,0,0,1,0,3154.395806890152,0,2025
2025-06-10 01:00:00,1170,2,0,1,0,1882.0,9193.0,6694.0,30,10,0,0,0,0,1,0,3154.4545807205027,0,2025
2025-06-10 02:00:00,464,2,0,2,0,1055.0,9451.0,6228.0,30,10,0,0,0,0,1,0,3154.8085702036874,0,2025
2025-06-10 03:00:00,227,2,0,3,0,514.0,7957.0,6116.0,30,10,0,0,0,0,1,0,3155.433081345877,0,2025
2025-06-10 04:00:00,236,2,0,4,0,228.0,6943.0,6591.0,30,10,0,0,0,0,1,0,3156.156765261216,0,2025
2025-06-10 05:00:00,790,2,0,5,0,245.0,7173.0,6790.0,30,10,0,0,0,0,1,0,3156.875432165627,0,2025
2025-06-10 06:00:00,2698,2,0,6,0,710.0,5321.0,7509.0,30,10,0,0,0,0,1,0,3157.3668362234357,0,2025
2025-06-10 07:00:00,5211,2,0,7,0,2051.0,2797.0,7931.0,30,10,0,0,0,0,1,0,3157.2723804631155,0,2025
2025-06-10 08:00:00,7289,2,0,8,0,3942.0,1882.0,8321.0,30,10,0,0,0,0,1,0,3156.8647176741447,0,2025
2025-06-10 09:00:00,6693,2,0,9,0,5275.0,1055.0,9228.0,30,10,0,0,0,0,1,0,3156.590971293268,0,2025
2025-06-10 10:00:00,7235,2,0,10,0,5831.0,514.0,9172.0,30,10,0,0,0,0,1,0,3156.242595271832,0,2025
2025-06-10 11:00:00,6980,2,0,11,0,6783.0,228.0,7425.0,30,10,0,0,0,0,1,0,3155.961012631601,0,2025
2025-06-10 12:00:00,7239,2,0,12,0,6899.0,245.0,6741.0,30,10,0,0,0,0,1,0,3155.6451163496263,0,2025
2025-06-10 13:00:00,6910,2,0,13,0,7177.0,710.0,7594.0,30,10,0,0,0,0,1,0,3155.364239694548,0,2025
2025-06-10 14:00:00,7614,2,0,14,0,7258.0,2051.0,6138.0,30,10,0,0,0,0,1,0,3155.0400058791324,0,2025
2025-06-10 15:00:00,8117,2,0,15,0,8276.0,3942.0,3244.0,30,10,0,0,0,0,1,0,3154.8195715117517,0,2025
2025-06-10 16:00:00,8317,2,0,16,0,8862.0,5275.0,2103.0,30,10,0,0,0,0,1,0,3154.698152419081,0,2025
2025-06-10 17:00:00,9597,2,0,17,0,9046.0,5831.0,1170.0,30,10,0,0,0,0,1,0,3154.6217688474567,0,2025
2025-06-10 18:00:00,10149,2,0,18,0,9964.0,6783.0,464.0,30,10,0,0,0,0,1,0,3154.9117200348915,0,2025
2025-06-10 19:00:00,8601,2,0,19,0,10653.0,6899.0,227.0,30,10,0,0,0,0,1,0,3155.4005799752945,0,2025
2025-06-10 20:00:00,8503,2,0,20,0,9322.0,7177.0,236.0,30,10,0,0,0,0,1,0,3155.3929728167973,0,2025
2025-06-10 21:00:00,9910,2,0,21,0,8756.0,7258.0,790.0,30,10,0,0,0,0,1,0,3155.360414215203,0,2025
2025-06-10 22:00:00,8920,2,0,22,0,9131.0,8276.0,2698.0,30,10,0,0,0,0,1,0,3155.758344686813,0,2025
2025-06-10 23:00:00,6066,2,0,23,0,7593.0,8862.0,5211.0,30,10,0,0,0,0,1,0,3155.835857629638,0,2025
2025-06-11 00:00:00,2814,2,0,0,0,4862.0,9046.0,7289.0,30,11,0,0,0,0,2,0,3155.441524563326,0,2025
2025-06-11 01:00:00,1209,2,0,1,0,2459.0,9964.0,6693.0,30,11,0,0,0,0,2,0,3155.324270019559,0,2025
2025-06-11 02:00:00,607,2,0,2,0,1031.0,10653.0,7235.0,30,11,0,0,0,0,2,0,3155.662977199219,0,2025
2025-06-11 03:00:00,384,2,0,3,0,497.0,9322.0,6980.0,30,11,0,0,0,0,2,0,3156.2264381917203,0,2025
2025-06-11 04:00:00,434,2,0,4,0,287.0,8756.0,7239.0,30,11,0,0,0,0,2,0,3156.87995231184,0,2025
2025-06-11 05:00:00,1047,2,0,5,0,262.0,9131.0,6910.0,30,11,0,0,0,0,2,0,3157.511714259287,0,2025
2025-06-11 06:00:00,2459,2,0,6,0,727.0,7593.0,7614.0,30,11,0,0,0,0,2,0,3157.905126829167,0,2025
2025-06-11 07:00:00,4919,2,0,7,0,1824.0,4862.0,8117.0,30,11,0,0,0,0,2,0,3157.8683622939147,0,2025
2025-06-11 08:00:00,6899,2,0,8,0,3972.0,2459.0,8317.0,30,11,0,0,0,0,2,0,3157.472904200365,0,2025
2025-06-11 09:00:00,6737,2,0,9,0,5618.0,1031.0,9597.0,30,11,0,0,0,0,2,0,3157.1485623548338,0,2025
2025-06-11 10:00:00,6650,2,0,10,0,6099.0,497.0,10149.0,30,11,0,0,0,0,2,0,3156.8064698046123,0,2025
2025-06-11 11:00:00,6920,2,0,11,0,6796.0,287.0,8601.0,30,11,0,0,0,0,2,0,3156.455790554874,0,2025
2025-06-11 12:00:00,7423,2,0,12,0,7382.0,262.0,8503.0,30,11,0,0,0,0,2,0,3156.1342094002507,0,2025
2025-06-11 13:00:00,7838,2,0,13,0,7941.0,727.0,9910.0,30,11,0,0,0,0,2,0,3155.882580509653,0,2025
2025-06-11 14:00:00,8480,2,0,14,0,8488.0,1824.0,8920.0,30,11,0,0,0,0,2,0,3155.704158677632,0,2025
2025-06-11 15:00:00,8810,2,0,15,0,9129.0,3972.0,6066.0,30,11,0,0,0,0,2,0,3155.6665661208963,0,2025
2025-06-11 16:00:00,9082,2,0,16,0,9300.0,5618.0,2814.0,30,11,0,0,0,0,2,0,3155.714266899574,0,2025
2025-06-11 17:00:00,10943,2,0,17,0,9505.0,6099.0,1209.0,30,11,0,0,0,0,2,0,3155.8387964616427,0,2025
2025-06-11 18:00:00,11360,2,0,18,0,10923.0,6796.0,607.0,30,11,0,0,0,0,2,0,3156.652036513902,0,2025
2025-06-11 19:00:00,9540,2,0,19,0,11072.0,7382.0,384.0,30,11,0,0,0,0,2,0,3157.6570080948386,0,2025
2025-06-11 20:00:00,8971,2,0,20,0,10095.0,7941.0,434.0,30,11,0,0,0,0,2,0,3157.9228366600896,0,2025
2025-06-11 21:00:00,10687,2,0,21,0,9259.0,8488.0,1047.0,30,11,0,0,0,0,2,0,3158.0130553066047,0,2025
2025-06-11 22:00:00,10336,2,0,22,0,9511.0,9129.0,2459.0,30,11,0,0,0,0,2,0,3158.710922777608,0,2025
2025-06-11 23:00:00,7372,2,0,23,0,8120.0,9300.0,4919.0,30,11,0,0,0,0,2,0,3159.2639545286343,0,2025
2025-06-12 00:00:00,4150,2,0,0,0,5438.0,9505.0,6899.0,30,12,0,0,0,0,3,0,3159.002769556255,0,2025
2025-06-12 01:00:00,1674,2,0,1,0,3368.0,10923.0,6737.0,30,12,0,0,0,0,3,0,3158.66889813203,0,2025
2025-06-12 02:00:00,864,2,0,2,0,1407.0,11072.0,6650.0,30,12,0,0,0,0,3,0,3158.853298813234,0,2025
2025-06-12 03:00:00,583,2,0,3,0,767.0,10095.0,6920.0,30,12,0,0,0,0,3,0,3159.314931432011,0,2025
2025-06-12 04:00:00,621,2,0,4,0,440.0,9259.0,7423.0,30,12,0,0,0,0,3,0,3159.8845235449803,0,2025
2025-06-12 05:00:00,1172,2,0,5,0,364.0,9511.0,7838.0,30,12,0,0,0,0,3,0,3160.43815377479,0,2025
2025-06-12 06:00:00,2624,2,0,6,0,830.0,8120.0,8480.0,30,12,0,0,0,0,3,0,3160.7857835555105,0,2025
2025-06-12 07:00:00,5154,2,0,7,0,1900.0,5438.0,8810.0,30,12,0,0,0,0,3,0,3160.7106460977657,0,2025
2025-06-12 08:00:00,7066,2,0,8,0,3849.0,3368.0,9082.0,30,12,0,0,0,0,3,0,3160.309113991841,0,2025
2025-06-12 09:00:00,6938,2,0,9,0,5485.0,1407.0,10943.0,30,12,0,0,0,0,3,0,3160.006050384998,0,2025
2025-06-12 10:00:00,6822,2,0,10,0,6283.0,767.0,11360.0,30,12,0,0,0,0,3,0,3159.687214079903,0,2025
2025-06-12 11:00:00,7139,2,0,11,0,6912.0,440.0,9540.0,30,12,0,0,0,0,3,0,3159.355258369552,0,2025
2025-06-12 12:00:00,7605,2,0,12,0,7568.0,364.0,8971.0,30,12,0,0,0,0,3,0,3159.0620617844447,0,2025
2025-06-12 13:00:00,8137,2,0,13,0,8176.0,830.0,10687.0,30,12,0,0,0,0,3,0,3158.84054328911,0,2025
2025-06-12 14:00:00,9351,2,0,14,0,8444.0,1900.0,10336.0,30,12,0,0,0,0,3,0,3158.722281382711,0,2025
2025-06-12 15:00:00,9570,2,0,15,0,9583.0,3849.0,7372.0,30,12,0,0,0,0,3,0,3158.9253762047856,0,2025
2025-06-12 16:00:00,10437,2,0,16,0,9735.0,5485.0,4150.0,30,12,0,0,0,0,3,0,3159.1987131418373,0,2025
2025-06-12 17:00:00,12055,2,0,17,0,10199.0,6283.0,1674.0,30,12,0,0,0,0,3,0,3159.7892863976845,0,2025
2025-06-12 18:00:00,13040,2,0,18,0,11281.0,6912.0,864.0,30,12,0,0,0,0,3,0,3161.134226044736,0,2025
2025-06-12 19:00:00,10959,2,0,19,0,12004.0,7568.0,583.0,30,12,0,0,0,0,3,0,3163.040015549874,0,2025
2025-06-12 20:00:00,10189,2,0,20,0,10438.0,8176.0,621.0,30,12,0,0,0,0,3,0,3163.846507832472,0,2025
2025-06-12 21:00:00,11606,2,0,21,0,9773.0,8444.0,1172.0,30,12,0,0,0,0,3,0,3164.335166302797,0,2025
2025-06-12 22:00:00,10837,2,0,22,0,10383.0,9583.0,2624.0,30,12,0,0,0,0,3,0,3165.442298213292,0,2025
2025-06-12 23:00:00,8599,2,0,23,0,8943.0,9735.0,5154.0,30,12,0,0,0,0,3,0,3166.191831697355,0,2025
2025-06-13 00:00:00,5795,2,0,0,0,6639.0,10199.0,7066.0,30,13,0,0,0,0,4,0,3166.176730835651,0,2025
2025-06-13 01:00:00,3049,2,0,1,0,4316.0,11281.0,6938.0,30,13,0,0,0,0,4,0,3165.7757155164727,0,2025
2025-06-13 02:00:00,1552,2,0,2,0,2643.0,12004.0,6822.0,30,13,0,0,0,0,4,0,3165.6122020991597,0,2025
2025-06-13 03:00:00,988,2,0,3,0,1301.0,10438.0,7139.0,30,13,0,0,0,0,4,0,3165.834173280246,0,2025
2025-06-13 04:00:00,946,2,0,4,0,880.0,9773.0,7605.0,30,13,0,0,0,0,4,0,3166.247716444904,0,2025
2025-06-13 05:00:00,1323,2,0,5,0,616.0,10383.0,8137.0,30,13,0,0,0,0,4,0,3166.675892553592,0,2025
2025-06-13 06:00:00,2502,2,0,6,0,858.0,8943.0,9351.0,30,13,0,0,0,0,4,0,3166.9710679459854,0,2025
2025-06-13 07:00:00,4249,2,0,7,0,1709.0,6639.0,9570.0,30,13,0,0,0,0,4,0,3166.9260816911733,0,2025
2025-06-13 08:00:00,5592,2,0,8,0,3306.0,4316.0,10437.0,30,13,0,0,0,0,4,0,3166.5837578523688,0,2025
2025-06-13 09:00:00,5574,2,0,9,0,4706.0,2643.0,12055.0,30,13,0,0,0,0,4,0,3166.1802766482583,0,2025
2025-06-13 10:00:00,5670,2,0,10,0,5311.0,1301.0,13040.0,30,13,0,0,0,0,4,0,3165.7768102438786,0,2025
2025-06-13 11:00:00,6220,2,0,11,0,5941.0,880.0,10959.0,30,13,0,0,0,0,4,0,3165.3745427109284,0,2025
2025-06-13 12:00:00,6839,2,0,12,0,6615.0,616.0,10189.0,30,13,0,0,0,0,4,0,3164.992714959557,0,2025
2025-06-13 13:00:00,7466,2,0,13,0,7010.0,858.0,11606.0,30,13,0,0,0,0,4,0,3164.6629716984294,0,2025
2025-06-13 14:00:00,8298,2,0,14,0,7644.0,1709.0,10837.0,30,13,0,0,0,0,4,0,3164.4173590354626,0,2025
2025-06-13 15:00:00,8683,2,0,15,0,8369.0,3306.0,8599.0,30,13,0,0,0,0,4,0,3164.332068778509,0,2025
2025-06-13 16:00:00,8789,2,0,16,0,8625.0,4706.0,5795.0,30,13,0,0,0,0,4,0,3164.3396399415683,0,2025
2025-06-13 17:00:00,9727,2,0,17,0,8782.0,5311.0,3049.0,30,13,0,0,0,0,4,0,3164.3746776885123,0,2025
2025-06-13 18:00:00,10436,2,0,18,0,9428.0,5941.0,1552.0,30,13,0,0,0,0,4,0,3164.6936404124517,0,2025
2025-06-13 19:00:00,9094,2,0,19,0,9935.0,6615.0,988.0,30,13,0,0,0,0,4,0,3165.2736021845576,0,2025
2025-06-13 20:00:00,7249,2,0,20,0,9053.0,7010.0,946.0,30,13,0,0,0,0,4,0,3165.3920397459237,0,2025
2025-06-13 21:00:00,8027,2,0,21,0,7847.0,7644.0,1323.0,30,13,0,0,0,0,4,0,3165.11327183599,0,2025
2025-06-13 22:00:00,9152,2,0,22,0,8868.0,8369.0,2502.0,30,13,0,0,0,0,4,0,3164.968527756448,0,2025
2025-06-13 23:00:00,9558,2,0,23,0,9280.0,8625.0,4249.0,30,13,0,0,0,0,4,0,3165.103280928048,0,2025
2025-06-14 00:00:00,8882,2,0,0,0,7960.0,8782.0,5592.0,30,14,0,0,0,0,5,0,3165.36345698286,0,2025
2025-06-14 01:00:00,7002,2,0,1,0,7031.0,9428.0,5574.0,30,14,0,0,0,0,5,0,3165.421179674223,0,2025
2025-06-14 02:00:00,5219,2,0,2,0,5609.0,9935.0,5670.0,30,14,0,0,0,0,5,0,3165.109948910233,0,2025
2025-06-14 03:00:00,3505,2,0,3,0,4135.0,9053.0,6220.0,30,14,0,0,0,0,5,0,3164.711174892036,0,2025
2025-06-14 04:00:00,2084,2,0,4,0,2657.0,7847.0,6839.0,30,14,0,0,0,0,5,0,3164.4686952989664,0,2025
2025-06-14 05:00:00,1021,2,0,5,0,1337.0,8868.0,7466.0,30,14,0,0,0,0,5,0,3164.53421140832,0,2025
2025-06-14 06:00:00,1435,2,0,6,0,628.0,9280.0,8298.0,30,14,0,0,0,0,5,0,3164.9355055487263,0,2025
2025-06-14 07:00:00,2052,2,0,7,0,936.0,7960.0,8683.0,30,14,0,0,0,0,5,0,3165.1945864481163,0,2025
2025-06-14 08:00:00,2940,2,0,8,0,1498.0,7031.0,8789.0,30,14,0,0,0,0,5,0,3165.267807914904,0,2025
2025-06-14 09:00:00,3966,2,0,9,0,2533.0,5609.0,9727.0,30,14,0,0,0,0,5,0,3165.127591487192,0,2025
2025-06-14 10:00:00,5959,2,0,10,0,3779.0,4135.0,10436.0,30,14,0,0,0,0,5,0,3164.819734552345,0,2025
2025-06-14 11:00:00,7312,2,0,11,0,5923.0,2657.0,9094.0,30,14,0,0,0,0,5,0,3164.427410379817,0,2025
2025-06-14 12:00:00,8147,2,0,12,0,6390.0,1337.0,7249.0,30,14,0,0,0,0,5,0,3164.159034240538,0,2025
2025-06-14 13:00:00,8329,2,0,13,0,7418.0,628.0,8027.0,30,14,0,0,0,0,5,0,3164.0401728171078,0,2025
2025-06-14 14:00:00,7814,2,0,14,0,7519.0,936.0,9152.0,30,14,0,0,0,0,5,0,3163.9611906377745,0,2025
2025-06-14 15:00:00,7886,2,0,15,0,7526.0,1498.0,9558.0,30,14,0,0,0,0,5,0,3163.775906356311,0,2025
2025-06-14 16:00:00,8499,2,0,16,0,7678.0,2533.0,8882.0,30,14,0,0,0,0,5,0,3163.60415869864,0,2025
2025-06-14 17:00:00,8604,2,0,17,0,8395.0,3779.0,7002.0,30,14,0,0,0,0,5,0,3163.564577085984,0,2025
2025-06-14 18:00:00,8210,2,0,18,0,8514.0,5923.0,5219.0,30,14,0,0,0,0,5,0,3163.5504788216635,0,2025
2025-06-14 19:00:00,7648,2,0,19,0,8284.0,6390.0,3505.0,30,14,0,0,0,0,5,0,3163.444556164972,0,2025
2025-06-14 20:00:00,6590,2,0,20,0,7839.0,7418.0,2084.0,30,14,0,0,0,0,5,0,3163.229347469676,0,2025
2025-06-14 21:00:00,6852,2,0,21,0,6842.0,7519.0,1021.0,30,14,0,0,0,0,5,0,3162.877135425309,0,2025
2025-06-14 22:00:00,8017,2,0,22,0,7497.0,7526.0,1435.0,30,14,0,0,0,0,5,0,3162.55062494773,0,2025
2025-06-14 23:00:00,8436,2,0,23,0,8000.0,7678.0,2052.0,30,14,0,0,0,0,5,0,3162.4043237431883,0,2025
2025-06-15 00:00:00,7991,2,0,0,0,7014.0,8395.0,2940.0,30,15,0,0,0,0,6,0,3162.3492035987124,0,2025
2025-06-15 01:00:00,5805,2,0,1,0,5846.0,8514.0,3966.0,30,15,0,0,0,0,6,0,3162.197543864188,0,2025
2025-06-15 02:00:00,4668,2,0,2,0,4335.0,8284.0,5959.0,30,15,0,0,0,0,6,0,3161.802042889858,0,2025
2025-06-15 03:00:00,3248,2,0,3,0,3617.0,7839.0,7312.0,30,15,0,0,0,0,6,0,3161.4306930544963,0,2025
2025-06-15 04:00:00,2141,2,0,4,0,2414.0,6842.0,8147.0,30,15,0,0,0,0,6,0,3161.234302140302,0,2025
2025-06-15 05:00:00,1094,2,0,5,0,1423.0,7497.0,8329.0,30,15,0,0,0,0,6,0,3161.285695567072,0,2025
2025-06-15 06:00:00,1216,2,0,6,0,691.0,8000.0,7814.0,30,15,0,0,0,0,6,0,3161.6609816699925,0,2025
2025-06-15 07:00:00,1712,2,0,7,0,802.0,7014.0,7886.0,30,15,0,0,0,0,6,0,3161.993401582639,0,2025
2025-06-15 08:00:00,2370,2,0,8,0,1488.0,5846.0,8499.0,30,15,0,0,0,0,6,0,3162.1658239140074,0,2025
2025-06-15 09:00:00,3716,2,0,9,0,2157.0,4335.0,8604.0,30,15,0,0,0,0,6,0,3162.1567180902603,0,2025
2025-06-15 10:00:00,4904,2,0,10,0,3541.0,3617.0,8210.0,30,15,0,0,0,0,6,0,3161.884462143567,0,2025
2025-06-15 11:00:00,5857,2,0,11,0,4807.0,2414.0,7648.0,30,15,0,0,0,0,6,0,3161.500124867733,0,2025
2025-06-15 12:00:00,7360,2,0,12,0,5723.0,1423.0,6590.0,30,15,0,0,0,0,6,0,3161.1072494529294,0,2025
2025-06-15 13:00:00,7476,2,0,13,0,7024.0,691.0,6852.0,30,15,0,0,0,0,6,0,3160.8478005229617,0,2025
2025-06-15 14:00:00,7605,2,0,14,0,7247.0,802.0,8017.0,30,15,0,0,0,0,6,0,3160.606147469439,0,2025
2025-06-15 15:00:00,7020,2,0,15,0,7530.0,1488.0,8436.0,30,15,0,0,0,0,6,0,3160.385514392141,0,2025
2025-06-15 16:00:00,7454,2,0,16,0,7107.0,2157.0,7991.0,30,15,0,0,0,0,6,0,3160.080332831302,0,2025
2025-06-15 17:00:00,7434,2,0,17,0,7657.0,3541.0,5805.0,30,15,0,0,0,0,6,0,3159.835328430694,0,2025
2025-06-15 18:00:00,7379,2,0,18,0,7703.0,4807.0,4668.0,30,15,0,0,0,0,6,0,3159.5872539821426,0,2025
2025-06-15 19:00:00,6939,2,0,19,0,7598.0,5723.0,3248.0,30,15,0,0,0,0,6,0,3159.330858894272,0,2025
2025-06-15 20:00:00,7130,2,0,20,0,7477.0,7024.0,2141.0,30,15,0,0,0,0,6,0,3159.016382494376,0,2025
2025-06-15 21:00:00,6393,2,0,21,0,7054.0,7247.0,1094.0,30,15,0,0,0,0,6,0,3158.725319935136,0,2025
2025-06-15 22:00:00,4913,2,0,22,0,5998.0,7530.0,1216.0,30,15,0,0,0,0,6,0,3158.3603426380346,0,2025
2025-06-15 23:00:00,3249,2,0,23,0,4247.0,7107.0,1712.0,30,15,0,0,0,0,6,0,3157.9774004212763,0,2025
2025-06-16 00:00:00,2363,2,0,0,0,2790.0,7657.0,2370.0,30,16,0,0,0,0,0,0,3157.7821718230507,0,2025
2025-06-16 01:00:00,1105,2,0,1,0,2044.0,7703.0,3716.0,30,16,0,0,0,0,0,0,3157.776511341957,0,2025
2025-06-16 02:00:00,508,2,0,2,0,944.0,7598.0,4904.0,30,16,0,0,0,0,0,0,3158.146805417707,0,2025
2025-06-16 03:00:00,432,2,0,3,0,372.0,7477.0,5857.0,30,16,0,0,0,0,0,0,3158.738825577294,0,2025
2025-06-16 04:00:00,575,2,0,4,0,266.0,7054.0,7360.0,30,16,0,0,0,0,0,0,3159.360255849764,0,2025
2025-06-16 05:00:00,1108,2,0,5,0,314.0,5998.0,7476.0,30,16,0,0,0,0,0,0,3159.924125435292,0,2025
2025-06-16 06:00:00,2397,2,0,6,0,789.0,4247.0,7605.0,30,16,0,0,0,0,0,0,3160.2905245240977,0,2025
2025-06-16 07:00:00,4467,2,0,7,0,1715.0,2790.0,7020.0,30,16,0,0,0,0,0,0,3160.274186033982,0,2025
2025-06-16 08:00:00,6258,2,0,8,0,3495.0,2044.0,7454.0,30,16,0,0,0,0,0,0,3159.919801152488,0,2025
2025-06-16 09:00:00,6345,2,0,9,0,5113.0,944.0,7434.0,30,16,0,0,0,0,0,0,3159.5473240007623,0,2025
2025-06-16 10:00:00,5620,2,0,10,0,5961.0,372.0,7379.0,30,16,0,0,0,0,0,0,3159.1805665504685,0,2025
2025-06-16 11:00:00,5716,2,0,11,0,6060.0,266.0,6939.0,30,16,0,0,0,0,0,0,3158.7857085393453,0,2025
2025-06-16 12:00:00,6220,2,0,12,0,6299.0,314.0,7130.0,30,16,0,0,0,0,0,0,3158.392343303959,0,2025
2025-06-16 13:00:00,6390,2,0,13,0,6926.0,789.0,6393.0,30,16,0,0,0,0,0,0,3158.018160351352,0,2025
2025-06-16 14:00:00,7041,2,0,14,0,7114.0,1715.0,4913.0,30,16,0,0,0,0,0,0,3157.6550652086758,0,2025
2025-06-16 15:00:00,7117,2,0,15,0,7634.0,3495.0,3249.0,30,16,0,0,0,0,0,0,3157.355194267426,0,2025
2025-06-16 16:00:00,7241,2,0,16,0,7994.0,5113.0,2363.0,30,16,0,0,0,0,0,0,3157.0649479399613,0,2025
2025-06-16 17:00:00,8098,2,0,17,0,7911.0,5961.0,1105.0,30,16,0,0,0,0,0,0,3156.7913256660154,0,2025
2025-06-16 18:00:00,8162,2,0,18,0,8436.0,6060.0,508.0,30,16,0,0,0,0,0,0,3156.6654162632744,0,2025
2025-06-16 19:00:00,6888,2,0,19,0,8641.0,6299.0,432.0,30,16,0,0,0,0,0,0,3156.5527842847014,0,2025
2025-06-16 20:00:00,6402,2,0,20,0,7482.0,6926.0,575.0,30,16,0,0,0,0,0,0,3156.235346351855,0,2025
2025-06-16 21:00:00,7336,2,0,21,0,6563.0,7114.0,1108.0,30,16,0,0,0,0,0,0,3155.873761054979,0,2025
2025-06-16 22:00:00,7086,2,0,22,0,7132.0,7634.0,2397.0,30,16,0,0,0,0,0,0,3155.61383254229,0,2025
2025-06-16 23:00:00,5038,2,0,23,0,5770.0,7994.0,4467.0,30,16,0,0,0,0,0,0,3155.320019847084,0,2025
2025-06-17 00:00:00,2260,2,0,0,0,3307.0,7911.0,6258.0,30,17,0,0,0,0,1,0,3154.934551009192,0,2025
2025-06-17 01:00:00,997,2,0,1,0,1835.0,8436.0,6345.0,30,17,0,0,0,0,1,0,3154.954814761518,0,2025
2025-06-17 02:00:00,470,2,0,2,0,768.0,8641.0,5620.0,30,17,0,0,0,0,1,0,3155.360805749697,0,2025
2025-06-17 03:00:00,326,2,0,3,0,361.0,7482.0,5716.0,30,17,0,0,0,0,1,0,3155.9643219795084,0,2025
2025-06-17 04:00:00,391,2,0,4,0,228.0,6563.0,6220.0,30,17,0,0,0,0,1,0,3156.6248510425344,0,2025
2025-06-17 05:00:00,1010,2,0,5,0,257.0,7132.0,6390.0,30,17,0,0,0,0,1,0,3157.2580568200383,0,2025
2025-06-17 06:00:00,2485,2,0,6,0,720.0,5770.0,7041.0,30,17,0,0,0,0,1,0,3157.6564230373383,0,2025
2025-06-17 07:00:00,4695,2,0,7,0,1777.0,3307.0,7117.0,30,17,0,0,0,0,1,0,3157.618909679826,0,2025
2025-06-17 08:00:00,6634,2,0,8,0,3633.0,1835.0,7241.0,30,17,0,0,0,0,1,0,3157.2504511206835,0,2025
2025-06-17 09:00:00,6709,2,0,9,0,5042.0,768.0,8098.0,30,17,0,0,0,0,1,0,3156.9091486532047,0,2025
2025-06-17 10:00:00,6286,2,0,10,0,5940.0,361.0,8162.0,30,17,0,0,0,0,1,0,3156.5749518207163,0,2025
2025-06-17 11:00:00,6396,2,0,11,0,6429.0,228.0,6888.0,30,17,0,0,0,0,1,0,3156.2072039181407,0,2025
2025-06-17 12:00:00,6707,2,0,12,0,6637.0,257.0,6402.0,30,17,0,0,0,0,1,0,3155.8469752486967,0,2025
2025-06-17 13:00:00,6953,2,0,13,0,7083.0,720.0,7336.0,30,17,0,0,0,0,1,0,3155.51291749838,0,2025
2025-06-17 14:00:00,7836,2,0,14,0,7563.0,1777.0,7086.0,30,17,0,0,0,0,1,0,3155.2049558628264,0,2025
2025-06-17 15:00:00,8913,2,0,15,0,8590.0,3633.0,5038.0,30,17,0,0,0,0,1,0,3155.029610378449,0,2025
2025-06-17 16:00:00,8204,2,0,16,0,9399.0,5042.0,2260.0,30,17,0,0,0,0,1,0,3155.098933630069,0,2025
2025-06-17 17:00:00,9411,2,0,17,0,8540.0,5940.0,997.0,30,17,0,0,0,0,1,0,3154.996723936687,0,2025
2025-06-17 18:00:00,10125,2,0,18,0,9396.0,6429.0,470.0,30,17,0,0,0,0,1,0,3155.2095105583007,0,2025
2025-06-17 19:00:00,8156,2,0,19,0,10001.0,6637.0,326.0,30,17,0,0,0,0,1,0,3155.662108364824,0,2025
2025-06-17 20:00:00,8202,2,0,20,0,8457.0,7083.0,391.0,30,17,0,0,0,0,1,0,3155.549111619424,0,2025
2025-06-17 21:00:00,10062,2,0,21,0,8266.0,7563.0,1010.0,30,17,0,0,0,0,1,0,3155.445742484973,0,2025
2025-06-17 22:00:00,8606,2,0,22,0,8913.0,8590.0,2485.0,30,17,0,0,0,0,1,0,3155.874227811737,0,2025
2025-06-17 23:00:00,4910,2,0,23,0,6826.0,9399.0,4695.0,30,17,0,0,0,0,1,0,3155.862805288592,0,2025
2025-06-18 00:00:00,2987,2,0,0,0,4144.0,8540.0,6634.0,30,18,0,0,0,0,2,0,3155.484867882708,0,2025
2025-06-18 01:00:00,1359,2,0,1,0,2530.0,9396.0,6709.0,30,18,0,0,0,0,2,0,3155.3410353392223,0,2025
2025-06-18 02:00:00,700,2,0,2,0,1145.0,10001.0,6286.0,30,18,0,0,0,0,2,0,3155.6221639430714,0,2025
2025-06-18 03:00:00,470,2,0,3,0,541.0,8457.0,6396.0,30,18,0,0,0,0,2,0,3156.133885138593,0,2025
2025-06-18 04:00:00,576,2,0,4,0,313.0,8266.0,6707.0,30,18,0,0,0,0,2,0,3156.733442142544,0,2025
2025-06-18 05:00:00,1139,2,0,5,0,359.0,8913.0,6953.0,30,18,0,0,0,0,2,0,3157.2907686418253,0,2025
2025-06-18 06:00:00,2625,2,0,6,0,786.0,6826.0,7836.0,30,18,0,0,0,0,2,0,3157.642646624167,0,2025
2025-06-18 07:00:00,4931,2,0,7,0,1880.0,4144.0,8913.0,30,18,0,0,0,0,2,0,3157.5735337219494,0,2025
2025-06-18 08:00:00,7068,2,0,8,0,3665.0,2530.0,8204.0,30,18,0,0,0,0,2,0,3157.194858082285,0,2025
2025-06-18 09:00:00,6831,2,0,9,0,5529.0,1145.0,9411.0,30,18,0,0,0,0,2,0,3156.901749957303,0,2025
2025-06-18 10:00:00,6564,2,0,10,0,6029.0,541.0,10125.0,30,18,0,0,0,0,2,0,3156.581599150928,0,2025
2025-06-18 11:00:00,6586,2,0,11,0,6692.0,313.0,8156.0,30,18,0,0,0,0,2,0,3156.236279170941,0,2025
2025-06-18 12:00:00,7385,2,0,12,0,7120.0,359.0,8202.0,30,18,0,0,0,0,2,0,3155.8929393850717,0,2025
2025-06-18 13:00:00,7771,2,0,13,0,7799.0,786.0,10062.0,30,18,0,0,0,0,2,0,3155.643272757549,0,2025
2025-06-18 14:00:00,8456,2,0,14,0,8173.0,1880.0,8606.0,30,18,0,0,0,0,2,0,3155.456732563438,0,2025
2025-06-18 15:00:00,8993,2,0,15,0,8644.0,3665.0,4910.0,30,18,0,0,0,0,2,0,3155.4108079240973,0,2025
2025-06-18 16:00:00,9467,2,0,16,0,9021.0,5529.0,2987.0,30,18,0,0,0,0,2,0,3155.500610866205,0,2025
2025-06-18 17:00:00,11019,2,0,17,0,9294.0,6029.0,1359.0,30,18,0,0,0,0,2,0,3155.72874711186,0,2025
2025-06-18 18:00:00,12092,2,0,18,0,10187.0,6692.0,700.0,30,18,0,0,0,0,2,0,3156.532993988283,0,2025
2025-06-18 19:00:00,10673,2,0,19,0,10970.0,7120.0,470.0,30,18,0,0,0,0,2,0,3157.844369182661,0,2025
2025-06-18 20:00:00,9707,2,0,20,0,9961.0,7799.0,576.0,30,18,0,0,0,0,2,0,3158.5012710529227,0,2025
2025-06-18 21:00:00,10370,2,0,21,0,9242.0,8173.0,1139.0,30,18,0,0,0,0,2,0,3158.803238527599,0,2025
2025-06-18 22:00:00,10769,2,0,22,0,9498.0,8644.0,2625.0,30,18,0,0,0,0,2,0,3159.3396456829405,0,2025
2025-06-18 23:00:00,8845,2,0,23,0,8752.0,9021.0,4931.0,30,18,0,0,0,0,2,0,3160.0330707967914,0,2025
2025-06-19 00:00:00,6566,2,0,0,0,6646.0,9294.0,7068.0,30,19,0,0,0,0,3,0,3160.0793402946174,0,2025
2025-06-19 01:00:00,3773,2,0,1,0,4826.0,10187.0,6831.0,30,19,0,0,0,0,3,0,3159.733832919658,0,2025
2025-06-19 02:00:00,2096,2,0,2,0,2918.0,10970.0,6564.0,30,19,0,0,0,0,3,0,3159.4611489826034,0,2025
2025-06-19 03:00:00,1339,2,0,3,0,1478.0,9961.0,6586.0,30,19,0,0,0,0,3,0,3159.524387456208,0,2025
2025-06-19 04:00:00,1329,2,0,4,0,905.0,9242.0,7385.0,30,19,0,0,0,0,3,0,3159.810694000944,0,2025
2025-06-19 05:00:00,1227,2,0,5,0,803.0,9498.0,7771.0,30,19,0,0,0,0,3,0,3160.0997480911915,0,2025
2025-06-19 06:00:00,1683,2,0,6,0,829.0,8752.0,8456.0,30,19,0,0,0,0,3,0,3160.421844921298,0,2025
2025-06-19 07:00:00,2467,2,0,7,0,1269.0,6646.0,8993.0,30,19,0,0,0,0,3,0,3160.599805225636,0,2025
2025-06-19 08:00:00,3825,2,0,8,0,2320.0,4826.0,9467.0,30,19,0,0,0,0,3,0,3160.5684662045896,0,2025
2025-06-19 09:00:00,5205,2,0,9,0,3725.0,2918.0,11019.0,30,19,0,0,0,0,3,0,3160.288430379624,0,2025
2025-06-19 10:00:00,6376,2,0,10,0,5145.0,1478.0,12092.0,30,19,0,0,0,0,3,0,3159.903000976792,0,2025
2025-06-19 11:00:00,7158,2,0,11,0,6578.0,905.0,10673.0,30,19,0,0,0,0,3,0,3159.544482791008,0,2025
2025-06-19 12:00:00,8408,2,0,12,0,7356.0,803.0,9707.0,30,19,0,0,0,0,3,0,3159.2633648942647,0,2025
2025-06-19 13:00:00,10205,2,0,13,0,8514.0,829.0,10370.0,30,19,0,0,0,0,3,0,3159.2045702497235,0,2025
2025-06-19 14:00:00,8710,2,0,14,0,10237.0,1269.0,10769.0,30,19,0,0,0,0,3,0,3159.677862835068,0,2025
2025-06-19 15:00:00,9127,2,0,15,0,8874.0,2320.0,8845.0,30,19,0,0,0,0,3,0,3159.6904175473537,0,2025
2025-06-19 16:00:00,10701,2,0,16,0,9547.0,3725.0,6566.0,30,19,0,0,0,0,3,0,3159.813560867778,0,2025
2025-06-19 17:00:00,8773,2,0,17,0,10999.0,5145.0,3773.0,30,19,0,0,0,0,3,0,3160.4760440596447,0,2025
2025-06-19 18:00:00,8920,2,0,18,0,8444.0,6578.0,2096.0,30,19,0,0,0,0,3,0,3160.5035032085343,0,2025
2025-06-19 19:00:00,9818,2,0,19,0,9348.0,7356.0,1339.0,30,19,0,0,0,0,3,0,3160.568906607873,0,2025
2025-06-19 20:00:00,7825,2,0,20,0,9953.0,8514.0,1329.0,30,19,0,0,0,0,3,0,3160.9034665957493,0,2025
2025-06-19 21:00:00,6709,2,0,21,0,7723.0,10237.0,1227.0,30,19,0,0,0,0,3,0,3160.724565663836,0,2025
2025-06-19 22:00:00,6404,2,0,22,0,7086.0,8874.0,1683.0,30,19,0,0,0,0,3,0,3160.393109177261,0,2025
2025-06-19 23:00:00,5192,2,0,23,0,6226.0,9547.0,2467.0,30,19,0,0,0,0,3,0,3160.036890224646,0,2025
2025-06-20 00:00:00,4241,2,0,0,0,4723.0,10999.0,3825.0,30,20,0,0,0,0,4,0,3159.65333566343,0,2025
2025-06-20 01:00:00,2806,2,0,1,0,3660.0,8444.0,5205.0,30,20,0,0,0,0,4,0,3159.328147163548,0,2025
2025-06-20 02:00:00,1715,2,0,2,0,2393.0,9348.0,6376.0,30,20,0,0,0,0,4,0,3159.2236194266984,0,2025
2025-06-20 03:00:00,1032,2,0,3,0,1440.0,9953.0,7158.0,30,20,0,0,0,0,4,0,3159.393410326558,0,2025
2025-06-20 04:00:00,898,2,0,4,0,739.0,7723.0,8408.0,30,20,0,0,0,0,4,0,3159.781459265841,0,2025
2025-06-20 05:00:00,1082,2,0,5,0,540.0,7086.0,10205.0,30,20,0,0,0,0,4,0,3160.2159949806755,0,2025
2025-06-20 06:00:00,2137,2,0,6,0,772.0,6226.0,8710.0,30,20,0,0,0,0,4,0,3160.585573530791,0,2025
2025-06-20 07:00:00,3668,2,0,7,0,1452.0,4723.0,9127.0,30,20,0,0,0,0,4,0,3160.636772167929,0,2025
2025-06-20 08:00:00,4932,2,0,8,0,2806.0,3660.0,10701.0,30,20,0,0,0,0,4,0,3160.379952226962,0,2025
2025-06-20 09:00:00,5452,2,0,9,0,4232.0,2393.0,8773.0,30,20,0,0,0,0,4,0,3160.005844054951,0,2025
2025-06-20 10:00:00,5737,2,0,10,0,5191.0,1440.0,8920.0,30,20,0,0,0,0,4,0,3159.61950368391,0,2025
2025-06-20 11:00:00,6301,2,0,11,0,5977.0,739.0,9818.0,30,20,0,0,0,0,4,0,3159.235404809939,0,2025
2025-06-20 12:00:00,6883,2,0,12,0,6772.0,540.0,7825.0,30,20,0,0,0,0,4,0,3158.8741204747303,0,2025
2025-06-20 13:00:00,7327,2,0,13,0,7337.0,772.0,6709.0,30,20,0,0,0,0,4,0,3158.562141154577,0,2025
2025-06-20 14:00:00,8148,2,0,14,0,7671.0,1452.0,6404.0,30,20,0,0,0,0,4,0,3158.3053656253137,0,2025
2025-06-20 15:00:00,8670,2,0,15,0,8570.0,2806.0,5192.0,30,20,0,0,0,0,4,0,3158.1906560078337,0,2025
2025-06-20 16:00:00,8826,2,0,16,0,9024.0,4232.0,4241.0,30,20,0,0,0,0,4,0,3158.193215189641,0,2025
2025-06-20 17:00:00,9495,2,0,17,0,9291.0,5191.0,2806.0,30,20,0,0,0,0,4,0,3158.2347218944124,0,2025
2025-06-20 18:00:00,10272,2,0,18,0,9362.0,5977.0,1715.0,30,20,0,0,0,0,4,0,3158.4650724068724,0,2025
2025-06-20 19:00:00,8587,2,0,19,0,10335.0,6772.0,1032.0,30,20,0,0,0,0,4,0,3158.9578322080515,0,2025
2025-06-20 20:00:00,7218,2,0,20,0,9001.0,7337.0,898.0,30,20,0,0,0,0,4,0,3158.9392721359745,0,2025
2025-06-20 21:00:00,7511,2,0,21,0,7917.0,7671.0,1082.0,30,20,0,0,0,0,4,0,3158.667220528011,0,2025
2025-06-20 22:00:00,8500,2,0,22,0,8329.0,8570.0,2137.0,30,20,0,0,0,0,4,0,3158.437256898822,0,2025
2025-06-20 23:00:00,8837,2,0,23,0,8778.0,9024.0,3668.0,30,20,0,0,0,0,4,0,3158.398050037048,0,2025
2025-06-21 00:00:00,7741,2,0,0,0,7471.0,9291.0,4932.0,30,21,0,0,0,0,5,0,3158.4408871085475,0,2025
2025-06-21 01:00:00,6322,2,0,1,0,5970.0,9362.0,5452.0,30,21,0,0,0,0,5,0,3158.248393435074,0,2025
2025-06-21 02:00:00,4824,2,0,2,0,4734.0,10335.0,5737.0,30,21,0,0,0,0,5,0,3157.8892109753683,0,2025
2025-06-21 03:00:00,3187,2,0,3,0,3649.0,9001.0,6301.0,30,21,0,0,0,0,5,0,3157.522713786646,0,2025
2025-06-21 04:00:00,2076,2,0,4,0,2218.0,7917.0,6883.0,30,21,0,0,0,0,5,0,3157.346038699355,0,2025
2025-06-21 05:00:00,1133,2,0,5,0,1250.0,8329.0,7327.0,30,21,0,0,0,0,5,0,3157.4156651816884,0,2025
2025-06-21 06:00:00,1497,2,0,6,0,679.0,8778.0,8148.0,30,21,0,0,0,0,5,0,3157.7686041348807,0,2025
2025-06-21 07:00:00,2202,2,0,7,0,905.0,7471.0,8670.0,30,21,0,0,0,0,5,0,3158.003470146094,0,2025
2025-06-21 08:00:00,3368,2,0,8,0,1565.0,5970.0,8826.0,30,21,0,0,0,0,5,0,3158.039452295318,0,2025
2025-06-21 09:00:00,4720,2,0,9,0,2602.0,4734.0,9495.0,30,21,0,0,0,0,5,0,3157.8311068104263,0,2025
2025-06-21 10:00:00,5856,2,0,10,0,4100.0,3649.0,10272.0,30,21,0,0,0,0,5,0,3157.4708401041166,0,2025
2025-06-21 11:00:00,6778,2,0,11,0,5374.0,2218.0,8587.0,30,21,0,0,0,0,5,0,3157.091851840952,0,2025
2025-06-21 12:00:00,8210,2,0,12,0,6350.0,1250.0,7218.0,30,21,0,0,0,0,5,0,3156.770719939096,0,2025
2025-06-21 13:00:00,8760,2,0,13,0,7860.0,679.0,7511.0,30,21,0,0,0,0,5,0,3156.6689732654554,0,2025
2025-06-21 14:00:00,8376,2,0,14,0,8458.0,905.0,8500.0,30,21,0,0,0,0,5,0,3156.693241275057,0,2025
2025-06-21 15:00:00,8588,2,0,15,0,8245.0,1565.0,8837.0,30,21,0,0,0,0,5,0,3156.626849616487,0,2025
2025-06-21 16:00:00,9401,2,0,16,0,8735.0,2602.0,7741.0,30,21,0,0,0,0,5,0,3156.608846830416,0,2025
2025-06-21 17:00:00,10105,2,0,17,0,9298.0,4100.0,6322.0,30,21,0,0,0,0,5,0,3156.808644492091,0,2025
2025-06-21 18:00:00,10406,2,0,18,0,9510.0,5374.0,4824.0,30,21,0,0,0,0,5,0,3157.237705810422,0,2025
2025-06-21 19:00:00,9004,2,0,19,0,9901.0,6350.0,3187.0,30,21,0,0,0,0,5,0,3157.775847309696,0,2025
2025-06-21 20:00:00,7579,2,0,20,0,8564.0,7860.0,2076.0,30,21,0,0,0,0,5,0,3157.86161145082,0,2025
2025-06-21 21:00:00,7967,2,0,21,0,7513.0,8458.0,1133.0,30,21,0,0,0,0,5,0,3157.6429127483643,0,2025
2025-06-21 22:00:00,9487,2,0,22,0,8033.0,8245.0,1497.0,30,21,0,0,0,0,5,0,3157.491582386673,0,2025
2025-06-21 23:00:00,9561,2,0,23,0,8767.0,8735.0,2202.0,30,21,0,0,0,0,5,0,3157.7152179036134,0,2025
2025-06-22 00:00:00,8539,2,0,0,0,7296.0,9298.0,3368.0,30,22,0,0,0,0,6,0,3157.961204655152,0,2025
2025-06-22 01:00:00,6756,2,0,1,0,6045.0,9510.0,4720.0,30,22,0,0,0,0,6,0,3157.929604660607,0,2025
2025-06-22 02:00:00,5249,2,0,2,0,4764.0,9901.0,5856.0,30,22,0,0,0,0,6,0,3157.6062538722267,0,2025
2025-06-22 03:00:00,3651,2,0,3,0,3545.0,8564.0,6778.0,30,22,0,0,0,0,6,0,3157.2266656701813,0,2025
2025-06-22 04:00:00,2486,2,0,4,0,2249.0,7513.0,8210.0,30,22,0,0,0,0,6,0,3156.9776695468013,0,2025
2025-06-22 05:00:00,1436,2,0,5,0,1502.0,8033.0,8760.0,30,22,0,0,0,0,6,0,3156.9471111120874,0,2025
2025-06-22 06:00:00,1628,2,0,6,0,798.0,8767.0,8376.0,30,22,0,0,0,0,6,0,3157.2022195447985,0,2025
2025-06-22 07:00:00,2168,2,0,7,0,929.0,7296.0,8588.0,30,22,0,0,0,0,6,0,3157.3983357022453,0,2025
2025-06-22 08:00:00,3016,2,0,8,0,1530.0,6045.0,9401.0,30,22,0,0,0,0,6,0,3157.444638203479,0,2025
2025-06-22 09:00:00,4706,2,0,9,0,2356.0,4764.0,10105.0,30,22,0,0,0,0,6,0,3157.301209426564,0,2025
2025-06-22 10:00:00,6381,2,0,10,0,3975.0,3545.0,10406.0,30,22,0,0,0,0,6,0,3156.944357921141,0,2025
2025-06-22 11:00:00,6202,2,0,11,0,5103.0,2249.0,9004.0,30,22,0,0,0,0,6,0,3156.591898207559,0,2025
2025-06-22 12:00:00,6747,2,0,12,0,5467.0,1502.0,7579.0,30,22,0,0,0,0,6,0,3156.228855186201,0,2025
2025-06-22 13:00:00,6999,2,0,13,0,6504.0,798.0,7967.0,30,22,0,0,0,0,6,0,3155.906136466473,0,2025
2025-06-22 14:00:00,7442,2,0,14,0,6737.0,929.0,9487.0,30,22,0,0,0,0,6,0,3155.60977462116,0,2025
2025-06-22 15:00:00,7439,2,0,15,0,7333.0,1530.0,9561.0,30,22,0,0,0,0,6,0,3155.371410882103,0,2025
2025-06-22 16:00:00,7768,2,0,16,0,7267.0,2356.0,8539.0,30,22,0,0,0,0,6,0,3155.132632850109,0,2025
2025-06-22 17:00:00,8227,2,0,17,0,7733.0,3975.0,6756.0,30,22,0,0,0,0,6,0,3154.946498545147,0,2025
2025-06-22 18:00:00,8250,2,0,18,0,7961.0,5103.0,5249.0,30,22,0,0,0,0,6,0,3154.8475467014487,0,2025
2025-06-22 19:00:00,7020,2,0,19,0,8150.0,5467.0,3651.0,30,22,0,0,0,0,6,0,3154.753294622816,0,2025
2025-06-22 20:00:00,6647,2,0,20,0,6997.0,6504.0,2486.0,30,22,0,0,0,0,6,0,3154.4595739025917,0,2025
2025-06-22 21:00:00,6537,2,0,21,0,6336.0,6737.0,1436.0,30,22,0,0,0,0,6,0,3154.1283271420416,0,2025
2025-06-22 22:00:00,5692,2,0,22,0,6005.0,7333.0,1628.0,30,22,0,0,0,0,6,0,3153.7881270311286,0,2025
2025-06-22 23:00:00,4729,2,0,23,0,4853.0,7267.0,2168.0,30,22,0,0,0,0,6,0,3153.4093278629275,0,2025
2025-06-23 00:00:00,3112,2,0,0,0,3797.0,7733.0,3016.0,30,23,0,0,0,0,0,0,3153.053059009673,0,2025
2025-06-23 01:00:00,1526,2,0,1,0,2416.0,7961.0,4706.0,30,23,0,0,0,0,0,0,3152.8937924605625,0,2025
2025-06-23 02:00:00,817,2,0,2,0,1183.0,8150.0,6381.0,30,23,0,0,0,0,0,0,3153.121403627078,0,2025
2025-06-23 03:00:00,565,2,0,3,0,581.0,6997.0,6202.0,30,23,0,0,0,0,0,0,3153.583531352541,0,2025
2025-06-23 04:00:00,818,2,0,4,0,398.0,6336.0,6747.0,30,23,0,0,0,0,0,0,3154.1376459455632,0,2025
2025-06-23 05:00:00,1269,2,0,5,0,454.0,6005.0,6999.0,30,23,0,0,0,0,0,0,3154.59796940755,0,2025
2025-06-23 06:00:00,2772,2,0,6,0,767.0,4853.0,7442.0,30,23,0,0,0,0,0,0,3154.9040544551794,0,2025
2025-06-23 07:00:00,4870,2,0,7,0,1874.0,3797.0,7439.0,30,23,0,0,0,0,0,0,3154.8100795465084,0,2025
2025-06-23 08:00:00,6502,2,0,8,0,3540.0,2416.0,7768.0,30,23,0,0,0,0,0,0,3154.446294810032,0,2025
2025-06-23 09:00:00,6733,2,0,9,0,4733.0,1183.0,8227.0,30,23,0,0,0,0,0,0,3154.1047795868744,0,2025
2025-06-23 10:00:00,6508,2,0,10,0,5571.0,581.0,8250.0,30,23,0,0,0,0,0,0,3153.78289633048,0,2025
2025-06-23 11:00:00,7092,2,0,11,0,6201.0,398.0,7020.0,30,23,0,0,0,0,0,0,3153.4420479510386,0,2025
2025-06-23 12:00:00,7618,2,0,12,0,6981.0,454.0,6647.0,30,23,0,0,0,0,0,0,3153.1587448260857,0,2025
2025-06-23 13:00:00,7953,2,0,13,0,7482.0,767.0,6537.0,30,23,0,0,0,0,0,0,3152.94944532772,0,2025
2025-06-23 14:00:00,8830,2,0,14,0,7790.0,1874.0,5692.0,30,23,0,0,0,0,0,0,3152.7981995112755,0,2025
2025-06-23 15:00:00,9416,2,0,15,0,8558.0,3540.0,4729.0,30,23,0,0,0,0,0,0,3152.839254871298,0,2025
2025-06-23 16:00:00,9461,2,0,16,0,8716.0,4733.0,3112.0,30,23,0,0,0,0,0,0,3153.041154522636,0,2025
2025-06-23 17:00:00,10605,2,0,17,0,8672.0,5571.0,1526.0,30,23,0,0,0,0,0,0,3153.2561073480047,0,2025
2025-06-23 18:00:00,10233,2,0,18,0,9447.0,6201.0,817.0,30,23,0,0,0,0,0,0,3153.8638701676364,0,2025
2025-06-23 19:00:00,8131,2,0,19,0,9222.0,6981.0,565.0,30,23,0,0,0,0,0,0,3154.332070500207,0,2025
2025-06-23 20:00:00,7539,2,0,20,0,7891.0,7482.0,818.0,30,23,0,0,0,0,0,0,3154.2139136478468,0,2025
2025-06-23 21:00:00,7998,2,0,21,0,7234.0,7790.0,1269.0,30,23,0,0,0,0,0,0,3153.991371470412,0,2025
2025-06-23 22:00:00,6747,2,0,22,0,7169.0,8558.0,2772.0,30,23,0,0,0,0,0,0,3153.8473745979786,0,2025
2025-06-23 23:00:00,4598,2,0,23,0,5656.0,8716.0,4870.0,30,23,0,0,0,0,0,0,3153.527019149289,0,2025
2025-06-24 00:00:00,2655,2,0,0,0,3805.0,8672.0,6502.0,30,24,0,0,0,0,1,0,3153.181412454207,0,2025
2025-06-24 01:00:00,1059,2,0,1,0,2212.0,9447.0,6733.0,30,24,0,0,0,0,1,0,3153.11482584463,0,2025
2025-06-24 02:00:00,523,2,0,2,0,847.0,9222.0,6508.0,30,24,0,0,0,0,1,0,3153.4914243675016,0,2025
2025-06-24 03:00:00,340,2,0,3,0,362.0,7891.0,7092.0,30,24,0,0,0,0,1,0,3154.059554467402,0,2025
2025-06-24 04:00:00,587,2,0,4,0,210.0,7234.0,7618.0,30,24,0,0,0,0,1,0,3154.6973929158607,0,2025
2025-06-24 05:00:00,1086,2,0,5,0,336.0,7169.0,7953.0,30,24,0,0,0,0,1,0,3155.2397734218284,0,2025
2025-06-24 06:00:00,2790,2,0,6,0,797.0,5656.0,8830.0,30,24,0,0,0,0,1,0,3155.604589239176,0,2025
2025-06-24 07:00:00,5104,2,0,7,0,2008.0,3805.0,9416.0,30,24,0,0,0,0,1,0,3155.5076642331555,0,2025
2025-06-24 08:00:00,6998,2,0,8,0,3800.0,2212.0,9461.0,30,24,0,0,0,0,1,0,3155.1366999025977,0,2025
2025-06-24 09:00:00,6919,2,0,9,0,5177.0,847.0,10605.0,30,24,0,0,0,0,1,0,3154.8435013306203,0,2025
2025-06-24 10:00:00,6708,2,0,10,0,5780.0,362.0,10233.0,30,24,0,0,0,0,1,0,3154.541710785033,0,2025
2025-06-24 11:00:00,7195,2,0,11,0,6495.0,210.0,8131.0,30,24,0,0,0,0,1,0,3154.2191822031714,0,2025
2025-06-24 12:00:00,7716,2,0,12,0,7279.0,336.0,7539.0,30,24,0,0,0,0,1,0,3153.9498674110573,0,2025
2025-06-24 13:00:00,8212,2,0,13,0,7660.0,797.0,7998.0,30,24,0,0,0,0,1,0,3153.757284615936,0,2025
2025-06-24 14:00:00,9355,2,0,14,0,8057.0,2008.0,6747.0,30,24,0,0,0,0,1,0,3153.6567453777466,0,2025
2025-06-24 15:00:00,9790,2,0,15,0,8930.0,3800.0,4598.0,30,24,0,0,0,0,1,0,3153.839002267264,0,2025
2025-06-24 16:00:00,10506,2,0,16,0,8978.0,5177.0,2655.0,30,24,0,0,0,0,1,0,3154.154442963591,0,2025
2025-06-24 17:00:00,12204,2,0,17,0,9397.0,5780.0,1059.0,30,24,0,0,0,0,1,0,3154.7201976259203,0,2025
2025-06-24 18:00:00,12649,2,0,18,0,10190.0,6495.0,523.0,30,24,0,0,0,0,1,0,3156.034327690192,0,2025
2025-06-24 19:00:00,10447,2,0,19,0,10755.0,7279.0,340.0,30,24,0,0,0,0,1,0,3157.578609167834,0,2025
2025-06-24 20:00:00,10100,2,0,20,0,9490.0,7660.0,587.0,30,24,0,0,0,0,1,0,3158.1187686558533,0,2025
2025-06-24 21:00:00,10488,2,0,21,0,9162.0,8057.0,1086.0,30,24,0,0,0,0,1,0,3158.5337152450443,0,2025
2025-06-24 22:00:00,8754,2,0,22,0,9143.0,8930.0,2790.0,30,24,0,0,0,0,1,0,3159.087677283156,0,2025
2025-06-24 23:00:00,5548,2,0,23,0,7205.0,8978.0,5104.0,30,24,0,0,0,0,1,0,3159.1050943026244,0,2025
2025-06-25 00:00:00,2750,2,0,0,0,4429.0,9397.0,6998.0,30,25,0,0,0,0,2,0,3158.7289219398017,0,2025
2025-06-25 01:00:00,1411,2,0,1,0,2116.0,10190.0,6919.0,30,25,0,0,0,0,2,0,3158.642621887501,0,2025
2025-06-25 02:00:00,615,2,0,2,0,1119.0,10755.0,6708.0,30,25,0,0,0,0,2,0,3158.9034424147026,0,2025
2025-06-25 03:00:00,444,2,0,3,0,446.0,9490.0,7195.0,30,25,0,0,0,0,2,0,3159.434075143053,0,2025
2025-06-25 04:00:00,495,2,0,4,0,311.0,9162.0,7716.0,30,25,0,0,0,0,2,0,3160.028175800567,0,2025
2025-06-25 05:00:00,1021,2,0,5,0,308.0,9143.0,8212.0,30,25,0,0,0,0,2,0,3160.60204438035,0,2025
2025-06-25 06:00:00,2576,2,0,6,0,679.0,7205.0,9355.0,30,25,0,0,0,0,2,0,3160.98677601032,0,2025
2025-06-25 07:00:00,5150,2,0,7,0,1841.0,4429.0,9790.0,30,25,0,0,0,0,2,0,3160.936156835952,0,2025
2025-06-25 08:00:00,7210,2,0,8,0,3955.0,2116.0,10506.0,30,25,0,0,0,0,2,0,3160.565495805004,0,2025
2025-06-25 09:00:00,7280,2,0,9,0,5496.0,1119.0,12204.0,30,25,0,0,0,0,2,0,3160.2978065278185,0,2025
2025-06-25 10:00:00,7047,2,0,10,0,6118.0,446.0,12649.0,30,25,0,0,0,0,2,0,3160.039266132929,0,2025
2025-06-25 11:00:00,7294,2,0,11,0,6951.0,311.0,10447.0,30,25,0,0,0,0,2,0,3159.751935728654,0,2025
2025-06-25 12:00:00,7971,2,0,12,0,7460.0,308.0,10100.0,30,25,0,0,0,0,2,0,3159.495361420246,0,2025
2025-06-25 13:00:00,8516,2,0,13,0,8074.0,679.0,10488.0,30,25,0,0,0,0,2,0,3159.346405507509,0,2025
2025-06-25 14:00:00,9191,2,0,14,0,8521.0,1841.0,8754.0,30,25,0,0,0,0,2,0,3159.308974483667,0,2025
2025-06-25 15:00:00,9409,2,0,15,0,8691.0,3955.0,5548.0,30,25,0,0,0,0,2,0,3159.440428344423,0,2025
2025-06-25 16:00:00,10081,2,0,16,0,9144.0,5496.0,2750.0,30,25,0,0,0,0,2,0,3159.6334395679937,0,2025
2025-06-25 17:00:00,11300,2,0,17,0,10002.0,6118.0,1411.0,30,25,0,0,0,0,2,0,3160.0391119690817,0,2025
2025-06-25 18:00:00,11709,2,0,18,0,10291.0,6951.0,615.0,30,25,0,0,0,0,2,0,3160.916781388095,0,2025
2025-06-25 19:00:00,10510,2,0,19,0,10403.0,7460.0,444.0,30,25,0,0,0,0,2,0,3161.97658593203,0,2025
2025-06-25 20:00:00,9516,2,0,20,0,9546.0,8074.0,495.0,30,25,0,0,0,0,2,0,3162.53314065458,0,2025
2025-06-25 21:00:00,10609,2,0,21,0,8624.0,8521.0,1021.0,30,25,0,0,0,0,2,0,3162.754802703002,0,2025
2025-06-25 22:00:00,9854,2,0,22,0,9892.0,8691.0,2576.0,30,25,0,0,0,0,2,0,3163.347285368417,0,2025
2025-06-25 23:00:00,6361,2,0,23,0,8685.0,9144.0,5150.0,30,25,0,0,0,0,2,0,3163.673123531884,0,2025
2025-06-26 00:00:00,3732,2,0,0,0,5254.0,10002.0,7210.0,30,26,0,0,0,0,3,0,3163.3244330875486,0,2025
2025-06-26 01:00:00,2048,2,0,1,0,3216.0,10291.0,7280.0,30,26,0,0,0,0,3,0,3163.0707996556184,0,2025
2025-06-26 02:00:00,989,2,0,2,0,1706.0,10403.0,7047.0,30,26,0,0,0,0,3,0,3163.149641508409,0,2025
2025-06-26 03:00:00,606,2,0,3,0,805.0,9546.0,7294.0,30,26,0,0,0,0,3,0,3163.545761323306,0,2025
2025-06-26 04:00:00,663,2,0,4,0,411.0,8624.0,7971.0,30,26,0,0,0,0,3,0,3164.076680984535,0,2025
2025-06-26 05:00:00,1210,2,0,5,0,392.0,9892.0,8516.0,30,26,0,0,0,0,3,0,3164.586000812632,0,2025
2025-06-26 06:00:00,2812,2,0,6,0,761.0,8685.0,9191.0,30,26,0,0,0,0,3,0,3164.907126497661,0,2025
2025-06-26 07:00:00,5015,2,0,7,0,1943.0,5254.0,9409.0,30,26,0,0,0,0,3,0,3164.807540871714,0,2025
2025-06-26 08:00:00,6958,2,0,8,0,3778.0,3216.0,10081.0,30,26,0,0,0,0,3,0,3164.443144571676,0,2025
2025-06-26 09:00:00,6792,2,0,9,0,5285.0,1706.0,11300.0,30,26,0,0,0,0,3,0,3164.146157216204,0,2025
2025-06-26 10:00:00,6410,2,0,10,0,6091.0,805.0,11709.0,30,26,0,0,0,0,3,0,3163.832492409506,0,2025
2025-06-26 11:00:00,6759,2,0,11,0,6441.0,411.0,10510.0,30,26,0,0,0,0,3,0,3163.488188942342,0,2025
2025-06-26 12:00:00,7366,2,0,12,0,7000.0,392.0,9516.0,30,26,0,0,0,0,3,0,3163.1716309015865,0,2025
2025-06-26 13:00:00,7555,2,0,13,0,7724.0,761.0,10609.0,30,26,0,0,0,0,3,0,3162.9248568953967,0,2025
2025-06-26 14:00:00,8226,2,0,14,0,7806.0,1943.0,9854.0,30,26,0,0,0,0,3,0,3162.705422784222,0,2025
2025-06-26 15:00:00,8703,2,0,15,0,8407.0,3778.0,6361.0,30,26,0,0,0,0,3,0,3162.6044152103,0,2025
2025-06-26 16:00:00,8759,2,0,16,0,8729.0,5285.0,3732.0,30,26,0,0,0,0,3,0,3162.607875303609,0,2025
2025-06-26 17:00:00,10758,2,0,17,0,8809.0,6091.0,2048.0,30,26,0,0,0,0,3,0,3162.624537066385,0,2025
2025-06-26 18:00:00,11477,2,0,18,0,10591.0,6441.0,989.0,30,26,0,0,0,0,3,0,3163.271461593707,0,2025
2025-06-26 19:00:00,9808,2,0,19,0,10546.0,7000.0,606.0,30,26,0,0,0,0,3,0,3164.2168140978697,0,2025
2025-06-26 20:00:00,8813,2,0,20,0,8994.0,7724.0,663.0,30,26,0,0,0,0,3,0,3164.525484740105,0,2025
2025-06-26 21:00:00,9794,2,0,21,0,8528.0,7806.0,1210.0,30,26,0,0,0,0,3,0,3164.5536958656667,0,2025
2025-06-26 22:00:00,10075,2,0,22,0,9549.0,8407.0,2812.0,30,26,0,0,0,0,3,0,3164.857093676512,0,2025
2025-06-26 23:00:00,7523,2,0,23,0,9100.0,8729.0,5015.0,30,26,0,0,0,0,3,0,3165.252022866211,0,2025
2025-06-27 00:00:00,5473,2,0,0,0,6359.0,8809.0,6958.0,30,27,0,0,0,0,4,0,3165.026571115064,0,2025
2025-06-27 01:00:00,3674,2,0,1,0,4599.0,10591.0,6792.0,30,27,0,0,0,0,4,0,3164.6541555291124,0,2025
2025-06-27 02:00:00,2204,2,0,2,0,3271.0,10546.0,6410.0,30,27,0,0,0,0,4,0,3164.410336351741,0,2025
2025-06-27 03:00:00,1370,2,0,3,0,1858.0,8994.0,6759.0,30,27,0,0,0,0,4,0,3164.450073700909,0,2025
2025-06-27 04:00:00,1153,2,0,4,0,968.0,8528.0,7366.0,30,27,0,0,0,0,4,0,3164.721752650308,0,2025
2025-06-27 05:00:00,1204,2,0,5,0,672.0,9549.0,7555.0,30,27,0,0,0,0,4,0,3165.061816010317,0,2025
2025-06-27 06:00:00,2275,2,0,6,0,784.0,9100.0,8226.0,30,27,0,0,0,0,4,0,3165.384864903069,0,2025
2025-06-27 07:00:00,3535,2,0,7,0,1668.0,6359.0,8703.0,30,27,0,0,0,0,4,0,3165.406039237686,0,2025
2025-06-27 08:00:00,4846,2,0,8,0,2859.0,4599.0,8759.0,30,27,0,0,0,0,4,0,3165.1816103105634,0,2025
2025-06-27 09:00:00,5296,2,0,9,0,4132.0,3271.0,10758.0,30,27,0,0,0,0,4,0,3164.8270193362296,0,2025
2025-06-27 10:00:00,5504,2,0,10,0,4994.0,1858.0,11477.0,30,27,0,0,0,0,4,0,3164.4572779490395,0,2025
2025-06-27 11:00:00,6108,2,0,11,0,5815.0,968.0,9808.0,30,27,0,0,0,0,4,0,3164.0856881377977,0,2025
2025-06-27 12:00:00,6818,2,0,12,0,6329.0,672.0,8813.0,30,27,0,0,0,0,4,0,3163.726681528011,0,2025
2025-06-27 13:00:00,6867,2,0,13,0,6916.0,784.0,9794.0,30,27,0,0,0,0,4,0,3163.417032095937,0,2025
2025-06-27 14:00:00,7679,2,0,14,0,6946.0,1668.0,10075.0,30,27,0,0,0,0,4,0,3163.1122444596244,0,2025
2025-06-27 15:00:00,7720,2,0,15,0,7868.0,2859.0,7523.0,30,27,0,0,0,0,4,0,3162.912574115342,0,2025
2025-06-27 16:00:00,7851,2,0,16,0,8102.0,4132.0,5473.0,30,27,0,0,0,0,4,0,3162.719502058484,0,2025
2025-06-27 17:00:00,8595,2,0,17,0,8409.0,4994.0,3674.0,30,27,0,0,0,0,4,0,3162.548332016509,0,2025
2025-06-27 18:00:00,9090,2,0,18,0,8823.0,5815.0,2204.0,30,27,0,0,0,0,4,0,3162.525627143838,0,2025
2025-06-27 19:00:00,8217,2,0,19,0,9343.0,6329.0,1370.0,30,27,0,0,0,0,4,0,3162.624232906385,0,2025
2025-06-27 20:00:00,7159,2,0,20,0,8575.0,6916.0,1153.0,30,27,0,0,0,0,4,0,3162.5206843473543,0,2025
2025-06-27 21:00:00,7948,2,0,21,0,7767.0,6946.0,1204.0,30,27,0,0,0,0,4,0,3162.248139419778,0,2025
2025-06-27 22:00:00,8848,2,0,22,0,8596.0,7868.0,2275.0,30,27,0,0,0,0,4,0,3162.0937221049026,0,2025
2025-06-27 23:00:00,8968,2,0,23,0,9035.0,8102.0,3535.0,30,27,0,0,0,0,4,0,3162.130157976763,0,2025
2025-06-28 00:00:00,7991,2,0,0,0,8141.0,8409.0,4846.0,30,28,0,0,0,0,5,0,3162.1963542816866,0,2025
2025-06-28 01:00:00,6756,2,0,1,0,7165.0,8823.0,5296.0,30,28,0,0,0,0,5,0,3162.049419008512,0,2025
2025-06-28 02:00:00,5206,2,0,2,0,5957.0,9343.0,5504.0,30,28,0,0,0,0,5,0,3161.734489669438,0,2025
2025-06-28 03:00:00,3484,2,0,3,0,4284.0,8575.0,6108.0,30,28,0,0,0,0,5,0,3161.3686175459734,0,2025
2025-06-28 04:00:00,2247,2,0,4,0,2700.0,7767.0,6818.0,30,28,0,0,0,0,5,0,3161.1545960454832,0,2025
2025-06-28 05:00:00,1096,2,0,5,0,1443.0,8596.0,6867.0,30,28,0,0,0,0,5,0,3161.184876160387,0,2025
2025-06-28 06:00:00,1450,2,0,6,0,673.0,9035.0,7679.0,30,28,0,0,0,0,5,0,3161.543734727512,0,2025
2025-06-28 07:00:00,1868,2,0,7,0,951.0,8141.0,7720.0,30,28,0,0,0,0,5,0,3161.790564406172,0,2025
2025-06-28 08:00:00,2645,2,0,8,0,1461.0,7165.0,7851.0,30,28,0,0,0,0,5,0,3161.9173248659577,0,2025
2025-06-28 09:00:00,3784,2,0,9,0,2316.0,5957.0,8595.0,30,28,0,0,0,0,5,0,3161.8557801869542,0,2025
2025-06-28 10:00:00,4790,2,0,10,0,3559.0,4284.0,9090.0,30,28,0,0,0,0,5,0,3161.599214528846,0,2025
2025-06-28 11:00:00,5635,2,0,11,0,5076.0,2700.0,8217.0,30,28,0,0,0,0,5,0,3161.250284047794,0,2025
2025-06-28 12:00:00,6408,2,0,12,0,5896.0,1443.0,7159.0,30,28,0,0,0,0,5,0,3160.881618717642,0,2025
2025-06-28 13:00:00,6927,2,0,13,0,6919.0,673.0,7948.0,30,28,0,0,0,0,5,0,3160.541100747715,0,2025
2025-06-28 14:00:00,7175,2,0,14,0,7395.0,951.0,8848.0,30,28,0,0,0,0,5,0,3160.2442463331104,0,2025
2025-06-28 15:00:00,7691,2,0,15,0,7445.0,1461.0,8968.0,30,28,0,0,0,0,5,0,3159.975292823052,0,2025
2025-06-28 16:00:00,8169,2,0,16,0,8455.0,2316.0,7991.0,30,28,0,0,0,0,5,0,3159.7788108970144,0,2025
2025-06-28 17:00:00,8541,2,0,17,0,8940.0,3559.0,6756.0,30,28,0,0,0,0,5,0,3159.666910283955,0,2025
2025-06-28 18:00:00,9084,2,0,18,0,8882.0,5076.0,5206.0,30,28,0,0,0,0,5,0,3159.6323960338304,0,2025
2025-06-28 19:00:00,8316,2,0,19,0,9207.0,5896.0,3484.0,30,28,0,0,0,0,5,0,3159.7290710878374,0,2025
2025-06-28 20:00:00,6950,2,0,20,0,8661.0,6919.0,2247.0,30,28,0,0,0,0,5,0,3159.6461995593304,0,2025
2025-06-28 21:00:00,7810,2,0,21,0,7473.0,7395.0,1096.0,30,28,0,0,0,0,5,0,3159.3519226380326,0,2025
2025-06-28 22:00:00,9122,2,0,22,0,8415.0,7445.0,1450.0,30,28,0,0,0,0,5,0,3159.1746789229837,0,2025
2025-06-28 23:00:00,9626,2,0,23,0,8591.0,8455.0,1868.0,30,28,0,0,0,0,5,0,3159.280763997353,0,2025
2025-06-29 00:00:00,8885,2,0,0,0,8209.0,8940.0,2645.0,30,29,0,0,0,0,6,0,3159.52907042153,0,2025
2025-06-29 01:00:00,7372,2,0,1,0,7683.0,8882.0,3784.0,30,29,0,0,0,0,6,0,3159.5740362108886,0,2025
2025-06-29 02:00:00,5518,2,0,2,0,6119.0,9207.0,4790.0,30,29,0,0,0,0,6,0,3159.330187076503,0,2025
2025-06-29 03:00:00,3804,2,0,3,0,4322.0,8661.0,5635.0,30,29,0,0,0,0,6,0,3158.962646523314,0,2025
2025-06-29 04:00:00,2627,2,0,4,0,2821.0,7473.0,6408.0,30,29,0,0,0,0,6,0,3158.7059923874594,0,2025
2025-06-29 05:00:00,1347,2,0,5,0,1736.0,8415.0,6927.0,30,29,0,0,0,0,6,0,3158.6506308176668,0,2025
2025-06-29 06:00:00,1426,2,0,6,0,807.0,8591.0,7175.0,30,29,0,0,0,0,6,0,3158.9295935096006,0,2025
2025-06-29 07:00:00,1951,2,0,7,0,904.0,8209.0,7691.0,30,29,0,0,0,0,6,0,3159.183983745097,0,2025
2025-06-29 08:00:00,2631,2,0,8,0,1588.0,7683.0,8169.0,30,29,0,0,0,0,6,0,3159.2894116460448,0,2025
2025-06-29 09:00:00,4116,2,0,9,0,2433.0,6119.0,8541.0,30,29,0,0,0,0,6,0,3159.232385903716,0,2025
2025-06-29 10:00:00,5091,2,0,10,0,3894.0,4322.0,9084.0,30,29,0,0,0,0,6,0,3158.939366918804,0,2025
2025-06-29 11:00:00,5912,2,0,11,0,4757.0,2821.0,8316.0,30,29,0,0,0,0,6,0,3158.5797463374606,0,2025
2025-06-29 12:00:00,6541,2,0,12,0,5616.0,1736.0,6950.0,30,29,0,0,0,0,6,0,3158.218303735594,0,2025
2025-06-29 13:00:00,6872,2,0,13,0,6499.0,807.0,7810.0,30,29,0,0,0,0,6,0,3157.889004653042,0,2025
2025-06-29 14:00:00,6982,2,0,14,0,6723.0,904.0,9122.0,30,29,0,0,0,0,6,0,3157.5883229930228,0,2025
2025-06-29 15:00:00,6880,2,0,15,0,6972.0,1588.0,9626.0,30,29,0,0,0,0,6,0,3157.2989765558923,0,2025
2025-06-29 16:00:00,6973,2,0,16,0,6898.0,2433.0,8885.0,30,29,0,0,0,0,6,0,3156.999239876948,0,2025
2025-06-29 17:00:00,7297,2,0,17,0,6962.0,3894.0,7372.0,30,29,0,0,0,0,6,0,3156.709087919629,0,2025
2025-06-29 18:00:00,7395,2,0,18,0,7247.0,4757.0,5518.0,30,29,0,0,0,0,6,0,3156.457070941524,0,2025
2025-06-29 19:00:00,6536,2,0,19,0,7246.0,5616.0,3804.0,30,29,0,0,0,0,6,0,3156.2181240812183,0,2025
2025-06-29 20:00:00,6096,2,0,20,0,6738.0,6499.0,2627.0,30,29,0,0,0,0,6,0,3155.889072031802,0,2025
2025-06-29 21:00:00,6785,2,0,21,0,6160.0,6723.0,1347.0,30,29,0,0,0,0,6,0,3155.5349408806205,0,2025
2025-06-29 22:00:00,6243,2,0,22,0,6347.0,6972.0,1426.0,30,29,0,0,0,0,6,0,3155.226643611522,0,2025
2025-06-29 23:00:00,4632,2,0,23,0,4975.0,6898.0,1951.0,30,29,0,0,0,0,6,0,3154.8795638295005,0,2025
2025-06-30 00:00:00,2958,2,0,0,0,3645.0,6962.0,2631.0,30,30,0,0,0,1,0,0,3154.544359992419,0,2025
2025-06-30 01:00:00,1717,2,0,1,0,2256.0,7247.0,4116.0,30,30,0,0,0,1,0,0,3154.423186349287,0,2025
2025-06-30 02:00:00,1122,2,0,2,0,1357.0,7246.0,5091.0,30,30,0,0,0,1,0,0,3154.5931139125987,0,2025
2025-06-30 03:00:00,857,2,0,3,0,776.0,6738.0,5912.0,30,30,0,0,0,1,0,0,3154.942265398254,0,2025
2025-06-30 04:00:00,908,2,0,4,0,506.0,6160.0,6541.0,30,30,0,0,0,1,0,0,3155.379159599921,0,2025
2025-06-30 05:00:00,1256,2,0,5,0,547.0,6347.0,6872.0,30,30,0,0,0,1,0,0,3155.7980429865347,0,2025
2025-06-30 06:00:00,2229,2,0,6,0,823.0,4975.0,6982.0,30,30,0,0,0,1,0,0,3156.102890473981,0,2025
2025-06-30 07:00:00,3537,2,0,7,0,1743.0,3645.0,6880.0,30,30,0,0,0,1,0,0,3156.137338040401,0,2025
2025-06-30 08:00:00,5191,2,0,8,0,3035.0,2256.0,6973.0,30,30,0,0,0,1,0,0,3155.9180756291457,0,2025
2025-06-30 09:00:00,5343,2,0,9,0,4585.0,1357.0,7297.0,30,30,0,0,0,1,0,0,3155.557665826595,0,2025
2025-06-30 10:00:00,5263,2,0,10,0,5160.0,776.0,7395.0,30,30,0,0,0,1,0,0,3155.19445513433,0,2025
2025-06-30 11:00:00,5500,2,0,11,0,5728.0,506.0,6536.0,30,30,0,0,0,1,0,0,3154.832697734494,0,2025
2025-06-30 12:00:00,6096,2,0,12,0,6015.0,547.0,6096.0,30,30,0,0,0,1,0,0,3154.4684937916263,0,2025
2025-06-30 13:00:00,6373,2,0,13,0,6680.0,823.0,6785.0,30,30,0,0,0,1,0,0,3154.1161150372213,0,2025
2025-06-30 14:00:00,6810,2,0,14,0,7171.0,1743.0,6243.0,30,30,0,0,0,1,0,0,3153.7781341405744,0,2025
2025-06-30 15:00:00,6957,2,0,15,0,7614.0,3035.0,4632.0,30,30,0,0,0,1,0,0,3153.4741924756822,0,2025
2025-06-30 16:00:00,6697,2,0,16,0,7713.0,4585.0,2958.0,30,30,0,0,0,1,0,0,3153.1848828599154,0,2025
2025-06-30 17:00:00,7996,2,0,17,0,7430.0,5160.0,1717.0,30,30,0,0,0,1,0,0,3152.8709974707963,0,2025
2025-06-30 18:00:00,8990,2,0,18,0,8334.0,5728.0,1122.0,30,30,0,0,0,1,0,0,3152.729648696322,0,2025
2025-06-30 19:00:00,6273,2,0,19,0,9404.0,6015.0,857.0,30,30,0,0,0,1,0,0,3152.803447258282,0,2025
2025-06-30 20:00:00,5743,2,0,20,0,6798.0,6680.0,908.0,30,30,0,0,0,1,0,0,3152.4601657391586,0,2025
2025-06-30 21:00:00,6334,2,0,21,0,6031.0,7171.0,1256.0,30,30,0,0,0,1,0,0,3152.098577532487,0,2025
2025-06-30 22:00:00,5074,2,0,22,0,6434.0,7614.0,2229.0,30,30,0,0,0,1,0,0,3151.7589645459902,0,2025
2025-06-30 23:00:00,3276,2,0,23,0,4428.0,7713.0,3537.0,30,30,0,0,0,1,0,0,3151.403692232233,0,2025
2025-07-01 00:00:00,2272,3,0,0,0,2953.0,7430.0,5191.0,31,1,1,0,0,0,1,0,3151.226863347743,1,2025
2025-07-01 01:00:00,1433,3,0,1,0,2055.0,8334.0,5343.0,31,1,1,0,0,0,1,0,3151.252268064584,1,2025
2025-07-01 02:00:00,835,3,0,2,0,1299.0,9404.0,5263.0,31,1,1,0,0,0,1,0,3151.502844626913,1,2025
2025-07-01 03:00:00,531,3,0,3,0,689.0,6798.0,5500.0,31,1,1,0,0,0,1,0,3151.944889955575,1,2025
2025-07-01 04:00:00,530,3,0,4,0,358.0,6031.0,6096.0,31,1,1,0,0,0,1,0,3152.493785371206,1,2025
2025-07-01 05:00:00,1000,3,0,5,0,319.0,6434.0,6373.0,31,1,1,0,0,0,1,0,3153.0422783475788,1,2025
2025-07-01 06:00:00,2120,3,0,6,0,742.0,4428.0,6810.0,31,1,1,0,0,0,1,0,3153.426848051276,1,2025
2025-07-01 07:00:00,3942,3,0,7,0,1566.0,2953.0,6957.0,31,1,1,0,0,0,1,0,3153.487133383479,1,2025
2025-07-01 08:00:00,5749,3,0,8,0,3329.0,2055.0,6697.0,31,1,1,0,0,0,1,0,3153.2160540293235,1,2025
2025-07-01 09:00:00,6302,3,0,9,0,4830.0,1299.0,7996.0,31,1,1,0,0,0,1,0,3152.8555918595544,1,2025
2025-07-01 10:00:00,5826,3,0,10,0,5901.0,689.0,8990.0,31,1,1,0,0,0,1,0,3152.5154222978067,1,2025
2025-07-01 11:00:00,6012,3,0,11,0,6006.0,358.0,6273.0,31,1,1,0,0,0,1,0,3152.1566748702285,1,2025
2025-07-01 12:00:00,6712,3,0,12,0,6372.0,319.0,5743.0,31,1,1,0,0,0,1,0,3151.803385882778,1,2025
2025-07-01 13:00:00,6885,3,0,13,0,7206.0,742.0,6334.0,31,1,1,0,0,0,1,0,3151.4928731017526,1,2025
2025-07-01 14:00:00,7278,3,0,14,0,7452.0,1566.0,5074.0,31,1,1,0,0,0,1,0,3151.1984851491725,1,2025
2025-07-01 15:00:00,7591,3,0,15,0,8033.0,3329.0,3276.0,31,1,1,0,0,0,1,0,3150.9486867815094,1,2025
2025-07-01 16:00:00,8345,3,0,16,0,8327.0,4830.0,2272.0,31,1,1,0,0,0,1,0,3150.742411786337,1,2025
2025-07-01 17:00:00,10321,3,0,17,0,9044.0,5901.0,1433.0,31,1,1,0,0,0,1,0,3150.670118127559,1,2025
2025-07-01 18:00:00,10556,3,0,18,0,9979.0,6006.0,835.0,31,1,1,0,0,0,1,0,3151.1448646653284,1,2025
2025-07-01 19:00:00,10159,3,0,19,0,10085.0,6372.0,531.0,31,1,1,0,0,0,1,0,3151.702852017607,1,2025
2025-07-01 20:00:00,9376,3,0,20,0,9292.0,7206.0,530.0,31,1,1,0,0,0,1,0,3152.120731665168,1,2025
2025-07-01 21:00:00,8337,3,0,21,0,8130.0,7452.0,1000.0,31,1,1,0,0,0,1,0,3152.296919647697,1,2025
2025-07-01 22:00:00,5666,3,0,22,0,7041.0,8033.0,2120.0,31,1,1,0,0,0,1,0,3152.221765206345,1,2025
2025-07-01 23:00:00,3700,3,0,23,0,4823.0,8327.0,3942.0,31,1,1,0,0,0,1,0,3151.8613984591584,1,2025
2025-07-02 00:00:00,2366,3,0,0,0,3265.0,9044.0,5749.0,31,2,0,0,0,0,2,0,3151.622436492673,0,2025
2025-07-02 01:00:00,1394,3,0,1,0,2159.0,9979.0,6302.0,31,2,0,0,0,0,2,0,3151.625605600288,0,2025
2025-07-02 02:00:00,692,3,0,2,0,1337.0,10085.0,5826.0,31,2,0,0,0,0,2,0,3151.8862699979577,0,2025
2025-07-02 03:00:00,423,3,0,3,0,579.0,9292.0,6012.0,31,2,0,0,0,0,2,0,3152.3751231461456,0,2025
2025-07-02 04:00:00,563,3,0,4,0,291.0,8130.0,6712.0,31,2,0,0,0,0,2,0,3152.9603058105768,0,2025
2025-07-02 05:00:00,1073,3,0,5,0,292.0,7041.0,6885.0,31,2,0,0,0,0,2,0,3153.4935659612715,0,2025
2025-07-02 06:00:00,2372,3,0,6,0,734.0,4823.0,7278.0,31,2,0,0,0,0,2,0,3153.8520069562837,0,2025
2025-07-02 07:00:00,3972,3,0,7,0,1682.0,3265.0,7591.0,31,2,0,0,0,0,2,0,3153.851889243151,0,2025
2025-07-02 08:00:00,5655,3,0,8,0,3167.0,2159.0,8345.0,31,2,0,0,0,0,2,0,3153.578811013846,0,2025
2025-07-02 09:00:00,5952,3,0,9,0,4501.0,1337.0,10321.0,31,2,0,0,0,0,2,0,3153.2190795931588,0,2025
2025-07-02 10:00:00,5422,3,0,10,0,5283.0,579.0,10556.0,31,2,0,0,0,0,2,0,3152.865471146218,0,2025
2025-07-02 11:00:00,5624,3,0,11,0,5682.0,291.0,10159.0,31,2,0,0,0,0,2,0,3152.505752392731,0,2025
2025-07-02 12:00:00,6318,3,0,12,0,6005.0,292.0,9376.0,31,2,0,0,0,0,2,0,3152.1461314857297,0,2025
2025-07-02 13:00:00,6410,3,0,13,0,6929.0,734.0,8337.0,31,2,0,0,0,0,2,0,3151.809062504475,0,2025
2025-07-02 14:00:00,6783,3,0,14,0,6970.0,1682.0,5666.0,31,2,0,0,0,0,2,0,3151.477690824586,0,2025
2025-07-02 15:00:00,6606,3,0,15,0,7215.0,3167.0,3700.0,31,2,0,0,0,0,2,0,3151.175356437257,0,2025
2025-07-02 16:00:00,7075,3,0,16,0,7255.0,4501.0,2366.0,31,2,0,0,0,0,2,0,3150.858124688815,0,2025
2025-07-02 17:00:00,7915,3,0,17,0,7840.0,5283.0,1394.0,31,2,0,0,0,0,2,0,3150.585622575278,0,2025
2025-07-02 18:00:00,8124,3,0,18,0,8253.0,5682.0,692.0,31,2,0,0,0,0,2,0,3150.432880543209,0,2025
2025-07-02 19:00:00,6587,3,0,19,0,8252.0,6005.0,423.0,31,2,0,0,0,0,2,0,3150.317806353836,0,2025
2025-07-02 20:00:00,5586,3,0,20,0,6854.0,6929.0,563.0,31,2,0,0,0,0,2,0,3149.9993675406668,0,2025
2025-07-02 21:00:00,5761,3,0,21,0,5787.0,6970.0,1073.0,31,2,0,0,0,0,2,0,3149.64053792538,0,2025
2025-07-02 22:00:00,5450,3,0,22,0,6194.0,7215.0,2372.0,31,2,0,0,0,0,2,0,3149.283680104438,0,2025
2025-07-02 23:00:00,4204,3,0,23,0,5371.0,7255.0,3972.0,31,2,0,0,0,0,2,0,3148.925188316538,0,2025
2025-07-03 00:00:00,2633,3,0,0,0,3903.0,7840.0,5655.0,31,3,0,0,0,0,3,0,3148.629931044778,0,2025
2025-07-03 01:00:00,1516,3,0,1,0,2309.0,8253.0,5952.0,31,3,0,0,0,0,3,0,3148.5742601821216,0,2025
2025-07-03 02:00:00,792,3,0,2,0,1189.0,8252.0,5422.0,31,3,0,0,0,0,3,0,3148.7971756513184,0,2025
2025-07-03 03:00:00,544,3,0,3,0,586.0,6854.0,5624.0,31,3,0,0,0,0,3,0,3149.248388437529,0,2025
2025-07-03 04:00:00,737,3,0,4,0,433.0,5787.0,6318.0,31,3,0,0,0,0,3,0,3149.785947690923,0,2025
2025-07-03 05:00:00,1179,3,0,5,0,377.0,6194.0,6410.0,31,3,0,0,0,0,3,0,3150.254729607192,0,2025
2025-07-03 06:00:00,2104,3,0,6,0,712.0,5371.0,6783.0,31,3,0,0,0,0,3,0,3150.577260318466,0,2025
2025-07-03 07:00:00,3051,3,0,7,0,1420.0,3903.0,6606.0,31,3,0,0,0,0,3,0,3150.640374044928,0,2025
2025-07-03 08:00:00,4264,3,0,8,0,2398.0,2309.0,7075.0,31,3,0,0,0,0,3,0,3150.5022204090296,0,2025
2025-07-03 09:00:00,4558,3,0,9,0,3501.0,1189.0,7915.0,31,3,0,0,0,0,3,0,3150.201077394443,0,2025
2025-07-03 10:00:00,4870,3,0,10,0,4340.0,586.0,8124.0,31,3,0,0,0,0,3,0,3149.8765093741463,0,2025
2025-07-03 11:00:00,5379,3,0,11,0,4998.0,433.0,6587.0,31,3,0,0,0,0,3,0,3149.533918751875,0,2025
2025-07-03 12:00:00,6145,3,0,12,0,5615.0,377.0,5586.0,31,3,0,0,0,0,3,0,3149.1769503329715,0,2025
2025-07-03 13:00:00,6685,3,0,13,0,6509.0,712.0,5761.0,31,3,0,0,0,0,3,0,3148.8335082404,0,2025
2025-07-03 14:00:00,7187,3,0,14,0,6856.0,1420.0,5450.0,31,3,0,0,0,0,3,0,3148.525040460397,0,2025
2025-07-03 15:00:00,7479,3,0,15,0,7343.0,2398.0,4204.0,31,3,0,0,0,0,3,0,3148.2679058591148,0,2025
2025-07-03 16:00:00,6965,3,0,16,0,7459.0,3501.0,2633.0,31,3,0,0,0,0,3,0,3148.048970957489,0,2025
2025-07-03 17:00:00,7815,3,0,17,0,7255.0,4340.0,1516.0,31,3,0,0,0,0,3,0,3147.767041664832,0,2025
2025-07-03 18:00:00,8360,3,0,18,0,8105.0,4998.0,792.0,31,3,0,0,0,0,3,0,3147.5996424183763,0,2025
2025-07-03 19:00:00,5231,3,0,19,0,8380.0,5615.0,544.0,31,3,0,0,0,0,3,0,3147.532959024749,0,2025
2025-07-03 20:00:00,4276,3,0,20,0,5138.0,6509.0,737.0,31,3,0,0,0,0,3,0,3147.1792055558626,0,2025
2025-07-03 21:00:00,4604,3,0,21,0,4538.0,6856.0,1179.0,31,3,0,0,0,0,3,0,3146.8784148497,0,2025
2025-07-03 22:00:00,4910,3,0,22,0,5001.0,7343.0,2104.0,31,3,0,0,0,0,3,0,3146.552162543717,0,2025
2025-07-03 23:00:00,4151,3,0,23,0,4775.0,7459.0,3051.0,31,3,0,0,0,0,3,0,3146.209170623218,0,2025
2025-07-04 00:00:00,3430,3,0,0,0,3930.0,7255.0,4264.0,31,4,0,0,0,0,4,0,3145.9204222170624,0,2025
2025-07-04 01:00:00,2794,3,0,1,0,2972.0,8105.0,4558.0,31,4,0,0,0,0,4,0,3145.7215442512547,0,2025
2025-07-04 02:00:00,2160,3,0,2,0,2383.0,8380.0,4870.0,31,4,0,0,0,0,4,0,3145.632897275705,0,2025
2025-07-04 03:00:00,1614,3,0,3,0,1742.0,5138.0,5379.0,31,4,0,0,0,0,4,0,3145.682953084537,0,2025
2025-07-04 04:00:00,1117,3,0,4,0,1125.0,4538.0,6145.0,31,4,0,0,0,0,4,0,3145.8754282108903,0,2025
2025-07-04 05:00:00,753,3,0,5,0,647.0,5001.0,6685.0,31,4,0,0,0,0,4,0,3146.215942502502,0,2025
2025-07-04 06:00:00,1094,3,0,6,0,473.0,4775.0,7187.0,31,4,0,0,0,0,4,0,3146.675823105957,0,2025
2025-07-04 07:00:00,1387,3,0,7,0,735.0,3930.0,7479.0,31,4,0,0,0,0,4,0,3147.022548775407,0,2025
2025-07-04 08:00:00,1642,3,0,8,0,1176.0,2972.0,6965.0,31,4,0,0,0,0,4,0,3147.278809356663,0,2025
2025-07-04 09:00:00,2320,3,0,9,0,1533.0,2383.0,7815.0,31,4,0,0,0,0,4,0,3147.4614260074723,0,2025
2025-07-04 10:00:00,2948,3,0,10,0,2335.0,1742.0,8360.0,31,4,0,0,0,0,4,0,3147.471792760385,0,2025
2025-07-04 11:00:00,3494,3,0,11,0,3006.0,1125.0,5231.0,31,4,0,0,0,0,4,0,3147.352246518951,0,2025
2025-07-04 12:00:00,4171,3,0,12,0,3526.0,647.0,4276.0,31,4,0,0,0,0,4,0,3147.1428796637288,0,2025
2025-07-04 13:00:00,4852,3,0,13,0,3878.0,473.0,4604.0,31,4,0,0,0,0,4,0,3146.851966965394,0,2025
2025-07-04 14:00:00,5251,3,0,14,0,4396.0,735.0,4910.0,31,4,0,0,0,0,4,0,3146.512283934612,0,2025
2025-07-04 15:00:00,5534,3,0,15,0,4928.0,1176.0,4151.0,31,4,0,0,0,0,4,0,3146.159554571673,0,2025
2025-07-04 16:00:00,5524,3,0,16,0,5126.0,1533.0,3430.0,31,4,0,0,0,0,4,0,3145.8045364716386,0,2025
2025-07-04 17:00:00,5538,3,0,17,0,5347.0,2335.0,2794.0,31,4,0,0,0,0,4,0,3145.4496256926764,0,2025
2025-07-04 18:00:00,5544,3,0,18,0,5385.0,3006.0,2160.0,31,4,0,0,0,0,4,0,3145.0948549811264,0,2025
2025-07-04 19:00:00,5199,3,0,19,0,5308.0,3526.0,1614.0,31,4,0,0,0,0,4,0,3144.740217142196,0,2025
2025-07-04 20:00:00,4924,3,0,20,0,4894.0,3878.0,1117.0,31,4,0,0,0,0,4,0,3144.389152590531,0,2025
2025-07-04 21:00:00,4572,3,0,21,0,4775.0,4396.0,753.0,31,4,0,0,0,0,4,0,3144.0470675944675,0,2025
2025-07-04 22:00:00,6285,3,0,22,0,4543.0,4928.0,1094.0,31,4,0,0,0,0,4,0,3143.7243422222577,0,2025
2025-07-04 23:00:00,6038,3,0,23,0,5347.0,5126.0,1387.0,31,4,0,0,0,0,4,0,3143.391622938511,0,2025
2025-07-05 00:00:00,4896,3,0,0,0,4290.0,5347.0,1642.0,31,5,0,0,0,0,5,0,3143.047493017755,0,2025
2025-07-05 01:00:00,3610,3,0,1,0,2966.0,5385.0,2320.0,31,5,0,0,0,0,5,0,3142.707076179197,0,2025
2025-07-05 02:00:00,2486,3,0,2,0,2179.0,5308.0,2948.0,31,5,0,0,0,0,5,0,3142.482655469286,0,2025
2025-07-05 03:00:00,1946,3,0,3,0,1479.0,4894.0,3494.0,31,5,0,0,0,0,5,0,3142.45650497736,0,2025
2025-07-05 04:00:00,1475,3,0,4,0,1007.0,4775.0,4171.0,31,5,0,0,0,0,5,0,3142.557579567636,0,2025
2025-07-05 05:00:00,930,3,0,5,0,666.0,4543.0,4852.0,31,5,0,0,0,0,5,0,3142.7864715174733,0,2025
2025-07-05 06:00:00,1141,3,0,6,0,466.0,5347.0,5251.0,31,5,0,0,0,0,5,0,3143.182899758956,0,2025
2025-07-05 07:00:00,1358,3,0,7,0,666.0,4290.0,5534.0,31,5,0,0,0,0,5,0,3143.5112709132823,0,2025
2025-07-05 08:00:00,1747,3,0,8,0,994.0,2966.0,5524.0,31,5,0,0,0,0,5,0,3143.773100269069,0,2025
2025-07-05 09:00:00,2748,3,0,9,0,1489.0,2179.0,5538.0,31,5,0,0,0,0,5,0,3143.9245902072826,0,2025
2025-07-05 10:00:00,3457,3,0,10,0,2509.0,1479.0,5544.0,31,5,0,0,0,0,5,0,3143.84276385826,0,2025
2025-07-05 11:00:00,4109,3,0,11,0,3470.0,1007.0,5199.0,31,5,0,0,0,0,5,0,3143.6391856319733,0,2025
2025-07-05 12:00:00,4924,3,0,12,0,4395.0,666.0,4924.0,31,5,0,0,0,0,5,0,3143.355475403104,0,2025
2025-07-05 13:00:00,5309,3,0,13,0,5368.0,466.0,4572.0,31,5,0,0,0,0,5,0,3143.0143989806065,0,2025
2025-07-05 14:00:00,5521,3,0,14,0,6059.0,666.0,6285.0,31,5,0,0,0,0,5,0,3142.6628100708526,0,2025
2025-07-05 15:00:00,5388,3,0,15,0,6186.0,994.0,6038.0,31,5,0,0,0,0,5,0,3142.310011178085,0,2025
2025-07-05 16:00:00,5626,3,0,16,0,6253.0,1489.0,4896.0,31,5,0,0,0,0,5,0,3141.957788883483,0,2025
2025-07-05 17:00:00,5682,3,0,17,0,6851.0,2509.0,3610.0,31,5,0,0,0,0,5,0,3141.6057586621178,0,2025
2025-07-05 18:00:00,6054,3,0,18,0,6811.0,3470.0,2486.0,31,5,0,0,0,0,5,0,3141.254451802953,0,2025
2025-07-05 19:00:00,5761,3,0,19,0,7029.0,4395.0,1946.0,31,5,0,0,0,0,5,0,3140.9129647186905,0,2025
2025-07-05 20:00:00,4881,3,0,20,0,6587.0,5368.0,1475.0,31,5,0,0,0,0,5,0,3140.5631244430933,0,2025
2025-07-05 21:00:00,5171,3,0,21,0,5545.0,6059.0,930.0,31,5,0,0,0,0,5,0,3140.224828794311,0,2025
2025-07-05 22:00:00,5571,3,0,22,0,5701.0,6186.0,1141.0,31,5,0,0,0,0,5,0,3139.87677327425,0,2025
2025-07-05 23:00:00,4973,3,0,23,0,5663.0,6253.0,1358.0,31,5,0,0,0,0,5,0,3139.525073668228,0,2025
2025-07-06 00:00:00,3961,3,0,0,0,4346.0,6851.0,1747.0,31,6,0,0,0,0,6,0,3139.183337801296,0,2025
2025-07-06 01:00:00,3029,3,0,1,0,3313.0,6811.0,2748.0,31,6,0,0,0,0,6,0,3138.9164917469666,0,2025
2025-07-06 02:00:00,2403,3,0,2,0,2354.0,7029.0,3457.0,31,6,0,0,0,0,6,0,3138.7831634244185,0,2025
2025-07-06 03:00:00,1781,3,0,3,0,1644.0,6587.0,4109.0,31,6,0,0,0,0,6,0,3138.774168806493,0,2025
2025-07-06 04:00:00,1459,3,0,4,0,1125.0,5545.0,4924.0,31,6,0,0,0,0,6,0,3138.916219356704,0,2025
2025-07-06 05:00:00,914,3,0,5,0,936.0,5701.0,5309.0,31,6,0,0,0,0,6,0,3139.147040900973,0,2025
2025-07-06 06:00:00,1164,3,0,6,0,628.0,5663.0,5521.0,31,6,0,0,0,0,6,0,3139.54497229581,0,2025
2025-07-06 07:00:00,1449,3,0,7,0,819.0,4346.0,5388.0,31,6,0,0,0,0,6,0,3139.862929344282,0,2025
2025-07-06 08:00:00,1858,3,0,8,0,1271.0,3313.0,5626.0,31,6,0,0,0,0,6,0,3140.095360058972,0,2025
2025-07-06 09:00:00,2920,3,0,9,0,1820.0,2354.0,5682.0,31,6,0,0,0,0,6,0,3140.215513259044,0,2025
2025-07-06 10:00:00,3751,3,0,10,0,2872.0,1644.0,6054.0,31,6,0,0,0,0,6,0,3140.100570653477,0,2025
2025-07-06 11:00:00,4388,3,0,11,0,3931.0,1125.0,5761.0,31,6,0,0,0,0,6,0,3139.8578557977785,0,2025
2025-07-06 12:00:00,5210,3,0,12,0,4793.0,936.0,4881.0,31,6,0,0,0,0,6,0,3139.5505842236284,0,2025
2025-07-06 13:00:00,5699,3,0,13,0,5791.0,628.0,5171.0,31,6,0,0,0,0,6,0,3139.2027316204285,0,2025
2025-07-06 14:00:00,6154,3,0,14,0,6432.0,819.0,5571.0,31,6,0,0,0,0,6,0,3138.853610688445,0,2025
2025-07-06 15:00:00,5909,3,0,15,0,6876.0,1271.0,4973.0,31,6,0,0,0,0,6,0,3138.51859455286,0,2025
2025-07-06 16:00:00,6144,3,0,16,0,6605.0,1820.0,3961.0,31,6,0,0,0,0,6,0,3138.1743268427253,0,2025
2025-07-06 17:00:00,6148,3,0,17,0,6916.0,2872.0,3029.0,31,6,0,0,0,0,6,0,3137.8390627573635,0,2025
2025-07-06 18:00:00,6421,3,0,18,0,6776.0,3931.0,2403.0,31,6,0,0,0,0,6,0,3137.504091075587,0,2025
2025-07-06 19:00:00,5734,3,0,19,0,6958.0,4793.0,1781.0,31,6,0,0,0,0,6,0,3137.1845543937666,0,2025
2025-07-06 20:00:00,5474,3,0,20,0,6301.0,5791.0,1459.0,31,6,0,0,0,0,6,0,3136.836666452888,0,2025
2025-07-06 21:00:00,5527,3,0,21,0,5945.0,6432.0,914.0,31,6,0,0,0,0,6,0,3136.486881723088,0,2025
2025-07-06 22:00:00,4962,3,0,22,0,5572.0,6876.0,1164.0,31,6,0,0,0,0,6,0,3136.137234282489,0,2025
2025-07-06 23:00:00,3606,3,0,23,0,4446.0,6605.0,1449.0,31,6,0,0,0,0,6,0,3135.7977674280187,0,2025
2025-07-07 00:00:00,2489,3,0,0,0,3240.0,6916.0,1858.0,31,7,0,0,0,0,0,0,3135.575102756909,0,2025
2025-07-07 01:00:00,1002,3,0,1,0,2202.0,6776.0,2920.0,31,7,0,0,0,0,0,0,3135.546666075304,0,2025
2025-07-07 02:00:00,540,3,0,2,0,851.0,6958.0,3751.0,31,7,0,0,0,0,0,0,3135.9139891490163,0,2025
2025-07-07 03:00:00,392,3,0,3,0,360.0,6301.0,4388.0,31,7,0,0,0,0,0,0,3136.435665008846,0,2025
2025-07-07 04:00:00,566,3,0,4,0,267.0,5945.0,5210.0,31,7,0,0,0,0,0,0,3137.0094198953047,0,2025
2025-07-07 05:00:00,1064,3,0,5,0,383.0,5572.0,5699.0,31,7,0,0,0,0,0,0,3137.520544638741,0,2025
2025-07-07 06:00:00,2106,3,0,6,0,744.0,4446.0,6154.0,31,7,0,0,0,0,0,0,3137.8658967379047,0,2025
2025-07-07 07:00:00,3686,3,0,7,0,1612.0,3240.0,5909.0,31,7,0,0,0,0,0,0,3137.9223849965924,0,2025
2025-07-07 08:00:00,5426,3,0,8,0,3113.0,2202.0,6144.0,31,7,0,0,0,0,0,0,3137.6883924905696,0,2025
2025-07-07 09:00:00,5270,3,0,9,0,4720.0,851.0,6148.0,31,7,0,0,0,0,0,0,3137.3395646314043,0,2025
2025-07-07 10:00:00,4935,3,0,10,0,5121.0,360.0,6421.0,31,7,0,0,0,0,0,0,3136.992394515761,0,2025
2025-07-07 11:00:00,5047,3,0,11,0,5263.0,267.0,5734.0,31,7,0,0,0,0,0,0,3136.6544761466644,0,2025
2025-07-07 12:00:00,5881,3,0,12,0,5622.0,383.0,5474.0,31,7,0,0,0,0,0,0,3136.3127287040184,0,2025
2025-07-07 13:00:00,5912,3,0,13,0,6507.0,744.0,5527.0,31,7,0,0,0,0,0,0,3135.9697248544294,0,2025
2025-07-07 14:00:00,6219,3,0,14,0,6731.0,1612.0,4962.0,31,7,0,0,0,0,0,0,3135.6277322129104,0,2025
2025-07-07 15:00:00,6585,3,0,15,0,7046.0,3113.0,3606.0,31,7,0,0,0,0,0,0,3135.298423553306,0,2025
2025-07-07 16:00:00,6411,3,0,16,0,7592.0,4720.0,2489.0,31,7,0,0,0,0,0,0,3134.992922773064,0,2025
2025-07-07 17:00:00,7249,3,0,17,0,7347.0,5121.0,1002.0,31,7,0,0,0,0,0,0,3134.675061130728,0,2025
2025-07-07 18:00:00,7065,3,0,18,0,7935.0,5263.0,540.0,31,7,0,0,0,0,0,0,3134.4369235415115,0,2025
2025-07-07 19:00:00,5790,3,0,19,0,7886.0,5622.0,392.0,31,7,0,0,0,0,0,0,3134.177089142553,0,2025
2025-07-07 20:00:00,5691,3,0,20,0,6529.0,6507.0,566.0,31,7,0,0,0,0,0,0,3133.832582092316,0,2025
2025-07-07 21:00:00,5672,3,0,21,0,6209.0,6731.0,1064.0,31,7,0,0,0,0,0,0,3133.4864246416687,0,2025
2025-07-07 22:00:00,4698,3,0,22,0,5695.0,7046.0,2106.0,31,7,0,0,0,0,0,0,3133.140122761902,0,2025
2025-07-07 23:00:00,3111,3,0,23,0,4257.0,7592.0,3686.0,31,7,0,0,0,0,0,0,3132.814876622328,0,2025
2025-07-08 00:00:00,2357,3,0,0,0,2857.0,7347.0,5426.0,31,8,0,0,0,0,1,0,3132.6676024417384,0,2025
2025-07-08 01:00:00,1157,3,0,1,0,2233.0,7935.0,5270.0,31,8,0,0,0,0,1,0,3132.6671863924325,0,2025
2025-07-08 02:00:00,528,3,0,2,0,1055.0,7886.0,4935.0,31,8,0,0,0,0,1,0,3132.983168141928,0,2025
2025-07-08 03:00:00,345,3,0,3,0,425.0,6529.0,5047.0,31,8,0,0,0,0,1,0,3133.505159446684,0,2025
2025-07-08 04:00:00,378,3,0,4,0,274.0,6209.0,5881.0,31,8,0,0,0,0,1,0,3134.091728776967,0,2025
2025-07-08 05:00:00,988,3,0,5,0,249.0,5695.0,5912.0,31,8,0,0,0,0,1,0,3134.6655763187223,0,2025
2025-07-08 06:00:00,2252,3,0,6,0,747.0,4257.0,6219.0,31,8,0,0,0,0,1,0,3135.031939006177,0,2025
2025-07-08 07:00:00,4313,3,0,7,0,1788.0,2857.0,6585.0,31,8,0,0,0,0,1,0,3135.0532234988323,0,2025
2025-07-08 08:00:00,6246,3,0,8,0,3576.0,2233.0,6411.0,31,8,0,0,0,0,1,0,3134.754504409976,0,2025
2025-07-08 09:00:00,6447,3,0,9,0,4975.0,1055.0,7249.0,31,8,0,0,0,0,1,0,3134.428361451563,0,2025
2025-07-08 10:00:00,5923,3,0,10,0,5906.0,425.0,7065.0,31,8,0,0,0,0,1,0,3134.1145901392606,0,2025
2025-07-08 11:00:00,6257,3,0,11,0,6254.0,274.0,5790.0,31,8,0,0,0,0,1,0,3133.774905278129,0,2025
2025-07-08 12:00:00,7070,3,0,12,0,6833.0,249.0,5691.0,31,8,0,0,0,0,1,0,3133.449664893816,0,2025
2025-07-08 13:00:00,7174,3,0,13,0,7562.0,747.0,5672.0,31,8,0,0,0,0,1,0,3133.1922888310146,0,2025
2025-07-08 14:00:00,7454,3,0,14,0,7809.0,1788.0,4698.0,31,8,0,0,0,0,1,0,3132.9469934546355,0,2025
2025-07-08 15:00:00,7763,3,0,15,0,8026.0,3576.0,3111.0,31,8,0,0,0,0,1,0,3132.7379025737782,0,2025
2025-07-08 16:00:00,7809,3,0,16,0,8569.0,4975.0,2357.0,31,8,0,0,0,0,1,0,3132.5751340789857,0,2025
2025-07-08 17:00:00,9143,3,0,17,0,8676.0,5906.0,1157.0,31,8,0,0,0,0,1,0,3132.419814021925,0,2025
2025-07-08 18:00:00,9590,3,0,18,0,9381.0,6254.0,528.0,31,8,0,0,0,0,1,0,3132.545754416484,0,2025
2025-07-08 19:00:00,10147,3,0,19,0,10064.0,6833.0,345.0,31,8,0,0,0,0,1,0,3132.793666093248,0,2025
2025-07-08 20:00:00,10460,3,0,20,0,10234.0,7562.0,378.0,31,8,0,0,0,0,1,0,3133.213112144682,0,2025
2025-07-08 21:00:00,7772,3,0,21,0,8721.0,7809.0,988.0,31,8,0,0,0,0,1,0,3133.7381149070534,0,2025
2025-07-08 22:00:00,6325,3,0,22,0,7107.0,8026.0,2252.0,31,8,0,0,0,0,1,0,3133.576058736702,0,2025
2025-07-08 23:00:00,4026,3,0,23,0,5563.0,8569.0,4313.0,31,8,0,0,0,0,1,0,3133.255108459324,0,2025
2025-07-09 00:00:00,2503,3,0,0,0,3537.0,8676.0,6246.0,31,9,0,0,0,0,2,0,3132.984892389509,0,2025
2025-07-09 01:00:00,1518,3,0,1,0,2408.0,9381.0,6447.0,31,9,0,0,0,0,2,0,3132.953007477005,0,2025
2025-07-09 02:00:00,999,3,0,2,0,1492.0,10064.0,5923.0,31,9,0,0,0,0,2,0,3133.1618851870508,0,2025
2025-07-09 03:00:00,465,3,0,3,0,1128.0,10234.0,6257.0,31,9,0,0,0,0,2,0,3133.5247018992745,0,2025
2025-07-09 04:00:00,450,3,0,4,0,331.0,8721.0,7070.0,31,9,0,0,0,0,2,0,3134.065414482337,0,2025
2025-07-09 05:00:00,877,3,0,5,0,306.0,7107.0,7174.0,31,9,0,0,0,0,2,0,3134.6107031722445,0,2025
2025-07-09 06:00:00,2255,3,0,6,0,615.0,5563.0,7454.0,31,9,0,0,0,0,2,0,3135.010729720802,0,2025
2025-07-09 07:00:00,4725,3,0,7,0,1675.0,3537.0,7763.0,31,9,0,0,0,0,2,0,3135.031297364247,0,2025
2025-07-09 08:00:00,6524,3,0,8,0,3763.0,2408.0,7809.0,31,9,0,0,0,0,2,0,3134.706339217582,0,2025
2025-07-09 09:00:00,6735,3,0,9,0,5239.0,1492.0,9143.0,31,9,0,0,0,0,2,0,3134.399532994252,0,2025
2025-07-09 10:00:00,6125,3,0,10,0,5946.0,1128.0,9590.0,31,9,0,0,0,0,2,0,3134.109812055882,0,2025
2025-07-09 11:00:00,6355,3,0,11,0,6285.0,331.0,10147.0,31,9,0,0,0,0,2,0,3133.779587376384,0,2025
2025-07-09 12:00:00,7023,3,0,12,0,6794.0,306.0,10460.0,31,9,0,0,0,0,2,0,3133.461697093393,0,2025
2025-07-09 13:00:00,7247,3,0,13,0,7592.0,615.0,7772.0,31,9,0,0,0,0,2,0,3133.2004538110787,0,2025
2025-07-09 14:00:00,7506,3,0,14,0,7815.0,1675.0,6325.0,31,9,0,0,0,0,2,0,3132.965230517894,0,2025
2025-07-09 15:00:00,7387,3,0,15,0,7910.0,3763.0,4026.0,31,9,0,0,0,0,2,0,3132.764440784279,0,2025
2025-07-09 16:00:00,7809,3,0,16,0,7974.0,5239.0,2503.0,31,9,0,0,0,0,2,0,3132.547281953713,0,2025
2025-07-09 17:00:00,8971,3,0,17,0,8559.0,5946.0,1518.0,31,9,0,0,0,0,2,0,3132.3927011609526,0,2025
2025-07-09 18:00:00,9551,3,0,18,0,9349.0,6285.0,999.0,31,9,0,0,0,0,2,0,3132.4747786189846,0,2025
2025-07-09 19:00:00,7965,3,0,19,0,9949.0,6794.0,465.0,31,9,0,0,0,0,2,0,3132.7101039311747,0,2025
2025-07-09 20:00:00,8929,3,0,20,0,8398.0,7592.0,450.0,31,9,0,0,0,0,2,0,3132.581486591458,0,2025
2025-07-09 21:00:00,10482,3,0,21,0,9217.0,7815.0,877.0,31,9,0,0,0,0,2,0,3132.6527366173427,0,2025
2025-07-09 22:00:00,8324,3,0,22,0,10163.0,7910.0,2255.0,31,9,0,0,0,0,2,0,3133.1824992301763,0,2025
2025-07-09 23:00:00,5409,3,0,23,0,7479.0,7974.0,4725.0,31,9,0,0,0,0,2,0,3133.1202201429,0,2025
2025-07-10 00:00:00,3098,3,0,0,0,4590.0,8559.0,6524.0,31,10,0,0,0,0,3,0,3132.7768070110706,0,2025
2025-07-10 01:00:00,1557,3,0,1,0,2459.0,9349.0,6735.0,31,10,0,0,0,0,3,0,3132.6333733513893,0,2025
2025-07-10 02:00:00,754,3,0,2,0,1248.0,9949.0,6125.0,31,10,0,0,0,0,3,0,3132.830768314422,0,2025
2025-07-10 03:00:00,561,3,0,3,0,612.0,8398.0,6355.0,31,10,0,0,0,0,3,0,3133.2711592318738,0,2025
2025-07-10 04:00:00,557,3,0,4,0,436.0,9217.0,7023.0,31,10,0,0,0,0,3,0,3133.776118712722,0,2025
2025-07-10 05:00:00,981,3,0,5,0,352.0,10163.0,7247.0,31,10,0,0,0,0,3,0,3134.281781460099,0,2025
2025-07-10 06:00:00,2357,3,0,6,0,703.0,7479.0,7506.0,31,10,0,0,0,0,3,0,3134.647079335093,0,2025
2025-07-10 07:00:00,4073,3,0,7,0,1748.0,4590.0,7387.0,31,10,0,0,0,0,3,0,3134.645240670236,0,2025
2025-07-10 08:00:00,6088,3,0,8,0,3306.0,2459.0,7809.0,31,10,0,0,0,0,3,0,3134.371455864313,0,2025
2025-07-10 09:00:00,6142,3,0,9,0,4842.0,1248.0,8971.0,31,10,0,0,0,0,3,0,3134.0411559805266,0,2025
2025-07-10 10:00:00,5984,3,0,10,0,5393.0,612.0,9551.0,31,10,0,0,0,0,3,0,3133.713344399187,0,2025
2025-07-10 11:00:00,6150,3,0,11,0,6159.0,436.0,7965.0,31,10,0,0,0,0,3,0,3133.379235654652,0,2025
2025-07-10 12:00:00,6428,3,0,12,0,6648.0,352.0,8929.0,31,10,0,0,0,0,3,0,3133.0520017355293,0,2025
2025-07-10 13:00:00,6718,3,0,13,0,6960.0,703.0,10482.0,31,10,0,0,0,0,3,0,3132.740508316521,0,2025
2025-07-10 14:00:00,7110,3,0,14,0,7391.0,1748.0,8324.0,31,10,0,0,0,0,3,0,3132.4511619372056,0,2025
2025-07-10 15:00:00,7603,3,0,15,0,7983.0,3306.0,5409.0,31,10,0,0,0,0,3,0,3132.201021768416,0,2025
2025-07-10 16:00:00,7475,3,0,16,0,8495.0,4842.0,3098.0,31,10,0,0,0,0,3,0,3132.015343723772,0,2025
2025-07-10 17:00:00,8482,3,0,17,0,8206.0,5393.0,1557.0,31,10,0,0,0,0,3,0,3131.811320776487,0,2025
2025-07-10 18:00:00,8898,3,0,18,0,8797.0,6159.0,754.0,31,10,0,0,0,0,3,0,3131.7824630296946,0,2025
2025-07-10 19:00:00,7698,3,0,19,0,9209.0,6648.0,561.0,31,10,0,0,0,0,3,0,3131.846439099848,0,2025
2025-07-10 20:00:00,7151,3,0,20,0,8276.0,6960.0,557.0,31,10,0,0,0,0,3,0,3131.6749751471543,0,2025
2025-07-10 21:00:00,8251,3,0,21,0,7539.0,7391.0,981.0,31,10,0,0,0,0,3,0,3131.4296131400856,0,2025
2025-07-10 22:00:00,8340,3,0,22,0,8451.0,7983.0,2357.0,31,10,0,0,0,0,3,0,3131.3540335423704,0,2025
2025-07-10 23:00:00,6724,3,0,23,0,7285.0,8495.0,4073.0,31,10,0,0,0,0,3,0,3131.295782346834,0,2025
2025-07-11 00:00:00,4309,3,0,0,0,5795.0,8206.0,6088.0,31,11,0,0,0,0,4,0,3131.00733596438,0,2025
2025-07-11 01:00:00,2442,3,0,1,0,3570.0,8797.0,6142.0,31,11,0,0,0,0,4,0,3130.714270572733,0,2025
2025-07-11 02:00:00,1459,3,0,2,0,2123.0,9209.0,5984.0,31,11,0,0,0,0,4,0,3130.6960448925256,0,2025
2025-07-11 03:00:00,1072,3,0,3,0,1227.0,8276.0,6150.0,31,11,0,0,0,0,4,0,3130.9198034350998,0,2025
2025-07-11 04:00:00,861,3,0,4,0,770.0,7539.0,6428.0,31,11,0,0,0,0,4,0,3131.2569183692663,0,2025
2025-07-11 05:00:00,1159,3,0,5,0,515.0,8451.0,6718.0,31,11,0,0,0,0,4,0,3131.659908762248,0,2025
2025-07-11 06:00:00,2060,3,0,6,0,706.0,7285.0,7110.0,31,11,0,0,0,0,4,0,3131.9695886816094,0,2025
2025-07-11 07:00:00,3354,3,0,7,0,1401.0,5795.0,7603.0,31,11,0,0,0,0,4,0,3132.036060133451,0,2025
2025-07-11 08:00:00,4580,3,0,8,0,2558.0,3570.0,7475.0,31,11,0,0,0,0,4,0,3131.8525456164493,0,2025
2025-07-11 09:00:00,4920,3,0,9,0,3768.0,2123.0,8482.0,31,11,0,0,0,0,4,0,3131.5398406873583,0,2025
2025-07-11 10:00:00,4969,3,0,10,0,4656.0,1227.0,8898.0,31,11,0,0,0,0,4,0,3131.2099155877995,0,2025
2025-07-11 11:00:00,5475,3,0,11,0,5148.0,770.0,7698.0,31,11,0,0,0,0,4,0,3130.878262667569,0,2025
2025-07-11 12:00:00,6096,3,0,12,0,5886.0,515.0,7151.0,31,11,0,0,0,0,4,0,3130.5375627895223,0,2025
2025-07-11 13:00:00,6391,3,0,13,0,6308.0,706.0,8251.0,31,11,0,0,0,0,4,0,3130.2100617384585,0,2025
2025-07-11 14:00:00,7043,3,0,14,0,6737.0,1401.0,8340.0,31,11,0,0,0,0,4,0,3129.8982652678505,0,2025
2025-07-11 15:00:00,7304,3,0,15,0,7547.0,2558.0,6724.0,31,11,0,0,0,0,4,0,3129.642479945164,0,2025
2025-07-11 16:00:00,7370,3,0,16,0,7870.0,3768.0,4309.0,31,11,0,0,0,0,4,0,3129.417400256493,0,2025
2025-07-11 17:00:00,8169,3,0,17,0,8071.0,4656.0,2442.0,31,11,0,0,0,0,4,0,3129.200849799848,0,2025
2025-07-11 18:00:00,8654,3,0,18,0,8576.0,5148.0,1459.0,31,11,0,0,0,0,4,0,3129.111155151635,0,2025
2025-07-11 19:00:00,7559,3,0,19,0,9001.0,5886.0,1072.0,31,11,0,0,0,0,4,0,3129.1199566015184,0,2025
2025-07-11 20:00:00,6613,3,0,20,0,8107.0,6308.0,861.0,31,11,0,0,0,0,4,0,3128.929342264706,0,2025
2025-07-11 21:00:00,6909,3,0,21,0,7152.0,6737.0,1159.0,31,11,0,0,0,0,4,0,3128.633641733388,0,2025
2025-07-11 22:00:00,7782,3,0,22,0,7835.0,7547.0,2060.0,31,11,0,0,0,0,4,0,3128.3642206784434,0,2025
2025-07-11 23:00:00,7661,3,0,23,0,8384.0,7870.0,3354.0,31,11,0,0,0,0,4,0,3128.207506464341,0,2025
2025-07-12 00:00:00,7812,3,0,0,0,7054.0,8071.0,4580.0,31,12,0,0,0,0,5,0,3128.032011039196,0,2025
2025-07-12 01:00:00,6177,3,0,1,0,6932.0,8576.0,4920.0,31,12,0,0,0,0,5,0,3127.8800729377344,0,2025
2025-07-12 02:00:00,4441,3,0,2,0,5223.0,9001.0,4969.0,31,12,0,0,0,0,5,0,3127.5572197426136,0,2025
2025-07-12 03:00:00,2934,3,0,3,0,3748.0,8107.0,5475.0,31,12,0,0,0,0,5,0,3127.255969877535,0,2025
2025-07-12 04:00:00,1998,3,0,4,0,2169.0,7152.0,6096.0,31,12,0,0,0,0,5,0,3127.142881942161,0,2025
2025-07-12 05:00:00,1091,3,0,5,0,1257.0,7835.0,6391.0,31,12,0,0,0,0,5,0,3127.225749013146,0,2025
2025-07-12 06:00:00,1349,3,0,6,0,642.0,8384.0,7043.0,31,12,0,0,0,0,5,0,3127.556144221,0,2025
2025-07-12 07:00:00,1894,3,0,7,0,898.0,7054.0,7304.0,31,12,0,0,0,0,5,0,3127.809839904225,0,2025
2025-07-12 08:00:00,2624,3,0,8,0,1524.0,6932.0,7370.0,31,12,0,0,0,0,5,0,3127.917347668758,0,2025
2025-07-12 09:00:00,3941,3,0,9,0,2253.0,5223.0,8169.0,31,12,0,0,0,0,5,0,3127.861622150451,0,2025
2025-07-12 10:00:00,4957,3,0,10,0,3590.0,3748.0,8654.0,31,12,0,0,0,0,5,0,3127.605167836585,0,2025
2025-07-12 11:00:00,5666,3,0,11,0,4952.0,2169.0,7559.0,31,12,0,0,0,0,5,0,3127.276076253018,0,2025
2025-07-12 12:00:00,6682,3,0,12,0,5622.0,1257.0,6613.0,31,12,0,0,0,0,5,0,3126.9387017303247,0,2025
2025-07-12 13:00:00,6978,3,0,13,0,6631.0,642.0,6909.0,31,12,0,0,0,0,5,0,3126.6500682209053,0,2025
2025-07-12 14:00:00,6915,3,0,14,0,7148.0,898.0,7782.0,31,12,0,0,0,0,5,0,3126.389110230565,0,2025
2025-07-12 15:00:00,6990,3,0,15,0,7329.0,1524.0,7661.0,31,12,0,0,0,0,5,0,3126.1218302207712,0,2025
2025-07-12 16:00:00,7449,3,0,16,0,7536.0,2253.0,7812.0,31,12,0,0,0,0,5,0,3125.862235736642,0,2025
2025-07-12 17:00:00,8099,3,0,17,0,8123.0,3590.0,6177.0,31,12,0,0,0,0,5,0,3125.6578139434628,0,2025
2025-07-12 18:00:00,8796,3,0,18,0,8576.0,4952.0,4441.0,31,12,0,0,0,0,5,0,3125.5563555384906,0,2025
2025-07-12 19:00:00,8379,3,0,19,0,8857.0,5622.0,2934.0,31,12,0,0,0,0,5,0,3125.597633499648,0,2025
2025-07-12 20:00:00,6910,3,0,20,0,8449.0,6631.0,1998.0,31,12,0,0,0,0,5,0,3125.54930140749,0,2025
2025-07-12 21:00:00,7161,3,0,21,0,7206.0,7148.0,1091.0,31,12,0,0,0,0,5,0,3125.281691341063,0,2025
2025-07-12 22:00:00,8134,3,0,22,0,7607.0,7329.0,1349.0,31,12,0,0,0,0,5,0,3125.041018889849,0,2025
2025-07-12 23:00:00,8830,3,0,23,0,7890.0,7536.0,1894.0,31,12,0,0,0,0,5,0,3124.9456785671587,0,2025
2025-07-13 00:00:00,7842,3,0,0,0,7148.0,8123.0,2624.0,31,13,0,0,0,0,6,0,3124.994273446449,0,2025
2025-07-13 01:00:00,6386,3,0,1,0,6013.0,8576.0,3941.0,31,13,0,0,0,0,6,0,3124.848322357498,0,2025
2025-07-13 02:00:00,4678,3,0,2,0,5238.0,8857.0,4957.0,31,13,0,0,0,0,6,0,3124.538885656399,0,2025
2025-07-13 03:00:00,3264,3,0,3,0,3711.0,8449.0,5666.0,31,13,0,0,0,0,6,0,3124.224425572007,0,2025
2025-07-13 04:00:00,2121,3,0,4,0,2385.0,7206.0,6682.0,31,13,0,0,0,0,6,0,3124.0582145903663,0,2025
2025-07-13 05:00:00,1183,3,0,5,0,1373.0,7607.0,6978.0,31,13,0,0,0,0,6,0,3124.11256714115,0,2025
2025-07-13 06:00:00,1291,3,0,6,0,760.0,7890.0,6915.0,31,13,0,0,0,0,6,0,3124.41499152144,0,2025
2025-07-13 07:00:00,1608,3,0,7,0,868.0,7148.0,6990.0,31,13,0,0,0,0,6,0,3124.6853206895603,0,2025
2025-07-13 08:00:00,2342,3,0,8,0,1263.0,6013.0,7449.0,31,13,0,0,0,0,6,0,3124.867012117288,0,2025
2025-07-13 09:00:00,3605,3,0,9,0,2142.0,5238.0,8099.0,31,13,0,0,0,0,6,0,3124.870769380491,0,2025
2025-07-13 10:00:00,4622,3,0,10,0,3299.0,3711.0,8796.0,31,13,0,0,0,0,6,0,3124.655790433213,0,2025
2025-07-13 11:00:00,5701,3,0,11,0,4453.0,2385.0,8379.0,31,13,0,0,0,0,6,0,3124.344790738466,0,2025
2025-07-13 12:00:00,6409,3,0,12,0,5516.0,1373.0,6910.0,31,13,0,0,0,0,6,0,3124.009948081205,0,2025
2025-07-13 13:00:00,7013,3,0,13,0,6178.0,760.0,7161.0,31,13,0,0,0,0,6,0,3123.7031060058016,0,2025
2025-07-13 14:00:00,7195,3,0,14,0,6852.0,868.0,8134.0,31,13,0,0,0,0,6,0,3123.447441807509,0,2025
2025-07-13 15:00:00,6715,3,0,15,0,7160.0,1263.0,8830.0,31,13,0,0,0,0,6,0,3123.21214818928,0,2025
2025-07-13 16:00:00,6573,3,0,16,0,6925.0,2142.0,7842.0,31,13,0,0,0,0,6,0,3122.928260327071,0,2025
2025-07-13 17:00:00,6754,3,0,17,0,6941.0,3299.0,6386.0,31,13,0,0,0,0,6,0,3122.633105004776,0,2025
2025-07-13 18:00:00,6732,3,0,18,0,7163.0,4453.0,4678.0,31,13,0,0,0,0,6,0,3122.352725918985,0,2025
2025-07-13 19:00:00,6379,3,0,19,0,7174.0,5516.0,3264.0,31,13,0,0,0,0,6,0,3122.070512507159,0,2025
2025-07-13 20:00:00,5797,3,0,20,0,6742.0,6178.0,2121.0,31,13,0,0,0,0,6,0,3121.7623586400878,0,2025
2025-07-13 21:00:00,5384,3,0,21,0,5985.0,6852.0,1183.0,31,13,0,0,0,0,6,0,3121.4301519759783,0,2025
2025-07-13 22:00:00,4982,3,0,22,0,5400.0,7160.0,1291.0,31,13,0,0,0,0,6,0,3121.0950677887654,0,2025
2025-07-13 23:00:00,4416,3,0,23,0,4226.0,6925.0,1608.0,31,13,0,0,0,0,6,0,3120.768463590084,0,2025
2025-07-14 00:00:00,2987,3,0,0,0,3464.0,6941.0,2342.0,31,14,0,0,0,0,0,0,3120.4725989753265,0,2025
2025-07-14 01:00:00,1626,3,0,1,0,2452.0,7163.0,3605.0,31,14,0,0,0,0,0,0,3120.352227966221,0,2025
2025-07-14 02:00:00,869,3,0,2,0,1442.0,7174.0,4622.0,31,14,0,0,0,0,0,0,3120.529408577112,0,2025
2025-07-14 03:00:00,505,3,0,3,0,695.0,6742.0,5701.0,31,14,0,0,0,0,0,0,3120.926842818854,0,2025
2025-07-14 04:00:00,640,3,0,4,0,392.0,5985.0,6409.0,31,14,0,0,0,0,0,0,3121.4437562553817,0,2025
2025-07-14 05:00:00,1163,3,0,5,0,376.0,5400.0,7013.0,31,14,0,0,0,0,0,0,3121.914451144952,0,2025
2025-07-14 06:00:00,2576,3,0,6,0,726.0,4226.0,7195.0,31,14,0,0,0,0,0,0,3122.2199965063364,0,2025
2025-07-14 07:00:00,4330,3,0,7,0,1785.0,3464.0,6715.0,31,14,0,0,0,0,0,0,3122.1747252681243,0,2025
2025-07-14 08:00:00,6104,3,0,8,0,3298.0,2452.0,6573.0,31,14,0,0,0,0,0,0,3121.885276384937,0,2025
2025-07-14 09:00:00,6106,3,0,9,0,4869.0,1442.0,6754.0,31,14,0,0,0,0,0,0,3121.5639941077325,0,2025
2025-07-14 10:00:00,5542,3,0,10,0,5529.0,695.0,6732.0,31,14,0,0,0,0,0,0,3121.2428967288924,0,2025
2025-07-14 11:00:00,5499,3,0,11,0,5809.0,392.0,6379.0,31,14,0,0,0,0,0,0,3120.908547455053,0,2025
2025-07-14 12:00:00,6109,3,0,12,0,5970.0,376.0,5797.0,31,14,0,0,0,0,0,0,3120.574183781547,0,2025
2025-07-14 13:00:00,6386,3,0,13,0,6700.0,726.0,5384.0,31,14,0,0,0,0,0,0,3120.253525912521,0,2025
2025-07-14 14:00:00,6591,3,0,14,0,6993.0,1785.0,4982.0,31,14,0,0,0,0,0,0,3119.947569952991,0,2025
2025-07-14 15:00:00,6814,3,0,15,0,7333.0,3298.0,4416.0,31,14,0,0,0,0,0,0,3119.655896868487,0,2025
2025-07-14 16:00:00,7953,3,0,16,0,7513.0,4869.0,2987.0,31,14,0,0,0,0,0,0,3119.3830124171527,0,2025
2025-07-14 17:00:00,10004,3,0,17,0,8773.0,5529.0,1626.0,31,14,0,0,0,0,0,0,3119.258932066235,0,2025
2025-07-14 18:00:00,11755,3,0,18,0,9892.0,5809.0,869.0,31,14,0,0,0,0,0,0,3119.62686541714,0,2025
2025-07-14 19:00:00,12326,3,0,19,0,10209.0,5970.0,505.0,31,14,0,0,0,0,0,0,3120.642233347769,0,2025
2025-07-14 20:00:00,10694,3,0,20,0,8799.0,6700.0,640.0,31,14,0,0,0,0,0,0,3121.912768809442,0,2025
2025-07-14 21:00:00,9322,3,0,21,0,7720.0,6993.0,1163.0,31,14,0,0,0,0,0,0,3122.508266934244,0,2025
2025-07-14 22:00:00,6483,3,0,22,0,6967.0,7333.0,2576.0,31,14,0,0,0,0,0,0,3122.678267467462,0,2025
2025-07-14 23:00:00,3689,3,0,23,0,4710.0,7513.0,4330.0,31,14,0,0,0,0,0,0,3122.378484639404,0,2025
2025-07-15 00:00:00,1973,3,0,0,0,3089.0,8773.0,6104.0,31,15,0,0,0,0,1,0,3122.1553769321986,0,2025
2025-07-15 01:00:00,1345,3,0,1,0,1735.0,9892.0,6106.0,31,15,0,0,0,0,1,0,3122.244063243192,0,2025
2025-07-15 02:00:00,782,3,0,2,0,1298.0,10209.0,5542.0,31,15,0,0,0,0,1,0,3122.4969009767538,0,2025
2025-07-15 03:00:00,463,3,0,3,0,765.0,8799.0,5499.0,31,15,0,0,0,0,1,0,3122.919559131876,0,2025
2025-07-15 04:00:00,410,3,0,4,0,368.0,7720.0,6109.0,31,15,0,0,0,0,1,0,3123.4476490805496,0,2025
2025-07-15 05:00:00,989,3,0,5,0,283.0,6967.0,6386.0,31,15,0,0,0,0,1,0,3123.993329305965,0,2025
2025-07-15 06:00:00,2477,3,0,6,0,685.0,4710.0,6591.0,31,15,0,0,0,0,1,0,3124.3492024994466,0,2025
2025-07-15 07:00:00,4660,3,0,7,0,1780.0,3089.0,6814.0,31,15,0,0,0,0,1,0,3124.323825574584,0,2025
2025-07-15 08:00:00,6191,3,0,8,0,3723.0,1735.0,7953.0,31,15,0,0,0,0,1,0,3124.01345371102,0,2025
2025-07-15 09:00:00,6422,3,0,9,0,4889.0,1298.0,10004.0,31,15,0,0,0,0,1,0,3123.6975203830552,0,2025
2025-07-15 10:00:00,6124,3,0,10,0,5767.0,765.0,11755.0,31,15,0,0,0,0,1,0,3123.394720012776,0,2025
2025-07-15 11:00:00,6154,3,0,11,0,6332.0,368.0,12326.0,31,15,0,0,0,0,1,0,3123.075875012405,0,2025
2025-07-15 12:00:00,6795,3,0,12,0,6591.0,283.0,10694.0,31,15,0,0,0,0,1,0,3122.7584765356414,0,2025
2025-07-15 13:00:00,6886,3,0,13,0,7293.0,685.0,9322.0,31,15,0,0,0,0,1,0,3122.484667534032,0,2025
2025-07-15 14:00:00,7601,3,0,14,0,7385.0,1780.0,6483.0,31,15,0,0,0,0,1,0,3122.219370614355,0,2025
2025-07-15 15:00:00,7639,3,0,15,0,8476.0,3723.0,3689.0,31,15,0,0,0,0,1,0,3122.0401193456155,0,2025
2025-07-15 16:00:00,8252,3,0,16,0,8464.0,4889.0,1973.0,31,15,0,0,0,0,1,0,3121.866412579351,0,2025
2025-07-15 17:00:00,9718,3,0,17,0,9146.0,5767.0,1345.0,31,15,0,0,0,0,1,0,3121.7957047258496,0,2025
2025-07-15 18:00:00,9897,3,0,18,0,9956.0,6332.0,782.0,31,15,0,0,0,0,1,0,3122.075024446952,0,2025
2025-07-15 19:00:00,8040,3,0,19,0,10170.0,6591.0,463.0,31,15,0,0,0,0,1,0,3122.40669675021,0,2025
2025-07-15 20:00:00,8023,3,0,20,0,8623.0,7293.0,410.0,31,15,0,0,0,0,1,0,3122.29701824194,0,2025
2025-07-15 21:00:00,9344,3,0,21,0,8342.0,7385.0,989.0,31,15,0,0,0,0,1,0,3122.184338045959,0,2025
2025-07-15 22:00:00,7872,3,0,22,0,8788.0,8476.0,2477.0,31,15,0,0,0,0,1,0,3122.359396820224,0,2025
2025-07-15 23:00:00,5387,3,0,23,0,6860.0,8464.0,4660.0,31,15,0,0,0,0,1,0,3122.221206293209,0,2025
2025-07-16 00:00:00,2970,3,0,0,0,4511.0,9146.0,6191.0,31,16,0,0,0,0,2,0,3121.8895867569813,0,2025
2025-07-16 01:00:00,1216,3,0,1,0,2527.0,9956.0,6422.0,31,16,0,0,0,0,2,0,3121.773325460449,0,2025
2025-07-16 02:00:00,725,3,0,2,0,1048.0,10170.0,6124.0,31,16,0,0,0,0,2,0,3122.0621039618286,0,2025
2025-07-16 03:00:00,507,3,0,3,0,598.0,8623.0,6154.0,31,16,0,0,0,0,2,0,3122.5012909879338,0,2025
2025-07-16 04:00:00,578,3,0,4,0,413.0,8342.0,6795.0,31,16,0,0,0,0,2,0,3123.0120810019616,0,2025
2025-07-16 05:00:00,1075,3,0,5,0,354.0,8788.0,6886.0,31,16,0,0,0,0,2,0,3123.4983645060647,0,2025
2025-07-16 06:00:00,2456,3,0,6,0,769.0,6860.0,7601.0,31,16,0,0,0,0,2,0,3123.8267646036734,0,2025
2025-07-16 07:00:00,4749,3,0,7,0,1795.0,4511.0,7639.0,31,16,0,0,0,0,2,0,3123.8060567865205,0,2025
2025-07-16 08:00:00,6676,3,0,8,0,3777.0,2527.0,8252.0,31,16,0,0,0,0,2,0,3123.4926687246625,0,2025
2025-07-16 09:00:00,6859,3,0,9,0,5117.0,1048.0,9718.0,31,16,0,0,0,0,2,0,3123.209779925613,0,2025
2025-07-16 10:00:00,6580,3,0,10,0,5968.0,598.0,9897.0,31,16,0,0,0,0,2,0,3122.9429633981285,0,2025
2025-07-16 11:00:00,6893,3,0,11,0,6818.0,413.0,8040.0,31,16,0,0,0,0,2,0,3122.6527370312983,0,2025
2025-07-16 12:00:00,7449,3,0,12,0,7244.0,354.0,8023.0,31,16,0,0,0,0,2,0,3122.3892760414287,0,2025
2025-07-16 13:00:00,7511,3,0,13,0,8265.0,769.0,9344.0,31,16,0,0,0,0,2,0,3122.189666600928,0,2025
2025-07-16 14:00:00,8052,3,0,14,0,8054.0,1795.0,7872.0,31,16,0,0,0,0,2,0,3121.9984844402065,0,2025
2025-07-16 15:00:00,8110,3,0,15,0,8767.0,3777.0,5387.0,31,16,0,0,0,0,2,0,3121.89175010314,0,2025
2025-07-16 16:00:00,8678,3,0,16,0,8782.0,5117.0,2970.0,31,16,0,0,0,0,2,0,3121.7951898882425,0,2025
2025-07-16 17:00:00,10136,3,0,17,0,9262.0,5968.0,1216.0,31,16,0,0,0,0,2,0,3121.8107488457945,0,2025
2025-07-16 18:00:00,10342,3,0,18,0,9980.0,6818.0,725.0,31,16,0,0,0,0,2,0,3122.214143875648,0,2025
2025-07-16 19:00:00,9075,3,0,19,0,10289.0,7244.0,507.0,31,16,0,0,0,0,2,0,3122.683408800716,0,2025
2025-07-16 20:00:00,8884,3,0,20,0,9252.0,8265.0,578.0,31,16,0,0,0,0,2,0,3122.789428872606,0,2025
2025-07-16 21:00:00,9817,3,0,21,0,8811.0,8054.0,1075.0,31,16,0,0,0,0,2,0,3122.8500042754176,0,2025
2025-07-16 22:00:00,9007,3,0,22,0,8992.0,8767.0,2456.0,31,16,0,0,0,0,2,0,3123.1545857642577,0,2025
2025-07-16 23:00:00,5980,3,0,23,0,8054.0,8782.0,4749.0,31,16,0,0,0,0,2,0,3123.243477741791,0,2025
2025-07-17 00:00:00,3325,3,0,0,0,4987.0,9262.0,6676.0,31,17,0,0,0,0,3,0,3122.9212586226654,0,2025
2025-07-17 01:00:00,1856,3,0,1,0,2745.0,9980.0,6859.0,31,17,0,0,0,0,3,0,3122.749571418574,0,2025
2025-07-17 02:00:00,1043,3,0,2,0,1544.0,10289.0,6580.0,31,17,0,0,0,0,3,0,3122.8661260456847,0,2025
2025-07-17 03:00:00,632,3,0,3,0,890.0,9252.0,6893.0,31,17,0,0,0,0,3,0,3123.2046517810672,0,2025
2025-07-17 04:00:00,615,3,0,4,0,508.0,8811.0,7449.0,31,17,0,0,0,0,3,0,3123.672000999304,0,2025
2025-07-17 05:00:00,1117,3,0,5,0,391.0,8992.0,7511.0,31,17,0,0,0,0,3,0,3124.144336410925,0,2025
2025-07-17 06:00:00,2604,3,0,6,0,793.0,8054.0,8052.0,31,17,0,0,0,0,3,0,3124.459301682739,0,2025
2025-07-17 07:00:00,4679,3,0,7,0,1877.0,4987.0,8110.0,31,17,0,0,0,0,3,0,3124.409635278952,0,2025
2025-07-17 08:00:00,6709,3,0,8,0,3687.0,2745.0,8678.0,31,17,0,0,0,0,3,0,3124.101560173841,0,2025
2025-07-17 09:00:00,6477,3,0,9,0,5261.0,1544.0,10136.0,31,17,0,0,0,0,3,0,3123.8224827304607,0,2025
2025-07-17 10:00:00,6352,3,0,10,0,5719.0,890.0,10342.0,31,17,0,0,0,0,3,0,3123.526084468837,0,2025
2025-07-17 11:00:00,6674,3,0,11,0,6542.0,508.0,9075.0,31,17,0,0,0,0,3,0,3123.2219086127693,0,2025
2025-07-17 12:00:00,7012,3,0,12,0,6979.0,391.0,8884.0,31,17,0,0,0,0,3,0,3122.9402058151354,0,2025
2025-07-17 13:00:00,7462,3,0,13,0,7379.0,793.0,9817.0,31,17,0,0,0,0,3,0,3122.689599019587,0,2025
2025-07-17 14:00:00,8101,3,0,14,0,8010.0,1877.0,9007.0,31,17,0,0,0,0,3,0,3122.4923055638847,0,2025
2025-07-17 15:00:00,8505,3,0,15,0,8848.0,3687.0,5980.0,31,17,0,0,0,0,3,0,3122.394121176118,0,2025
2025-07-17 16:00:00,8724,3,0,16,0,8967.0,5261.0,3325.0,31,17,0,0,0,0,3,0,3122.3727243061844,0,2025
2025-07-17 17:00:00,10271,3,0,17,0,9316.0,5719.0,1856.0,31,17,0,0,0,0,3,0,3122.39744932051,0,2025
2025-07-17 18:00:00,10960,3,0,18,0,9904.0,6542.0,1043.0,31,17,0,0,0,0,3,0,3122.8406755577657,0,2025
2025-07-17 19:00:00,9456,3,0,19,0,10285.0,6979.0,632.0,31,17,0,0,0,0,3,0,3123.521610598555,0,2025
2025-07-17 20:00:00,8983,3,0,20,0,9429.0,7379.0,615.0,31,17,0,0,0,0,3,0,3123.7231816512926,0,2025
2025-07-17 21:00:00,9652,3,0,21,0,8803.0,8010.0,1117.0,31,17,0,0,0,0,3,0,3123.8055151125664,0,2025
2025-07-17 22:00:00,9468,3,0,22,0,8890.0,8848.0,2604.0,31,17,0,0,0,0,3,0,3124.060174845829,0,2025
2025-07-17 23:00:00,7171,3,0,23,0,7864.0,8967.0,4679.0,31,17,0,0,0,0,3,0,3124.264026736371,0,2025
2025-07-18 00:00:00,4562,3,0,0,0,5802.0,9316.0,6709.0,31,18,0,0,0,0,4,0,3124.030129544936,0,2025
2025-07-18 01:00:00,2539,3,0,1,0,3834.0,9904.0,6477.0,31,18,0,0,0,0,4,0,3123.7305697054035,0,2025
2025-07-18 02:00:00,1520,3,0,2,0,2311.0,10285.0,6352.0,31,18,0,0,0,0,4,0,3123.6956481546126,0,2025
2025-07-18 03:00:00,994,3,0,3,0,1255.0,9429.0,6674.0,31,18,0,0,0,0,4,0,3123.8981401604783,0,2025
2025-07-18 04:00:00,881,3,0,4,0,745.0,8803.0,7012.0,31,18,0,0,0,0,4,0,3124.250194024148,0,2025
2025-07-18 05:00:00,1271,3,0,5,0,498.0,8890.0,7462.0,31,18,0,0,0,0,4,0,3124.636383899177,0,2025
2025-07-18 06:00:00,2278,3,0,6,0,795.0,7864.0,8101.0,31,18,0,0,0,0,4,0,3124.90631055769,0,2025
2025-07-18 07:00:00,3683,3,0,7,0,1537.0,5802.0,8505.0,31,18,0,0,0,0,4,0,3124.924396112893,0,2025
2025-07-18 08:00:00,4707,3,0,8,0,2748.0,3834.0,8724.0,31,18,0,0,0,0,4,0,3124.705522552857,0,2025
2025-07-18 09:00:00,5135,3,0,9,0,3974.0,2311.0,10271.0,31,18,0,0,0,0,4,0,3124.397734691216,0,2025
2025-07-18 10:00:00,5177,3,0,10,0,4939.0,1255.0,10960.0,31,18,0,0,0,0,4,0,3124.07375588822,0,2025
2025-07-18 11:00:00,5573,3,0,11,0,5360.0,745.0,9456.0,31,18,0,0,0,0,4,0,3123.74894387488,0,2025
2025-07-18 12:00:00,6156,3,0,12,0,5951.0,498.0,8983.0,31,18,0,0,0,0,4,0,3123.421258208168,0,2025
2025-07-18 13:00:00,6596,3,0,13,0,6402.0,795.0,9652.0,31,18,0,0,0,0,4,0,3123.1084722727187,0,2025
2025-07-18 14:00:00,7209,3,0,14,0,6853.0,1537.0,9468.0,31,18,0,0,0,0,4,0,3122.822063454744,0,2025
2025-07-18 15:00:00,7486,3,0,15,0,7651.0,2748.0,7171.0,31,18,0,0,0,0,4,0,3122.594016610313,0,2025
2025-07-18 16:00:00,7612,3,0,16,0,7839.0,3974.0,4562.0,31,18,0,0,0,0,4,0,3122.4006138332416,0,2025
2025-07-18 17:00:00,8491,3,0,17,0,8010.0,4939.0,2539.0,31,18,0,0,0,0,4,0,3122.224664804257,0,2025
2025-07-18 18:00:00,8933,3,0,18,0,8786.0,5360.0,1520.0,31,18,0,0,0,0,4,0,3122.199997523806,0,2025
2025-07-18 19:00:00,7968,3,0,19,0,8903.0,5951.0,994.0,31,18,0,0,0,0,4,0,3122.2708459144183,0,2025
2025-07-18 20:00:00,6574,3,0,20,0,7985.0,6402.0,881.0,31,18,0,0,0,0,4,0,3122.1497348514595,0,2025
2025-07-18 21:00:00,6706,3,0,21,0,7049.0,6853.0,1271.0,31,18,0,0,0,0,4,0,3121.8619956085367,0,2025
2025-07-18 22:00:00,8155,3,0,22,0,7247.0,7651.0,2278.0,31,18,0,0,0,0,4,0,3121.5845157575086,0,2025
2025-07-18 23:00:00,8203,3,0,23,0,8461.0,7839.0,3683.0,31,18,0,0,0,0,4,0,3121.495684356922,0,2025
2025-07-19 00:00:00,7537,3,0,0,0,7105.0,8010.0,4707.0,31,19,0,0,0,0,5,0,3121.415441700234,0,2025
2025-07-19 01:00:00,6094,3,0,1,0,6447.0,8786.0,5135.0,31,19,0,0,0,0,5,0,3121.228904070861,0,2025
2025-07-19 02:00:00,4530,3,0,2,0,5021.0,8903.0,5177.0,31,19,0,0,0,0,5,0,3120.914332776163,0,2025
2025-07-19 03:00:00,3143,3,0,3,0,3522.0,7985.0,5573.0,31,19,0,0,0,0,5,0,3120.6187789237483,0,2025
2025-07-19 04:00:00,1967,3,0,4,0,2169.0,7049.0,6156.0,31,19,0,0,0,0,5,0,3120.477275103913,0,2025
2025-07-19 05:00:00,1212,3,0,5,0,1143.0,7247.0,6596.0,31,19,0,0,0,0,5,0,3120.567239160981,0,2025
2025-07-19 06:00:00,1395,3,0,6,0,697.0,8461.0,7209.0,31,19,0,0,0,0,5,0,3120.8543718693963,0,2025
2025-07-19 07:00:00,1781,3,0,7,0,899.0,7105.0,7486.0,31,19,0,0,0,0,5,0,3121.0897796890345,0,2025
2025-07-19 08:00:00,2526,3,0,8,0,1414.0,6447.0,7612.0,31,19,0,0,0,0,5,0,3121.2239883393213,0,2025
2025-07-19 09:00:00,3873,3,0,9,0,2147.0,5021.0,8491.0,31,19,0,0,0,0,5,0,3121.1915879141206,0,2025
2025-07-19 10:00:00,4945,3,0,10,0,3463.0,3522.0,8933.0,31,19,0,0,0,0,5,0,3120.952721748009,0,2025
2025-07-19 11:00:00,6136,3,0,11,0,4847.0,2169.0,7968.0,31,19,0,0,0,0,5,0,3120.6365058946058,0,2025
2025-07-19 12:00:00,6785,3,0,12,0,6071.0,1143.0,6574.0,31,19,0,0,0,0,5,0,3120.3246184055147,0,2025
2025-07-19 13:00:00,6925,3,0,13,0,6709.0,697.0,6706.0,31,19,0,0,0,0,5,0,3120.0550845869525,0,2025
2025-07-19 14:00:00,7159,3,0,14,0,7121.0,899.0,8155.0,31,19,0,0,0,0,5,0,3119.7984249257142,0,2025
2025-07-19 15:00:00,7145,3,0,15,0,7577.0,1414.0,8203.0,31,19,0,0,0,0,5,0,3119.5661510265763,0,2025
2025-07-19 16:00:00,7614,3,0,16,0,7586.0,2147.0,7537.0,31,19,0,0,0,0,5,0,3119.3323597774856,0,2025
2025-07-19 17:00:00,8562,3,0,17,0,8319.0,3463.0,6094.0,31,19,0,0,0,0,5,0,3119.1579236816456,0,2025
2025-07-19 18:00:00,8395,3,0,18,0,8750.0,4847.0,4530.0,31,19,0,0,0,0,5,0,3119.148246885484,0,2025
2025-07-19 19:00:00,8431,3,0,19,0,8418.0,6071.0,3143.0,31,19,0,0,0,0,5,0,3119.105071819543,0,2025
2025-07-19 20:00:00,6987,3,0,20,0,8556.0,6709.0,1967.0,31,19,0,0,0,0,5,0,3119.068829736677,0,2025
2025-07-19 21:00:00,7008,3,0,21,0,7143.0,7121.0,1212.0,31,19,0,0,0,0,5,0,3118.818423602886,0,2025
2025-07-19 22:00:00,8285,3,0,22,0,7223.0,7577.0,1395.0,31,19,0,0,0,0,5,0,3118.570184342246,0,2025
2025-07-19 23:00:00,8491,3,0,23,0,7921.0,7586.0,1781.0,31,19,0,0,0,0,5,0,3118.5058643912157,0,2025
2025-07-20 00:00:00,8075,3,0,0,0,6907.0,8319.0,2526.0,31,20,0,0,0,0,6,0,3118.4813120148688,0,2025
2025-07-20 01:00:00,6803,3,0,1,0,6396.0,8750.0,3873.0,31,20,0,0,0,0,6,0,3118.379119936727,0,2025
2025-07-20 02:00:00,4983,3,0,2,0,5573.0,8418.0,4945.0,31,20,0,0,0,0,6,0,3118.111603461436,0,2025
2025-07-20 03:00:00,3420,3,0,3,0,4063.0,8556.0,6136.0,31,20,0,0,0,0,6,0,3117.7956289825124,0,2025
2025-07-20 04:00:00,2232,3,0,4,0,2611.0,7143.0,6785.0,31,20,0,0,0,0,6,0,3117.6146021067134,0,2025
2025-07-20 05:00:00,1260,3,0,5,0,1436.0,7223.0,6925.0,31,20,0,0,0,0,6,0,3117.6451093300966,0,2025
2025-07-20 06:00:00,1449,3,0,6,0,713.0,7921.0,7159.0,31,20,0,0,0,0,6,0,3117.9184888058508,0,2025
2025-07-20 07:00:00,1783,3,0,7,0,909.0,6907.0,7145.0,31,20,0,0,0,0,6,0,3118.139315533303,0,2025
2025-07-20 08:00:00,2311,3,0,8,0,1407.0,6396.0,7614.0,31,20,0,0,0,0,6,0,3118.273487681589,0,2025
2025-07-20 09:00:00,3568,3,0,9,0,2056.0,5573.0,8562.0,31,20,0,0,0,0,6,0,3118.2861810472773,0,2025
2025-07-20 10:00:00,4631,3,0,10,0,3357.0,4063.0,8395.0,31,20,0,0,0,0,6,0,3118.085027141504,0,2025
2025-07-20 11:00:00,5565,3,0,11,0,4544.0,2611.0,8431.0,31,20,0,0,0,0,6,0,3117.785423760614,0,2025
2025-07-20 12:00:00,6890,3,0,12,0,5518.0,1436.0,6987.0,31,20,0,0,0,0,6,0,3117.4615736529267,0,2025
2025-07-20 13:00:00,7308,3,0,13,0,6347.0,713.0,7008.0,31,20,0,0,0,0,6,0,3117.2030612718795,0,2025
2025-07-20 14:00:00,7545,3,0,14,0,7036.0,909.0,8285.0,31,20,0,0,0,0,6,0,3116.989454617457,0,2025
2025-07-20 15:00:00,7405,3,0,15,0,7327.0,1407.0,8491.0,31,20,0,0,0,0,6,0,3116.806466000144,0,2025
2025-07-20 16:00:00,7275,3,0,16,0,7726.0,2056.0,8075.0,31,20,0,0,0,0,6,0,3116.604968666068,0,2025
2025-07-20 17:00:00,7415,3,0,17,0,7675.0,3357.0,6803.0,31,20,0,0,0,0,6,0,3116.3874731684677,0,2025
2025-07-20 18:00:00,7082,3,0,18,0,7720.0,4544.0,4983.0,31,20,0,0,0,0,6,0,3116.187299825328,0,2025
2025-07-20 19:00:00,6251,3,0,19,0,6970.0,5518.0,3420.0,31,20,0,0,0,0,6,0,3115.9481721917823,0,2025
2025-07-20 20:00:00,5575,3,0,20,0,6473.0,6347.0,2232.0,31,20,0,0,0,0,6,0,3115.6440671081937,0,2025
2025-07-20 21:00:00,5830,3,0,21,0,5830.0,7036.0,1260.0,31,20,0,0,0,0,6,0,3115.321082442746,0,2025
2025-07-20 22:00:00,5185,3,0,22,0,5621.0,7327.0,1449.0,31,20,0,0,0,0,6,0,3115.001778714404,0,2025
2025-07-20 23:00:00,4104,3,0,23,0,4388.0,7726.0,1783.0,31,20,0,0,0,0,6,0,3114.681893166636,0,2025
2025-07-21 00:00:00,2764,3,0,0,0,3566.0,7675.0,2311.0,31,21,0,0,0,0,0,0,3114.423056981824,0,2025
2025-07-21 01:00:00,1092,3,0,1,0,2364.0,7720.0,3568.0,31,21,0,0,0,0,0,0,3114.347745129961,0,2025
2025-07-21 02:00:00,590,3,0,2,0,814.0,6970.0,4631.0,31,21,0,0,0,0,0,0,3114.6686835403693,0,2025
2025-07-21 03:00:00,470,3,0,3,0,371.0,6473.0,5565.0,31,21,0,0,0,0,0,0,3115.1443934311715,0,2025
2025-07-21 04:00:00,641,3,0,4,0,284.0,5830.0,6890.0,31,21,0,0,0,0,0,0,3115.6590620350403,0,2025
2025-07-21 05:00:00,1182,3,0,5,0,351.0,5621.0,7308.0,31,21,0,0,0,0,0,0,3116.117036703113,0,2025
2025-07-21 06:00:00,2421,3,0,6,0,738.0,4388.0,7545.0,31,21,0,0,0,0,0,0,3116.4099935921886,0,2025
2025-07-21 07:00:00,4055,3,0,7,0,1639.0,3566.0,7405.0,31,21,0,0,0,0,0,0,3116.3993497009446,0,2025
2025-07-21 08:00:00,5748,3,0,8,0,3148.0,2364.0,7275.0,31,21,0,0,0,0,0,0,3116.1447201462847,0,2025
2025-07-21 09:00:00,5690,3,0,9,0,4513.0,814.0,7415.0,31,21,0,0,0,0,0,0,3115.824552119539,0,2025
2025-07-21 10:00:00,5321,3,0,10,0,5308.0,371.0,7082.0,31,21,0,0,0,0,0,0,3115.5035816174145,0,2025
2025-07-21 11:00:00,5355,3,0,11,0,5623.0,284.0,6251.0,31,21,0,0,0,0,0,0,3115.1822093449514,0,2025
2025-07-21 12:00:00,6002,3,0,12,0,5803.0,351.0,5575.0,31,21,0,0,0,0,0,0,3114.860604664029,0,2025
2025-07-21 13:00:00,6209,3,0,13,0,6523.0,738.0,5830.0,31,21,0,0,0,0,0,0,3114.547410186261,0,2025
2025-07-21 14:00:00,6689,3,0,14,0,6888.0,1639.0,5185.0,31,21,0,0,0,0,0,0,3114.242833708073,0,2025
2025-07-21 15:00:00,6886,3,0,15,0,7539.0,3148.0,4104.0,31,21,0,0,0,0,0,0,3113.969046200002,0,2025
2025-07-21 16:00:00,6971,3,0,16,0,7678.0,4513.0,2764.0,31,21,0,0,0,0,0,0,3113.7123477684345,0,2025
2025-07-21 17:00:00,8117,3,0,17,0,7838.0,5308.0,1092.0,31,21,0,0,0,0,0,0,3113.46384356105,0,2025
2025-07-21 18:00:00,7586,3,0,18,0,8446.0,5623.0,590.0,31,21,0,0,0,0,0,0,3113.371838334053,0,2025
2025-07-21 19:00:00,6418,3,0,19,0,8090.0,5803.0,470.0,31,21,0,0,0,0,0,0,3113.196487260674,0,2025
2025-07-21 20:00:00,6104,3,0,20,0,7027.0,6523.0,641.0,31,21,0,0,0,0,0,0,3112.9037953383504,0,2025
2025-07-21 21:00:00,6201,3,0,21,0,6439.0,6888.0,1182.0,31,21,0,0,0,0,0,0,3112.595074510348,0,2025
2025-07-21 22:00:00,5420,3,0,22,0,6162.0,7539.0,2421.0,31,21,0,0,0,0,0,0,3112.2907229335437,0,2025
2025-07-21 23:00:00,3385,3,0,23,0,4892.0,7678.0,4055.0,31,21,0,0,0,0,0,0,3111.969738007531,0,2025
2025-07-22 00:00:00,2001,3,0,0,0,2969.0,7838.0,5748.0,31,22,0,0,0,0,1,0,3111.79521826249,0,2025
2025-07-22 01:00:00,889,3,0,1,0,1674.0,8446.0,5690.0,31,22,0,0,0,0,1,0,3111.876983206,0,2025
2025-07-22 02:00:00,435,3,0,2,0,695.0,8090.0,5321.0,31,22,0,0,0,0,1,0,3112.256286202578,0,2025
2025-07-22 03:00:00,342,3,0,3,0,266.0,7027.0,5355.0,31,22,0,0,0,0,1,0,3112.7801225906514,0,2025
2025-07-22 04:00:00,441,3,0,4,0,226.0,6439.0,6002.0,31,22,0,0,0,0,1,0,3113.334680041284,0,2025
2025-07-22 05:00:00,982,3,0,5,0,293.0,6162.0,6209.0,31,22,0,0,0,0,1,0,3113.855191825304,0,2025
2025-07-22 06:00:00,2265,3,0,6,0,760.0,4892.0,6689.0,31,22,0,0,0,0,1,0,3114.204318495289,0,2025
2025-07-22 07:00:00,4328,3,0,7,0,1707.0,2969.0,6886.0,31,22,0,0,0,0,1,0,3114.2256377673725,0,2025
2025-07-22 08:00:00,6011,3,0,8,0,3500.0,1674.0,6971.0,31,22,0,0,0,0,1,0,3113.9488326395526,0,2025
2025-07-22 09:00:00,5867,3,0,9,0,4814.0,695.0,8117.0,31,22,0,0,0,0,1,0,3113.637493462431,0,2025
2025-07-22 10:00:00,5670,3,0,10,0,5294.0,266.0,7586.0,31,22,0,0,0,0,1,0,3113.3218827965497,0,2025
2025-07-22 11:00:00,5804,3,0,11,0,5728.0,226.0,6418.0,31,22,0,0,0,0,1,0,3113.0026190611584,0,2025
2025-07-22 12:00:00,6394,3,0,12,0,6196.0,293.0,6104.0,31,22,0,0,0,0,1,0,3112.6857239667347,0,2025
2025-07-22 13:00:00,6478,3,0,13,0,6776.0,760.0,6201.0,31,22,0,0,0,0,1,0,3112.393035661439,0,2025
2025-07-22 14:00:00,6978,3,0,14,0,7078.0,1707.0,5420.0,31,22,0,0,0,0,1,0,3112.105730962229,0,2025
2025-07-22 15:00:00,7100,3,0,15,0,7696.0,3500.0,3385.0,31,22,0,0,0,0,1,0,3111.8597014110983,0,2025
2025-07-22 16:00:00,7164,3,0,16,0,8098.0,4814.0,2001.0,31,22,0,0,0,0,1,0,3111.626278308625,0,2025
2025-07-22 17:00:00,8330,3,0,17,0,7874.0,5294.0,889.0,31,22,0,0,0,0,1,0,3111.399875337484,0,2025
2025-07-22 18:00:00,9005,3,0,18,0,8664.0,5728.0,435.0,31,22,0,0,0,0,1,0,3111.3479455217216,0,2025
2025-07-22 19:00:00,7424,3,0,19,0,9339.0,6196.0,342.0,31,22,0,0,0,0,1,0,3111.437887916694,0,2025
2025-07-22 20:00:00,7246,3,0,20,0,7931.0,6776.0,441.0,31,22,0,0,0,0,1,0,3111.242547505153,0,2025
2025-07-22 21:00:00,8807,3,0,21,0,7635.0,7078.0,982.0,31,22,0,0,0,0,1,0,3111.0254709938463,0,2025
2025-07-22 22:00:00,8122,3,0,22,0,8388.0,7696.0,2265.0,31,22,0,0,0,0,1,0,3111.070371029692,0,2025
2025-07-22 23:00:00,5003,3,0,23,0,6958.0,8098.0,4328.0,31,22,0,0,0,0,1,0,3110.980415136701,0,2025
2025-07-23 00:00:00,2502,3,0,0,0,3715.0,7874.0,6011.0,31,23,0,0,0,0,2,0,3110.6687400895185,0,2025
2025-07-23 01:00:00,1217,3,0,1,0,2022.0,8664.0,5867.0,31,23,0,0,0,0,2,0,3110.64307648117,0,2025
2025-07-23 02:00:00,657,3,0,2,0,972.0,9339.0,5670.0,31,23,0,0,0,0,2,0,3110.924546349712,0,2025
2025-07-23 03:00:00,407,3,0,3,0,485.0,7931.0,5804.0,31,23,0,0,0,0,2,0,3111.3735024622747,0,2025
2025-07-23 04:00:00,466,3,0,4,0,277.0,7635.0,6394.0,31,23,0,0,0,0,2,0,3111.903465642572,0,2025
2025-07-23 05:00:00,925,3,0,5,0,302.0,8388.0,6478.0,31,23,0,0,0,0,2,0,3112.413162768466,0,2025
2025-07-23 06:00:00,2398,3,0,6,0,642.0,6958.0,6978.0,31,23,0,0,0,0,2,0,3112.7775774100105,0,2025
2025-07-23 07:00:00,4334,3,0,7,0,1816.0,3715.0,7100.0,31,23,0,0,0,0,2,0,3112.771202905337,0,2025
2025-07-23 08:00:00,6131,3,0,8,0,3445.0,2022.0,7164.0,31,23,0,0,0,0,2,0,3112.495362970864,0,2025
2025-07-23 09:00:00,6180,3,0,9,0,4763.0,972.0,8330.0,31,23,0,0,0,0,2,0,3112.190436841401,0,2025
2025-07-23 10:00:00,5851,3,0,10,0,5429.0,485.0,9005.0,31,23,0,0,0,0,2,0,3111.8877816494955,0,2025
2025-07-23 11:00:00,6165,3,0,11,0,6020.0,277.0,7424.0,31,23,0,0,0,0,2,0,3111.5736027653525,0,2025
2025-07-23 12:00:00,6495,3,0,12,0,6730.0,302.0,7246.0,31,23,0,0,0,0,2,0,3111.270443524421,0,2025
2025-07-23 13:00:00,6835,3,0,13,0,7126.0,642.0,8807.0,31,23,0,0,0,0,2,0,3110.9858415424364,0,2025
2025-07-23 14:00:00,7002,3,0,14,0,7532.0,1816.0,8122.0,31,23,0,0,0,0,2,0,3110.7278318050403,0,2025
2025-07-23 15:00:00,7075,3,0,15,0,7545.0,3445.0,5003.0,31,23,0,0,0,0,2,0,3110.4856856967504,0,2025
2025-07-23 16:00:00,7549,3,0,16,0,7932.0,4763.0,2502.0,31,23,0,0,0,0,2,0,3110.25107087418,0,2025
2025-07-23 17:00:00,8744,3,0,17,0,8355.0,5429.0,1217.0,31,23,0,0,0,0,2,0,3110.07359234004,0,2025
2025-07-23 18:00:00,9409,3,0,18,0,9124.0,6020.0,657.0,31,23,0,0,0,0,2,0,3110.1055660520046,0,2025
2025-07-23 19:00:00,8320,3,0,19,0,9442.0,6730.0,407.0,31,23,0,0,0,0,2,0,3110.2945317730414,0,2025
2025-07-23 20:00:00,8214,3,0,20,0,8745.0,7126.0,466.0,31,23,0,0,0,0,2,0,3110.241151068785,0,2025
2025-07-23 21:00:00,9187,3,0,21,0,8374.0,7532.0,925.0,31,23,0,0,0,0,2,0,3110.168291955624,0,2025
2025-07-23 22:00:00,8454,3,0,22,0,8482.0,7545.0,2398.0,31,23,0,0,0,0,2,0,3110.30099492607,0,2025
2025-07-23 23:00:00,5889,3,0,23,0,7458.0,7932.0,4334.0,31,23,0,0,0,0,2,0,3110.2728400563237,0,2025
2025-07-24 00:00:00,3321,3,0,0,0,5146.0,8355.0,6131.0,31,24,0,0,0,0,3,0,3109.9604848686,0,2025
2025-07-24 01:00:00,1667,3,0,1,0,2854.0,9124.0,6180.0,31,24,0,0,0,0,3,0,3109.796632729898,0,2025
2025-07-24 02:00:00,910,3,0,2,0,1352.0,9442.0,5851.0,31,24,0,0,0,0,3,0,3109.957524692018,0,2025
2025-07-24 03:00:00,601,3,0,3,0,706.0,8745.0,6165.0,31,24,0,0,0,0,3,0,3110.3265796778846,0,2025
2025-07-24 04:00:00,604,3,0,4,0,405.0,8374.0,6495.0,31,24,0,0,0,0,3,0,3110.7909946518994,0,2025
2025-07-24 05:00:00,1095,3,0,5,0,370.0,8482.0,6835.0,31,24,0,0,0,0,3,0,3111.2538718778187,0,2025
2025-07-24 06:00:00,2400,3,0,6,0,730.0,7458.0,7002.0,31,24,0,0,0,0,3,0,3111.5670884937963,0,2025
2025-07-24 07:00:00,4211,3,0,7,0,1678.0,5146.0,7075.0,31,24,0,0,0,0,3,0,3111.560623776857,0,2025
2025-07-24 08:00:00,6062,3,0,8,0,3278.0,2854.0,7549.0,31,24,0,0,0,0,3,0,3111.2960179798165,0,2025
2025-07-24 09:00:00,6088,3,0,9,0,4776.0,1352.0,8744.0,31,24,0,0,0,0,3,0,3110.989913230821,0,2025
2025-07-24 10:00:00,5827,3,0,10,0,5532.0,706.0,9409.0,31,24,0,0,0,0,3,0,3110.6849136084297,0,2025
2025-07-24 11:00:00,6042,3,0,11,0,5977.0,405.0,8320.0,31,24,0,0,0,0,3,0,3110.371827415204,0,2025
2025-07-24 12:00:00,6824,3,0,12,0,6351.0,370.0,8214.0,31,24,0,0,0,0,3,0,3110.065245144253,0,2025
2025-07-24 13:00:00,6958,3,0,13,0,7320.0,730.0,9187.0,31,24,0,0,0,0,3,0,3109.807593028518,0,2025
2025-07-24 14:00:00,7484,3,0,14,0,7583.0,1678.0,8454.0,31,24,0,0,0,0,3,0,3109.5623855529875,0,2025
2025-07-24 15:00:00,7931,3,0,15,0,8119.0,3278.0,5889.0,31,24,0,0,0,0,3,0,3109.377196076958,0,2025
2025-07-24 16:00:00,7812,3,0,16,0,8631.0,4776.0,3321.0,31,24,0,0,0,0,3,0,3109.257196368322,0,2025
2025-07-24 17:00:00,8777,3,0,17,0,8417.0,5532.0,1667.0,31,24,0,0,0,0,3,0,3109.1185382487747,0,2025
2025-07-24 18:00:00,9061,3,0,18,0,8828.0,5977.0,910.0,31,24,0,0,0,0,3,0,3109.157533530446,0,2025
2025-07-24 19:00:00,8303,3,0,19,0,9072.0,6351.0,601.0,31,24,0,0,0,0,3,0,3109.2602378586894,0,2025
2025-07-24 20:00:00,8123,3,0,20,0,8611.0,7320.0,604.0,31,24,0,0,0,0,3,0,3109.2040833532333,0,2025
2025-07-24 21:00:00,9074,3,0,21,0,8364.0,7583.0,1095.0,31,24,0,0,0,0,3,0,3109.1157070530594,0,2025
2025-07-24 22:00:00,8763,3,0,22,0,9008.0,8119.0,2400.0,31,24,0,0,0,0,3,0,3109.220974992524,0,2025
2025-07-24 23:00:00,6626,3,0,23,0,7828.0,8631.0,4211.0,31,24,0,0,0,0,3,0,3109.2562037979765,0,2025
2025-07-25 00:00:00,4641,3,0,0,0,5585.0,8417.0,6062.0,31,25,0,0,0,0,4,0,3108.9826659931027,0,2025
2025-07-25 01:00:00,2641,3,0,1,0,3823.0,8828.0,6088.0,31,25,0,0,0,0,4,0,3108.690015322405,0,2025
2025-07-25 02:00:00,1560,3,0,2,0,2193.0,9072.0,5827.0,31,25,0,0,0,0,4,0,3108.6385546371234,0,2025
2025-07-25 03:00:00,1065,3,0,3,0,1249.0,8611.0,6042.0,31,25,0,0,0,0,4,0,3108.826062586743,0,2025
2025-07-25 04:00:00,936,3,0,4,0,721.0,8364.0,6824.0,31,25,0,0,0,0,4,0,3109.1481624181206,0,2025
2025-07-25 05:00:00,1262,3,0,5,0,533.0,9008.0,6958.0,31,25,0,0,0,0,4,0,3109.5075995028096,0,2025
2025-07-25 06:00:00,2205,3,0,6,0,727.0,7828.0,7484.0,31,25,0,0,0,0,4,0,3109.773295056352,0,2025
2025-07-25 07:00:00,3508,3,0,7,0,1524.0,5585.0,7931.0,31,25,0,0,0,0,4,0,3109.807964299803,0,2025
2025-07-25 08:00:00,5072,3,0,8,0,2726.0,3823.0,7812.0,31,25,0,0,0,0,4,0,3109.6193458442604,0,2025
2025-07-25 09:00:00,5152,3,0,9,0,4100.0,2193.0,8777.0,31,25,0,0,0,0,4,0,3109.309265434665,0,2025
2025-07-25 10:00:00,5473,3,0,10,0,4675.0,1249.0,9061.0,31,25,0,0,0,0,4,0,3108.997355462845,0,2025
2025-07-25 11:00:00,5856,3,0,11,0,5652.0,721.0,8303.0,31,25,0,0,0,0,4,0,3108.6820270406224,0,2025
2025-07-25 12:00:00,6885,3,0,12,0,6181.0,533.0,8123.0,31,25,0,0,0,0,4,0,3108.371398324873,0,2025
2025-07-25 13:00:00,7518,3,0,13,0,6872.0,727.0,9074.0,31,25,0,0,0,0,4,0,3108.120607274631,0,2025
2025-07-25 14:00:00,8372,3,0,14,0,7437.0,1524.0,8763.0,31,25,0,0,0,0,4,0,3107.940910541161,0,2025
2025-07-25 15:00:00,9936,3,0,15,0,8318.0,2726.0,6626.0,31,25,0,0,0,0,4,0,3107.898421623332,0,2025
2025-07-25 16:00:00,8762,3,0,16,0,9781.0,4100.0,4641.0,31,25,0,0,0,0,4,0,3108.2302310116647,0,2025
2025-07-25 17:00:00,8766,3,0,17,0,8013.0,4675.0,2641.0,31,25,0,0,0,0,4,0,3108.26581707271,0,2025
2025-07-25 18:00:00,8535,3,0,18,0,8262.0,5652.0,1560.0,31,25,0,0,0,0,4,0,3108.302101418756,0,2025
2025-07-25 19:00:00,7799,3,0,19,0,8225.0,6181.0,1065.0,31,25,0,0,0,0,4,0,3108.2905795987544,0,2025
2025-07-25 20:00:00,6770,3,0,20,0,8064.0,6872.0,936.0,31,25,0,0,0,0,4,0,3108.150354575039,0,2025
2025-07-25 21:00:00,7394,3,0,21,0,7121.0,7437.0,1262.0,31,25,0,0,0,0,4,0,3107.8895218631883,0,2025
2025-07-25 22:00:00,8142,3,0,22,0,7926.0,8318.0,2205.0,31,25,0,0,0,0,4,0,3107.6936308846707,0,2025
2025-07-25 23:00:00,8755,3,0,23,0,8175.0,9781.0,3508.0,31,25,0,0,0,0,4,0,3107.608904967007,0,2025
2025-07-26 00:00:00,7713,3,0,0,0,8084.0,8013.0,5072.0,31,26,0,0,0,0,5,0,3107.642314795104,0,2025
2025-07-26 01:00:00,6612,3,0,1,0,6834.0,8262.0,5152.0,31,26,0,0,0,0,5,0,3107.4892852184103,0,2025
2025-07-26 02:00:00,4668,3,0,2,0,5861.0,8225.0,5473.0,31,26,0,0,0,0,5,0,3107.216226608325,0,2025
2025-07-26 03:00:00,3213,3,0,3,0,3913.0,8064.0,5856.0,31,26,0,0,0,0,5,0,3106.92393982493,0,2025
2025-07-26 04:00:00,1864,3,0,4,0,2416.0,7121.0,6885.0,31,26,0,0,0,0,5,0,3106.778139752012,0,2025
2025-07-26 05:00:00,1004,3,0,5,0,1175.0,7926.0,7518.0,31,26,0,0,0,0,5,0,3106.8910008429857,0,2025
2025-07-26 06:00:00,1315,3,0,6,0,603.0,8175.0,8372.0,31,26,0,0,0,0,5,0,3107.2302149016327,0,2025
2025-07-26 07:00:00,1698,3,0,7,0,844.0,8084.0,9936.0,31,26,0,0,0,0,5,0,3107.4815521722926,0,2025
2025-07-26 08:00:00,2551,3,0,8,0,1319.0,6834.0,8762.0,31,26,0,0,0,0,5,0,3107.6335414295204,0,2025
2025-07-26 09:00:00,3802,3,0,9,0,2121.0,5861.0,8766.0,31,26,0,0,0,0,5,0,3107.59912530851,0,2025
2025-07-26 10:00:00,4822,3,0,10,0,3349.0,3913.0,8535.0,31,26,0,0,0,0,5,0,3107.377179384653,0,2025
2025-07-26 11:00:00,5808,3,0,11,0,4655.0,2416.0,7799.0,31,26,0,0,0,0,5,0,3107.077714139257,0,2025
2025-07-26 12:00:00,6760,3,0,12,0,5493.0,1175.0,6770.0,31,26,0,0,0,0,5,0,3106.767609606615,0,2025
2025-07-26 13:00:00,7360,3,0,13,0,6522.0,603.0,7394.0,31,26,0,0,0,0,5,0,3106.507145562921,0,2025
2025-07-26 14:00:00,7589,3,0,14,0,7030.0,844.0,8142.0,31,26,0,0,0,0,5,0,3106.308188608291,0,2025
2025-07-26 15:00:00,7694,3,0,15,0,7263.0,1319.0,8755.0,31,26,0,0,0,0,5,0,3106.1388577862813,0,2025
2025-07-26 16:00:00,8588,3,0,16,0,7782.0,2121.0,7713.0,31,26,0,0,0,0,5,0,3105.98423545643,0,2025
2025-07-26 17:00:00,9066,3,0,17,0,8480.0,3349.0,6612.0,31,26,0,0,0,0,5,0,3105.983760239199,0,2025
2025-07-26 18:00:00,9187,3,0,18,0,8602.0,4655.0,4668.0,31,26,0,0,0,0,5,0,3106.086819412408,0,2025
2025-07-26 19:00:00,8273,3,0,19,0,9009.0,5493.0,3213.0,31,26,0,0,0,0,5,0,3106.21824471063,0,2025
2025-07-26 20:00:00,6733,3,0,20,0,8291.0,6522.0,1864.0,31,26,0,0,0,0,5,0,3106.1571508684983,0,2025
2025-07-26 21:00:00,7160,3,0,21,0,6922.0,7030.0,1004.0,31,26,0,0,0,0,5,0,3105.8946286194982,0,2025
2025-07-26 22:00:00,8013,3,0,22,0,7628.0,7263.0,1315.0,31,26,0,0,0,0,5,0,3105.672579058249,0,2025
2025-07-26 23:00:00,9106,3,0,23,0,7850.0,7782.0,1698.0,31,26,0,0,0,0,5,0,3105.566651290565,0,2025
2025-07-27 00:00:00,8229,3,0,0,0,7798.0,8480.0,2551.0,31,27,0,0,0,0,6,0,3105.6782871221862,0,2025
2025-07-27 01:00:00,6615,3,0,1,0,6503.0,8602.0,3802.0,31,27,0,0,0,0,6,0,3105.609045697299,0,2025
2025-07-27 02:00:00,4935,3,0,2,0,5081.0,9009.0,4822.0,31,27,0,0,0,0,6,0,3105.3376005338264,0,2025
2025-07-27 03:00:00,3709,3,0,3,0,3812.0,8291.0,5808.0,31,27,0,0,0,0,6,0,3105.035130178064,0,2025
2025-07-27 04:00:00,2465,3,0,4,0,2622.0,6922.0,6760.0,31,27,0,0,0,0,6,0,3104.8254473629136,0,2025
2025-07-27 05:00:00,1253,3,0,5,0,1445.0,7628.0,7360.0,31,27,0,0,0,0,6,0,3104.8093136085145,0,2025
2025-07-27 06:00:00,1437,3,0,6,0,820.0,7850.0,7589.0,31,27,0,0,0,0,6,0,3105.07788037041,0,2025
2025-07-27 07:00:00,1605,3,0,7,0,905.0,7798.0,7694.0,31,27,0,0,0,0,6,0,3105.296745968186,0,2025
2025-07-27 08:00:00,2156,3,0,8,0,1335.0,6503.0,8588.0,31,27,0,0,0,0,6,0,3105.472182189865,0,2025
2025-07-27 09:00:00,3369,3,0,9,0,1995.0,5081.0,9066.0,31,27,0,0,0,0,6,0,3105.5188189171404,0,2025
2025-07-27 10:00:00,4450,3,0,10,0,3265.0,3812.0,9187.0,31,27,0,0,0,0,6,0,3105.351659214982,0,2025
2025-07-27 11:00:00,5522,3,0,11,0,4423.0,2622.0,8273.0,31,27,0,0,0,0,6,0,3105.074360842621,0,2025
2025-07-27 12:00:00,6257,3,0,12,0,5629.0,1445.0,6733.0,31,27,0,0,0,0,6,0,3104.762573608695,0,2025
2025-07-27 13:00:00,7256,3,0,13,0,6239.0,820.0,7160.0,31,27,0,0,0,0,6,0,3104.4701306455727,0,2025
2025-07-27 14:00:00,6670,3,0,14,0,6997.0,905.0,8013.0,31,27,0,0,0,0,6,0,3104.2599266014063,0,2025
2025-07-27 15:00:00,6542,3,0,15,0,6815.0,1335.0,9106.0,31,27,0,0,0,0,6,0,3103.9937565098694,0,2025
2025-07-27 16:00:00,6330,3,0,16,0,6958.0,1995.0,8229.0,31,27,0,0,0,0,6,0,3103.7183784158497,0,2025
2025-07-27 17:00:00,6676,3,0,17,0,6840.0,3265.0,6615.0,31,27,0,0,0,0,6,0,3103.4300463263057,0,2025
2025-07-27 18:00:00,7021,3,0,18,0,7223.0,4423.0,4935.0,31,27,0,0,0,0,6,0,3103.164544835658,0,2025
2025-07-27 19:00:00,6098,3,0,19,0,7247.0,5629.0,3709.0,31,27,0,0,0,0,6,0,3102.929488803464,0,2025
2025-07-27 20:00:00,5662,3,0,20,0,6427.0,6239.0,2465.0,31,27,0,0,0,0,6,0,3102.6304652785416,0,2025
2025-07-27 21:00:00,5769,3,0,21,0,5808.0,6997.0,1253.0,31,27,0,0,0,0,6,0,3102.320437494599,0,2025
2025-07-27 22:00:00,5120,3,0,22,0,5592.0,6815.0,1437.0,31,27,0,0,0,0,6,0,3102.0120867493847,0,2025
2025-07-27 23:00:00,3631,3,0,23,0,4243.0,6958.0,1605.0,31,27,0,0,0,0,6,0,3101.7055841601077,0,2025
2025-07-28 00:00:00,2813,3,0,0,0,2905.0,6840.0,2156.0,31,28,0,0,0,0,0,0,3101.506003545043,0,2025
2025-07-28 01:00:00,1540,3,0,1,0,2331.0,7223.0,3369.0,31,28,0,0,0,0,0,0,3101.426038280582,0,2025
2025-07-28 02:00:00,846,3,0,2,0,1282.0,7247.0,4450.0,31,28,0,0,0,0,0,0,3101.617964779133,0,2025
2025-07-28 03:00:00,514,3,0,3,0,633.0,6427.0,5522.0,31,28,0,0,0,0,0,0,3102.001829456853,0,2025
2025-07-28 04:00:00,671,3,0,4,0,349.0,5808.0,6257.0,31,28,0,0,0,0,0,0,3102.4881085971933,0,2025
2025-07-28 05:00:00,1300,3,0,5,0,373.0,5592.0,7256.0,31,28,0,0,0,0,0,0,3102.9242825462948,0,2025
2025-07-28 06:00:00,2403,3,0,6,0,875.0,4243.0,6670.0,31,28,0,0,0,0,0,0,3103.17758114045,0,2025
2025-07-28 07:00:00,4091,3,0,7,0,1759.0,2905.0,6542.0,31,28,0,0,0,0,0,0,3103.1724827372004,0,2025
2025-07-28 08:00:00,5702,3,0,8,0,3172.0,2331.0,6330.0,31,28,0,0,0,0,0,0,3102.9242913114053,0,2025
2025-07-28 09:00:00,5664,3,0,9,0,4647.0,1282.0,6676.0,31,28,0,0,0,0,0,0,3102.6155714492743,0,2025
2025-07-28 10:00:00,5585,3,0,10,0,5267.0,633.0,7021.0,31,28,0,0,0,0,0,0,3102.306446723704,0,2025
2025-07-28 11:00:00,5731,3,0,11,0,5796.0,349.0,6098.0,31,28,0,0,0,0,0,0,3101.9966792440973,0,2025
2025-07-28 12:00:00,6456,3,0,12,0,6188.0,373.0,5662.0,31,28,0,0,0,0,0,0,3101.688677926568,0,2025
2025-07-28 13:00:00,6588,3,0,13,0,6883.0,875.0,5769.0,31,28,0,0,0,0,0,0,3101.409415409309,0,2025
2025-07-28 14:00:00,7316,3,0,14,0,7277.0,1759.0,5120.0,31,28,0,0,0,0,0,0,3101.139084035038,0,2025
2025-07-28 15:00:00,7344,3,0,15,0,8125.0,3172.0,3631.0,31,28,0,0,0,0,0,0,3100.9378142045816,0,2025
2025-07-28 16:00:00,7337,3,0,16,0,8181.0,4647.0,2813.0,31,28,0,0,0,0,0,0,3100.739902501777,0,2025
2025-07-28 17:00:00,8436,3,0,17,0,8084.0,5267.0,1540.0,31,28,0,0,0,0,0,0,3100.5411746149807,0,2025
2025-07-28 18:00:00,8497,3,0,18,0,8725.0,5796.0,846.0,31,28,0,0,0,0,0,0,3100.51261463231,0,2025
2025-07-28 19:00:00,7769,3,0,19,0,8895.0,6188.0,514.0,31,28,0,0,0,0,0,0,3100.495670429548,0,2025
2025-07-28 20:00:00,7425,3,0,20,0,8138.0,6883.0,671.0,31,28,0,0,0,0,0,0,3100.354460441644,0,2025
2025-07-28 21:00:00,7158,3,0,21,0,7185.0,7277.0,1300.0,31,28,0,0,0,0,0,0,3100.16644795958,0,2025
2025-07-28 22:00:00,6188,3,0,22,0,6637.0,8125.0,2403.0,31,28,0,0,0,0,0,0,3099.9473967735485,0,2025
2025-07-28 23:00:00,3598,3,0,23,0,5576.0,8181.0,4091.0,31,28,0,0,0,0,0,0,3099.6541914903523,0,2025
2025-07-29 00:00:00,1930,3,0,0,0,3128.0,8084.0,5702.0,31,29,0,0,0,0,1,0,3099.459558836977,0,2025
2025-07-29 01:00:00,1064,3,0,1,0,1667.0,8725.0,5664.0,31,29,0,0,0,0,1,0,3099.556696860465,0,2025
2025-07-29 02:00:00,564,3,0,2,0,862.0,8895.0,5585.0,31,29,0,0,0,0,1,0,3099.875556931776,0,2025
2025-07-29 03:00:00,403,3,0,3,0,390.0,8138.0,5731.0,31,29,0,0,0,0,1,0,3100.3440119365864,0,2025
2025-07-29 04:00:00,480,3,0,4,0,254.0,7185.0,6456.0,31,29,0,0,0,0,1,0,3100.8635912709,0,2025
2025-07-29 05:00:00,1027,3,0,5,0,365.0,6637.0,6588.0,31,29,0,0,0,0,1,0,3101.3576313457406,0,2025
2025-07-29 06:00:00,2389,3,0,6,0,763.0,5576.0,7316.0,31,29,0,0,0,0,1,0,3101.6851287798286,0,2025
2025-07-29 07:00:00,4618,3,0,7,0,1781.0,3128.0,7344.0,31,29,0,0,0,0,1,0,3101.682616899553,0,2025
2025-07-29 08:00:00,6525,3,0,8,0,3525.0,1667.0,7337.0,31,29,0,0,0,0,1,0,3101.3975724921,0,2025
2025-07-29 09:00:00,7141,3,0,9,0,5035.0,862.0,8436.0,31,29,0,0,0,0,1,0,3101.124101191561,0,2025
2025-07-29 10:00:00,6990,3,0,10,0,6053.0,390.0,8497.0,31,29,0,0,0,0,1,0,3100.904266126855,0,2025
2025-07-29 11:00:00,6804,3,0,11,0,6858.0,254.0,7769.0,31,29,0,0,0,0,1,0,3100.669089780916,0,2025
2025-07-29 12:00:00,7239,3,0,12,0,7064.0,365.0,7425.0,31,29,0,0,0,0,1,0,3100.417034005616,0,2025
2025-07-29 13:00:00,7657,3,0,13,0,7496.0,763.0,7158.0,31,29,0,0,0,0,1,0,3100.2080821050017,0,2025
2025-07-29 14:00:00,8150,3,0,14,0,8068.0,1781.0,6188.0,31,29,0,0,0,0,1,0,3100.051941537966,0,2025
2025-07-29 15:00:00,8287,3,0,15,0,8798.0,3525.0,3598.0,31,29,0,0,0,0,1,0,3099.9724216263053,0,2025
2025-07-29 16:00:00,8527,3,0,16,0,8863.0,5035.0,1930.0,31,29,0,0,0,0,1,0,3099.916892190061,0,2025
2025-07-29 17:00:00,10357,3,0,17,0,8857.0,6053.0,1064.0,31,29,0,0,0,0,1,0,3099.9063009742035,0,2025
2025-07-29 18:00:00,10972,3,0,18,0,9591.0,6858.0,564.0,31,29,0,0,0,0,1,0,3100.3600543980683,0,2025
2025-07-29 19:00:00,8512,3,0,19,0,9951.0,7064.0,403.0,31,29,0,0,0,0,1,0,3101.017392767884,0,2025
2025-07-29 20:00:00,8006,3,0,20,0,8575.0,7496.0,480.0,31,29,0,0,0,0,1,0,3101.0031572199928,0,2025
2025-07-29 21:00:00,9069,3,0,21,0,8071.0,8068.0,1027.0,31,29,0,0,0,0,1,0,3100.8989069075783,0,2025
2025-07-29 22:00:00,7672,3,0,22,0,8311.0,8798.0,2389.0,31,29,0,0,0,0,1,0,3101.0023639663605,0,2025
2025-07-29 23:00:00,4684,3,0,23,0,6461.0,8863.0,4618.0,31,29,0,0,0,0,1,0,3100.847641826985,0,2025
2025-07-30 00:00:00,2309,3,0,0,0,3811.0,8857.0,6525.0,31,30,0,0,0,0,2,0,3100.5604938904157,0,2025
2025-07-30 01:00:00,1104,3,0,1,0,1911.0,9591.0,7141.0,31,30,0,0,0,0,2,0,3100.5756399136976,0,2025
2025-07-30 02:00:00,542,3,0,2,0,904.0,9951.0,6990.0,31,30,0,0,0,0,2,0,3100.88185779602,0,2025
2025-07-30 03:00:00,451,3,0,3,0,397.0,8575.0,6804.0,31,30,0,0,0,0,2,0,3101.355162475108,0,2025
2025-07-30 04:00:00,496,3,0,4,0,340.0,8071.0,7239.0,31,30,0,0,0,0,2,0,3101.856899703701,0,2025
2025-07-30 05:00:00,1040,3,0,5,0,286.0,8311.0,7657.0,31,30,0,0,0,0,2,0,3102.3436365756324,0,2025
2025-07-30 06:00:00,2454,3,0,6,0,800.0,6461.0,8150.0,31,30,0,0,0,0,2,0,3102.6660374240805,0,2025
2025-07-30 07:00:00,4625,3,0,7,0,1825.0,3811.0,8287.0,31,30,0,0,0,0,2,0,3102.6509640033228,0,2025
2025-07-30 08:00:00,6527,3,0,8,0,3534.0,1911.0,8527.0,31,30,0,0,0,0,2,0,3102.366877034522,0,2025
2025-07-30 09:00:00,6664,3,0,9,0,4933.0,904.0,10357.0,31,30,0,0,0,0,2,0,3102.0946248113837,0,2025
2025-07-30 10:00:00,6330,3,0,10,0,5745.0,397.0,10972.0,31,30,0,0,0,0,2,0,3101.832204230228,0,2025
2025-07-30 11:00:00,6832,3,0,11,0,6342.0,340.0,8512.0,31,30,0,0,0,0,2,0,3101.5481570830093,0,2025
2025-07-30 12:00:00,7225,3,0,12,0,7287.0,286.0,8006.0,31,30,0,0,0,0,2,0,3101.2994705355045,0,2025
2025-07-30 13:00:00,7508,3,0,13,0,7679.0,800.0,9069.0,31,30,0,0,0,0,2,0,3101.0896746828844,0,2025
2025-07-30 14:00:00,7885,3,0,14,0,7933.0,1825.0,7672.0,31,30,0,0,0,0,2,0,3100.9139679030563,0,2025
2025-07-30 15:00:00,7897,3,0,15,0,8416.0,3534.0,4684.0,31,30,0,0,0,0,2,0,3100.791560720648,0,2025
2025-07-30 16:00:00,8361,3,0,16,0,8408.0,4933.0,2309.0,31,30,0,0,0,0,2,0,3100.670968742012,0,2025
2025-07-30 17:00:00,10266,3,0,17,0,8942.0,5745.0,1104.0,31,30,0,0,0,0,2,0,3100.62868449933,0,2025
2025-07-30 18:00:00,12328,3,0,18,0,9768.0,6342.0,542.0,31,30,0,0,0,0,2,0,3101.051652940239,0,2025
2025-07-30 19:00:00,10699,3,0,19,0,11352.0,7287.0,451.0,31,30,0,0,0,0,2,0,3102.2380440577344,0,2025
2025-07-30 20:00:00,8187,3,0,20,0,9244.0,7679.0,496.0,31,30,0,0,0,0,2,0,3102.7974489139483,0,2025
2025-07-30 21:00:00,8875,3,0,21,0,7870.0,7933.0,1040.0,31,30,0,0,0,0,2,0,3102.7231958092984,0,2025
2025-07-30 22:00:00,8570,3,0,22,0,8326.0,8416.0,2454.0,31,30,0,0,0,0,2,0,3102.782256530254,0,2025
2025-07-30 23:00:00,5798,3,0,23,0,7633.0,8408.0,4625.0,31,30,0,0,0,0,2,0,3102.7783285633463,0,2025
2025-07-31 00:00:00,3265,3,0,0,0,4835.0,8942.0,6527.0,31,31,0,0,0,1,3,0,3102.4749653068984,0,2025
2025-07-31 01:00:00,1671,3,0,1,0,2821.0,9768.0,6664.0,31,31,0,0,0,1,3,0,3102.325808197735,0,2025
2025-07-31 02:00:00,829,3,0,2,0,1357.0,11352.0,6330.0,31,31,0,0,0,1,3,0,3102.4828452621427,0,2025
2025-07-31 03:00:00,582,3,0,3,0,681.0,9244.0,6832.0,31,31,0,0,0,1,3,0,3102.8665139930577,0,2025
2025-07-31 04:00:00,609,3,0,4,0,402.0,7870.0,7225.0,31,31,0,0,0,1,3,0,3103.324780457672,0,2025
2025-07-31 05:00:00,1190,3,0,5,0,375.0,8326.0,7508.0,31,31,0,0,0,1,3,0,3103.7741068815176,0,2025
2025-07-31 06:00:00,2582,3,0,6,0,795.0,7633.0,7885.0,31,31,0,0,0,1,3,0,3104.053665675535,0,2025
2025-07-31 07:00:00,4449,3,0,7,0,1777.0,4835.0,7897.0,31,31,0,0,0,1,3,0,3104.014806939437,0,2025
2025-07-31 08:00:00,6531,3,0,8,0,3432.0,2821.0,8361.0,31,31,0,0,0,1,3,0,3103.7426339028707,0,2025
2025-07-31 09:00:00,7442,3,0,9,0,4988.0,1357.0,10266.0,31,31,0,0,0,1,3,0,3103.4716063741344,0,2025
2025-07-31 10:00:00,6795,3,0,10,0,6257.0,681.0,12328.0,31,31,0,0,0,1,3,0,3103.287689005966,0,2025
2025-07-31 11:00:00,7033,3,0,11,0,6466.0,402.0,10699.0,31,31,0,0,0,1,3,0,3103.036569541451,0,2025
2025-07-31 12:00:00,7424,3,0,12,0,7053.0,375.0,8187.0,31,31,0,0,0,1,3,0,3102.807135698956,0,2025
2025-07-31 13:00:00,8451,3,0,13,0,7579.0,795.0,8875.0,31,31,0,0,0,1,3,0,3102.621072136759,0,2025
2025-07-31 14:00:00,10091,3,0,14,0,8623.0,1777.0,8570.0,31,31,0,0,0,1,3,0,3102.594999619341,0,2025
2025-07-31 15:00:00,10190,3,0,15,0,9621.0,3432.0,5798.0,31,31,0,0,0,1,3,0,3102.962932967137,0,2025
2025-07-31 16:00:00,8928,3,0,16,0,8326.0,4988.0,3265.0,31,31,0,0,0,1,3,0,3103.3596487603672,0,2025
2025-07-31 17:00:00,8417,3,0,17,0,7168.0,6257.0,1671.0,31,31,0,0,0,1,3,0,3103.429910770792,0,2025
2025-07-31 18:00:00,9043,3,0,18,0,7078.0,6466.0,829.0,31,31,0,0,0,1,3,0,3103.396770174176,0,2025
2025-07-31 19:00:00,7900,3,0,19,0,7844.0,7053.0,582.0,31,31,0,0,0,1,3,0,3103.4922263821704,0,2025
2025-07-31 20:00:00,7195,3,0,20,0,7336.0,7579.0,609.0,31,31,0,0,0,1,3,0,3103.371337039397,0,2025
2025-07-31 21:00:00,7411,3,0,21,0,6850.0,8623.0,1190.0,31,31,0,0,0,1,3,0,3103.1584162598983,0,2025
2025-07-31 22:00:00,7967,3,0,22,0,7215.0,9621.0,2582.0,31,31,0,0,0,1,3,0,3102.9703617908303,0,2025
2025-07-31 23:00:00,5516,3,0,23,0,6817.0,8326.0,4449.0,31,31,0,0,0,1,3,0,3102.8598209729003,0,2025
2025-08-01 00:00:00,3724,3,0,0,0,4500.0,7168.0,6531.0,31,1,1,0,0,0,4,0,3102.554848962246,0,2025
2025-08-01 01:00:00,2232,3,0,1,0,2826.0,7078.0,7442.0,31,1,1,0,0,0,4,0,3102.348656375977,0,2025
2025-08-01 02:00:00,1481,3,0,2,0,1725.0,7844.0,6795.0,31,1,1,0,0,0,4,0,3102.3797601491005,0,2025
2025-08-01 03:00:00,937,3,0,3,0,1103.0,7336.0,7033.0,31,1,1,0,0,0,4,0,3102.5834097716497,0,2025
2025-08-01 04:00:00,906,3,0,4,0,641.0,6850.0,7424.0,31,1,1,0,0,0,4,0,3102.9340853503845,0,2025
2025-08-01 05:00:00,1245,3,0,5,0,511.0,7215.0,8451.0,31,1,1,0,0,0,4,0,3103.293280677869,0,2025
2025-08-01 06:00:00,2264,3,0,6,0,752.0,6817.0,10091.0,31,1,1,0,0,0,4,0,3103.5574632572016,0,2025
2025-08-01 07:00:00,3904,3,0,7,0,1422.0,4500.0,10190.0,31,1,1,0,0,0,4,0,3103.5809021732466,0,2025
2025-08-01 08:00:00,5078,3,0,8,0,2966.0,2826.0,8928.0,31,1,1,0,0,0,4,0,3103.3552862650504,0,2025
2025-08-01 09:00:00,4831,3,0,9,0,3972.0,1725.0,8417.0,31,1,1,0,0,0,4,0,3103.0559959655698,0,2025
2025-08-01 10:00:00,5092,3,0,10,0,4445.0,1103.0,9043.0,31,1,1,0,0,0,4,0,3102.765061063716,0,2025
2025-08-01 11:00:00,5355,3,0,11,0,5250.0,641.0,7900.0,31,1,1,0,0,0,4,0,3102.465588705757,0,2025
2025-08-01 12:00:00,6140,3,0,12,0,5494.0,511.0,7195.0,31,1,1,0,0,0,4,0,3102.1618753933026,0,2025
2025-08-01 13:00:00,6258,3,0,13,0,5895.0,752.0,7411.0,31,1,1,0,0,0,4,0,3101.871333725465,0,2025
2025-08-01 14:00:00,7216,3,0,14,0,6344.0,1422.0,7967.0,31,1,1,0,0,0,4,0,3101.586205597744,0,2025
2025-08-01 15:00:00,7791,3,0,15,0,7481.0,2966.0,5516.0,31,1,1,0,0,0,4,0,3101.3769979052577,0,2025
2025-08-01 16:00:00,7292,3,0,16,0,8001.0,3972.0,3724.0,31,1,1,0,0,0,4,0,3101.2411673720826,0,2025
2025-08-01 17:00:00,8034,3,0,17,0,7529.0,4445.0,2232.0,31,1,1,0,0,0,4,0,3101.0404926039705,0,2025
2025-08-01 18:00:00,8177,3,0,18,0,7933.0,5250.0,1481.0,31,1,1,0,0,0,4,0,3100.94190131248,0,2025
2025-08-01 19:00:00,6998,3,0,19,0,8182.0,5494.0,937.0,31,1,1,0,0,0,4,0,3100.8669217377915,0,2025
2025-08-01 20:00:00,6574,3,0,20,0,7181.0,5895.0,906.0,31,1,1,0,0,0,4,0,3100.635465655944,0,2025
2025-08-01 21:00:00,6743,3,0,21,0,6701.0,6344.0,1245.0,31,1,1,0,0,0,4,0,3100.3692712932707,0,2025
2025-08-01 22:00:00,7410,3,0,22,0,7182.0,7481.0,2264.0,31,1,1,0,0,0,4,0,3100.115643889529,0,2025
2025-08-01 23:00:00,7571,3,0,23,0,7400.0,8001.0,3904.0,31,1,1,0,0,0,4,0,3099.9289914802566,0,2025
2025-08-02 00:00:00,7125,3,0,0,0,6570.0,7529.0,5078.0,31,2,0,0,0,0,5,0,3099.7627074955417,0,2025
2025-08-02 01:00:00,5683,3,0,1,0,5748.0,7933.0,4831.0,31,2,0,0,0,0,5,0,3099.544075941061,0,2025
2025-08-02 02:00:00,4240,3,0,2,0,4605.0,8182.0,5092.0,31,2,0,0,0,0,5,0,3099.242154982737,0,2025
2025-08-02 03:00:00,3008,3,0,3,0,3335.0,7181.0,5355.0,31,2,0,0,0,0,5,0,3098.9882658771544,0,2025
2025-08-02 04:00:00,1874,3,0,4,0,2156.0,6701.0,6140.0,31,2,0,0,0,0,5,0,3098.879283553679,0,2025
2025-08-02 05:00:00,975,3,0,5,0,1095.0,7182.0,6258.0,31,2,0,0,0,0,5,0,3098.9881273577657,0,2025
2025-08-02 06:00:00,1367,3,0,6,0,556.0,7400.0,7216.0,31,2,0,0,0,0,5,0,3099.3269991343004,0,2025
2025-08-02 07:00:00,1940,3,0,7,0,884.0,6570.0,7791.0,31,2,0,0,0,0,5,0,3099.5588506026274,0,2025
2025-08-02 08:00:00,2671,3,0,8,0,1487.0,5748.0,7292.0,31,2,0,0,0,0,5,0,3099.652049513452,0,2025
2025-08-02 09:00:00,3732,3,0,9,0,2261.0,4605.0,8034.0,31,2,0,0,0,0,5,0,3099.59866311444,0,2025
2025-08-02 10:00:00,4707,3,0,10,0,3295.0,3335.0,8177.0,31,2,0,0,0,0,5,0,3099.392667677876,0,2025
2025-08-02 11:00:00,5438,3,0,11,0,4452.0,2156.0,6998.0,31,2,0,0,0,0,5,0,3099.1090822372985,0,2025
2025-08-02 12:00:00,6131,3,0,12,0,5252.0,1095.0,6574.0,31,2,0,0,0,0,5,0,3098.806661950512,0,2025
2025-08-02 13:00:00,6418,3,0,13,0,6146.0,556.0,6743.0,31,2,0,0,0,0,5,0,3098.5174750064293,0,2025
2025-08-02 14:00:00,6533,3,0,14,0,6501.0,884.0,7410.0,31,2,0,0,0,0,5,0,3098.2426646669314,0,2025
2025-08-02 15:00:00,6901,3,0,15,0,6808.0,1487.0,7571.0,31,2,0,0,0,0,5,0,3097.9751081280715,0,2025
2025-08-02 16:00:00,7236,3,0,16,0,7396.0,2261.0,7125.0,31,2,0,0,0,0,5,0,3097.736187980744,0,2025
2025-08-02 17:00:00,7612,3,0,17,0,7722.0,3295.0,5683.0,31,2,0,0,0,0,5,0,3097.5307273786284,0,2025
2025-08-02 18:00:00,8166,3,0,18,0,8102.0,4452.0,4240.0,31,2,0,0,0,0,5,0,3097.371192979448,0,2025
2025-08-02 19:00:00,7561,3,0,19,0,8537.0,5252.0,3008.0,31,2,0,0,0,0,5,0,3097.2954668814823,0,2025
2025-08-02 20:00:00,6869,3,0,20,0,7902.0,6146.0,1874.0,31,2,0,0,0,0,5,0,3097.129161141064,0,2025
2025-08-02 21:00:00,7074,3,0,21,0,7217.0,6501.0,975.0,31,2,0,0,0,0,5,0,3096.8875821519123,0,2025
2025-08-02 22:00:00,7761,3,0,22,0,7350.0,6808.0,1367.0,31,2,0,0,0,0,5,0,3096.665209391733,0,2025
2025-08-02 23:00:00,7629,3,0,23,0,7370.0,7396.0,1940.0,31,2,0,0,0,0,5,0,3096.526314643213,0,2025
2025-08-03 00:00:00,6793,3,0,0,0,6553.0,7722.0,2671.0,31,3,0,0,0,0,6,0,3096.369075527149,0,2025
2025-08-03 01:00:00,5516,3,0,1,0,5378.0,8102.0,3732.0,31,3,0,0,0,0,6,0,3096.121227141585,0,2025
2025-08-03 02:00:00,4222,3,0,2,0,4440.0,8537.0,4707.0,31,3,0,0,0,0,6,0,3095.81988308839,0,2025
2025-08-03 03:00:00,3057,3,0,3,0,3276.0,7902.0,5438.0,31,3,0,0,0,0,6,0,3095.5689344101106,0,2025
2025-08-03 04:00:00,2006,3,0,4,0,2260.0,7217.0,6131.0,31,3,0,0,0,0,6,0,3095.453338949859,0,2025
2025-08-03 05:00:00,1045,3,0,5,0,1203.0,7350.0,6418.0,31,3,0,0,0,0,6,0,3095.532888049322,0,2025
2025-08-03 06:00:00,1371,3,0,6,0,598.0,7370.0,6533.0,31,3,0,0,0,0,6,0,3095.8513592613235,0,2025
2025-08-03 07:00:00,1677,3,0,7,0,853.0,6553.0,6901.0,31,3,0,0,0,0,6,0,3096.0818656607958,0,2025
2025-08-03 08:00:00,2223,3,0,8,0,1358.0,5378.0,7236.0,31,3,0,0,0,0,6,0,3096.235969932009,0,2025
2025-08-03 09:00:00,3496,3,0,9,0,2101.0,4440.0,7612.0,31,3,0,0,0,0,6,0,3096.268718320453,0,2025
2025-08-03 10:00:00,4296,3,0,10,0,3331.0,3276.0,8166.0,31,3,0,0,0,0,6,0,3096.0917120814183,0,2025
2025-08-03 11:00:00,5012,3,0,11,0,4242.0,2260.0,7561.0,31,3,0,0,0,0,6,0,3095.8350579986554,0,2025
2025-08-03 12:00:00,5579,3,0,12,0,5054.0,1203.0,6869.0,31,3,0,0,0,0,6,0,3095.5412447661183,0,2025
2025-08-03 13:00:00,6142,3,0,13,0,5712.0,598.0,7074.0,31,3,0,0,0,0,6,0,3095.2408686588365,0,2025
2025-08-03 14:00:00,6684,3,0,14,0,6478.0,853.0,7761.0,31,3,0,0,0,0,6,0,3094.953937448988,0,2025
2025-08-03 15:00:00,6457,3,0,15,0,6801.0,1358.0,7629.0,31,3,0,0,0,0,6,0,3094.698724812625,0,2025
2025-08-03 16:00:00,6465,3,0,16,0,7160.0,2101.0,6793.0,31,3,0,0,0,0,6,0,3094.428083871864,0,2025
2025-08-03 17:00:00,6452,3,0,17,0,7208.0,3331.0,5516.0,31,3,0,0,0,0,6,0,3094.158003547941,0,2025
2025-08-03 18:00:00,6734,3,0,18,0,6950.0,4242.0,4222.0,31,3,0,0,0,0,6,0,3093.887197531979,0,2025
2025-08-03 19:00:00,5905,3,0,19,0,7195.0,5054.0,3057.0,31,3,0,0,0,0,6,0,3093.636084723807,0,2025
2025-08-03 20:00:00,5680,3,0,20,0,6369.0,5712.0,2006.0,31,3,0,0,0,0,6,0,3093.341577794615,0,2025
2025-08-03 21:00:00,5475,3,0,21,0,5721.0,6478.0,1045.0,31,3,0,0,0,0,6,0,3093.0427975200346,0,2025
2025-08-03 22:00:00,4859,3,0,22,0,5193.0,6801.0,1371.0,31,3,0,0,0,0,6,0,3092.742897512761,0,2025
2025-08-03 23:00:00,3685,3,0,23,0,4115.0,7160.0,1677.0,31,3,0,0,0,0,6,0,3092.455310133956,0,2025
2025-08-04 00:00:00,2139,3,0,0,0,2973.0,7208.0,2223.0,31,4,0,0,0,0,0,0,3092.2569433395206,0,2025
2025-08-04 01:00:00,948,3,0,1,0,1672.0,6950.0,3496.0,31,4,0,0,0,0,0,0,3092.30768177307,0,2025
2025-08-04 02:00:00,537,3,0,2,0,732.0,7195.0,4296.0,31,4,0,0,0,0,0,0,3092.6521443583647,0,2025
2025-08-04 03:00:00,426,3,0,3,0,340.0,6369.0,5012.0,31,4,0,0,0,0,0,0,3093.1181550883125,0,2025
2025-08-04 04:00:00,542,3,0,4,0,243.0,5721.0,5579.0,31,4,0,0,0,0,0,0,3093.618354052493,0,2025
2025-08-04 05:00:00,1049,3,0,5,0,291.0,5193.0,6142.0,31,4,0,0,0,0,0,0,3094.081707138292,0,2025
2025-08-04 06:00:00,2129,3,0,6,0,671.0,4115.0,6684.0,31,4,0,0,0,0,0,0,3094.395986407267,0,2025
2025-08-04 07:00:00,3735,3,0,7,0,1526.0,2973.0,6457.0,31,4,0,0,0,0,0,0,3094.44720569917,0,2025
2025-08-04 08:00:00,5241,3,0,8,0,2937.0,1672.0,6465.0,31,4,0,0,0,0,0,0,3094.2426581714194,0,2025
2025-08-04 09:00:00,5269,3,0,9,0,4416.0,732.0,6452.0,31,4,0,0,0,0,0,0,3093.9450179043806,0,2025
2025-08-04 10:00:00,5135,3,0,10,0,4906.0,340.0,6734.0,31,4,0,0,0,0,0,0,3093.6470751253646,0,2025
2025-08-04 11:00:00,5192,3,0,11,0,5403.0,243.0,5905.0,31,4,0,0,0,0,0,0,3093.3515205690137,0,2025
2025-08-04 12:00:00,5688,3,0,12,0,5606.0,291.0,5680.0,31,4,0,0,0,0,0,0,3093.05493455977,0,2025
2025-08-04 13:00:00,6118,3,0,13,0,6008.0,671.0,5475.0,31,4,0,0,0,0,0,0,3092.757296336141,0,2025
2025-08-04 14:00:00,6536,3,0,14,0,6784.0,1526.0,4859.0,31,4,0,0,0,0,0,0,3092.471199679783,0,2025
2025-08-04 15:00:00,6570,3,0,15,0,7288.0,2937.0,3685.0,31,4,0,0,0,0,0,0,3092.207389277912,0,2025
2025-08-04 16:00:00,6523,3,0,16,0,7333.0,4416.0,2139.0,31,4,0,0,0,0,0,0,3091.945930607601,0,2025
2025-08-04 17:00:00,7455,3,0,17,0,7326.0,4906.0,948.0,31,4,0,0,0,0,0,0,3091.681396698827,0,2025
2025-08-04 18:00:00,7733,3,0,18,0,7836.0,5403.0,537.0,31,4,0,0,0,0,0,0,3091.50493387334,0,2025
2025-08-04 19:00:00,6239,3,0,19,0,8229.0,5606.0,426.0,31,4,0,0,0,0,0,0,3091.3652268273736,0,2025
2025-08-04 20:00:00,6006,3,0,20,0,6548.0,6008.0,542.0,31,4,0,0,0,0,0,0,3091.084830883233,0,2025
2025-08-04 21:00:00,5965,3,0,21,0,6141.0,6784.0,1049.0,31,4,0,0,0,0,0,0,3090.795139512801,0,2025
2025-08-04 22:00:00,4907,3,0,22,0,5707.0,7288.0,2129.0,31,4,0,0,0,0,0,0,3090.5042316083704,0,2025
2025-08-04 23:00:00,3094,3,0,23,0,4408.0,7333.0,3735.0,31,4,0,0,0,0,0,0,3090.216221970948,0,2025
2025-08-05 00:00:00,1847,3,0,0,0,2680.0,7326.0,5241.0,31,5,0,0,0,0,1,0,3090.09557649658,0,2025
2025-08-05 01:00:00,804,3,0,1,0,1602.0,7836.0,5269.0,31,5,0,0,0,0,1,0,3090.2089826492333,0,2025
2025-08-05 02:00:00,446,3,0,2,0,619.0,8229.0,5135.0,31,5,0,0,0,0,1,0,3090.592373988056,0,2025
2025-08-05 03:00:00,288,3,0,3,0,330.0,6548.0,5192.0,31,5,0,0,0,0,1,0,3091.083634201664,0,2025
2025-08-05 04:00:00,443,3,0,4,0,182.0,6141.0,5688.0,31,5,0,0,0,0,1,0,3091.6246458724404,0,2025
2025-08-05 05:00:00,909,3,0,5,0,325.0,5707.0,6118.0,31,5,0,0,0,0,1,0,3092.115676977027,0,2025
2025-08-05 06:00:00,2228,3,0,6,0,655.0,4408.0,6536.0,31,5,0,0,0,0,1,0,3092.466846749871,0,2025
2025-08-05 07:00:00,3981,3,0,7,0,1721.0,2680.0,6570.0,31,5,0,0,0,0,1,0,3092.4968258346858,0,2025
2025-08-05 08:00:00,5891,3,0,8,0,3297.0,1602.0,6523.0,31,5,0,0,0,0,1,0,3092.268175947476,0,2025
2025-08-05 09:00:00,5883,3,0,9,0,4884.0,619.0,7455.0,31,5,0,0,0,0,1,0,3091.975843957779,0,2025
2025-08-05 10:00:00,5560,3,0,10,0,5569.0,330.0,7733.0,31,5,0,0,0,0,1,0,3091.683387980226,0,2025
2025-08-05 11:00:00,5676,3,0,11,0,5828.0,182.0,6239.0,31,5,0,0,0,0,1,0,3091.3859946966413,0,2025
2025-08-05 12:00:00,6520,3,0,12,0,6245.0,325.0,6006.0,31,5,0,0,0,0,1,0,3091.089742345337,0,2025
2025-08-05 13:00:00,6481,3,0,13,0,6934.0,655.0,5965.0,31,5,0,0,0,0,1,0,3090.826470059007,0,2025
2025-08-05 14:00:00,6850,3,0,14,0,7180.0,1721.0,4907.0,31,5,0,0,0,0,1,0,3090.5607670161708,0,2025
2025-08-05 15:00:00,6924,3,0,15,0,7682.0,3297.0,3094.0,31,5,0,0,0,0,1,0,3090.322534464135,0,2025
2025-08-05 16:00:00,7238,3,0,16,0,7814.0,4884.0,1847.0,31,5,0,0,0,0,1,0,3090.090866183856,0,2025
2025-08-05 17:00:00,8378,3,0,17,0,8155.0,5569.0,804.0,31,5,0,0,0,0,1,0,3089.8906653405893,0,2025
2025-08-05 18:00:00,8716,3,0,18,0,8639.0,5828.0,446.0,31,5,0,0,0,0,1,0,3089.8560883637783,0,2025
2025-08-05 19:00:00,7109,3,0,19,0,9023.0,6245.0,288.0,31,5,0,0,0,0,1,0,3089.8860361346087,0,2025
2025-08-05 20:00:00,7243,3,0,20,0,7673.0,6934.0,443.0,31,5,0,0,0,0,1,0,3089.672178062229,0,2025
2025-08-05 21:00:00,7673,3,0,21,0,7469.0,7180.0,909.0,31,5,0,0,0,0,1,0,3089.472532193952,0,2025
2025-08-05 22:00:00,6589,3,0,22,0,7464.0,7682.0,2228.0,31,5,0,0,0,0,1,0,3089.325929607109,0,2025
2025-08-05 23:00:00,3906,3,0,23,0,5767.0,7814.0,3981.0,31,5,0,0,0,0,1,0,3089.0677506324,0,2025
2025-08-06 00:00:00,2188,3,0,0,0,3243.0,8155.0,5891.0,31,6,0,0,0,0,2,0,3088.847694250729,0,2025
2025-08-06 01:00:00,1039,3,0,1,0,1882.0,8639.0,5883.0,31,6,0,0,0,0,2,0,3088.8869784958265,0,2025
2025-08-06 02:00:00,569,3,0,2,0,855.0,9023.0,5560.0,31,6,0,0,0,0,2,0,3089.2017854045016,0,2025
2025-08-06 03:00:00,387,3,0,3,0,425.0,7673.0,5676.0,31,6,0,0,0,0,2,0,3089.652533028496,0,2025
2025-08-06 04:00:00,466,3,0,4,0,265.0,7469.0,6520.0,31,6,0,0,0,0,2,0,3090.159200038624,0,2025
2025-08-06 05:00:00,955,3,0,5,0,305.0,7464.0,6481.0,31,6,0,0,0,0,2,0,3090.640542014303,0,2025
2025-08-06 06:00:00,2270,3,0,6,0,672.0,5767.0,6850.0,31,6,0,0,0,0,2,0,3090.976886097091,0,2025
2025-08-06 07:00:00,4073,3,0,7,0,1701.0,3243.0,6924.0,31,6,0,0,0,0,2,0,3090.998137285297,0,2025
2025-08-06 08:00:00,5899,3,0,8,0,3333.0,1882.0,7238.0,31,6,0,0,0,0,2,0,3090.762257200928,0,2025
2025-08-06 09:00:00,6109,3,0,9,0,4587.0,855.0,8378.0,31,6,0,0,0,0,2,0,3090.4716923027595,0,2025
2025-08-06 10:00:00,5594,3,0,10,0,5387.0,425.0,8716.0,31,6,0,0,0,0,2,0,3090.1881720871206,0,2025
2025-08-06 11:00:00,5930,3,0,11,0,5808.0,265.0,7109.0,31,6,0,0,0,0,2,0,3089.892530055719,0,2025
2025-08-06 12:00:00,6524,3,0,12,0,6381.0,305.0,7243.0,31,6,0,0,0,0,2,0,3089.6030663586243,0,2025
2025-08-06 13:00:00,6528,3,0,13,0,7035.0,672.0,7673.0,31,6,0,0,0,0,2,0,3089.3415766644557,0,2025
2025-08-06 14:00:00,7122,3,0,14,0,7255.0,1701.0,6589.0,31,6,0,0,0,0,2,0,3089.0804137194687,0,2025
2025-08-06 15:00:00,7040,3,0,15,0,7665.0,3333.0,3906.0,31,6,0,0,0,0,2,0,3088.8692046301744,0,2025
2025-08-06 16:00:00,7427,3,0,16,0,7767.0,4587.0,2188.0,31,6,0,0,0,0,2,0,3088.649844034969,0,2025
2025-08-06 17:00:00,8435,3,0,17,0,8278.0,5387.0,1039.0,31,6,0,0,0,0,2,0,3088.472799700989,0,2025
2025-08-06 18:00:00,10597,3,0,18,0,8919.0,5808.0,569.0,31,6,0,0,0,0,2,0,3088.449404786872,0,2025
2025-08-06 19:00:00,7958,3,0,19,0,11231.0,6381.0,387.0,31,6,0,0,0,0,2,0,3088.96752295285,0,2025
2025-08-06 20:00:00,8207,3,0,20,0,8477.0,7035.0,466.0,31,6,0,0,0,0,2,0,3088.8633025421973,0,2025
2025-08-06 21:00:00,9255,3,0,21,0,8382.0,7255.0,955.0,31,6,0,0,0,0,2,0,3088.7992750671874,0,2025
2025-08-06 22:00:00,7559,3,0,22,0,8706.0,7665.0,2270.0,31,6,0,0,0,0,2,0,3088.9465030493466,0,2025
2025-08-06 23:00:00,4711,3,0,23,0,6542.0,7767.0,4073.0,31,6,0,0,0,0,2,0,3088.785673653738,0,2025
2025-08-07 00:00:00,2763,3,0,0,0,3954.0,8278.0,5899.0,31,7,0,0,0,0,3,0,3088.508466330761,0,2025
2025-08-07 01:00:00,1341,3,0,1,0,2299.0,8919.0,6109.0,31,7,0,0,0,0,3,0,3088.44076577493,0,2025
2025-08-07 02:00:00,680,3,0,2,0,1026.0,11231.0,5594.0,31,7,0,0,0,0,3,0,3088.674022865246,0,2025
2025-08-07 03:00:00,490,3,0,3,0,522.0,8477.0,5930.0,31,7,0,0,0,0,3,0,3089.089388843229,0,2025
2025-08-07 04:00:00,553,3,0,4,0,351.0,8382.0,6524.0,31,7,0,0,0,0,3,0,3089.561671478634,0,2025
2025-08-07 05:00:00,1045,3,0,5,0,348.0,8706.0,6528.0,31,7,0,0,0,0,3,0,3090.0141383855457,0,2025
2025-08-07 06:00:00,2339,3,0,6,0,699.0,6542.0,7122.0,31,7,0,0,0,0,3,0,3090.324098939393,0,2025
2025-08-07 07:00:00,3968,3,0,7,0,1664.0,3954.0,7040.0,31,7,0,0,0,0,3,0,3090.331773457898,0,2025
2025-08-07 08:00:00,5638,3,0,8,0,3201.0,2299.0,7427.0,31,7,0,0,0,0,3,0,3090.106392527599,0,2025
2025-08-07 09:00:00,5740,3,0,9,0,4503.0,1026.0,8435.0,31,7,0,0,0,0,3,0,3089.8124061766,0,2025
2025-08-07 10:00:00,5753,3,0,10,0,5243.0,522.0,10597.0,31,7,0,0,0,0,3,0,3089.5198911192574,0,2025
2025-08-07 11:00:00,5810,3,0,11,0,6053.0,351.0,7958.0,31,7,0,0,0,0,3,0,3089.2276820358966,0,2025
2025-08-07 12:00:00,6402,3,0,12,0,6203.0,348.0,8207.0,31,7,0,0,0,0,3,0,3088.9366561275924,0,2025
2025-08-07 13:00:00,6512,3,0,13,0,6990.0,699.0,9255.0,31,7,0,0,0,0,3,0,3088.668994715332,0,2025
2025-08-07 14:00:00,6930,3,0,14,0,7137.0,1664.0,7559.0,31,7,0,0,0,0,3,0,3088.408109431188,0,2025
2025-08-07 15:00:00,6989,3,0,15,0,7861.0,3201.0,4711.0,31,7,0,0,0,0,3,0,3088.1795796067463,0,2025
2025-08-07 16:00:00,7131,3,0,16,0,7671.0,4503.0,2763.0,31,7,0,0,0,0,3,0,3087.95651943305,0,2025
2025-08-07 17:00:00,7930,3,0,17,0,7908.0,5243.0,1341.0,31,7,0,0,0,0,3,0,3087.747433076168,0,2025
2025-08-07 18:00:00,8290,3,0,18,0,8242.0,6053.0,680.0,31,7,0,0,0,0,3,0,3087.6399368757866,0,2025
2025-08-07 19:00:00,7167,3,0,19,0,8686.0,6203.0,490.0,31,7,0,0,0,0,3,0,3087.591013597356,0,2025
2025-08-07 20:00:00,7241,3,0,20,0,7506.0,6990.0,553.0,31,7,0,0,0,0,3,0,3087.385681331028,0,2025
2025-08-07 21:00:00,7545,3,0,21,0,7556.0,7137.0,1045.0,31,7,0,0,0,0,3,0,3087.1882855751883,0,2025
2025-08-07 22:00:00,7732,3,0,22,0,7721.0,7861.0,2339.0,31,7,0,0,0,0,3,0,3087.0269250266942,0,2025
2025-08-07 23:00:00,5685,3,0,23,0,6660.0,7671.0,3968.0,31,7,0,0,0,0,3,0,3086.8905398464085,0,2025
2025-08-08 00:00:00,3863,3,0,0,0,4872.0,7908.0,5638.0,31,8,0,0,0,0,4,0,3086.598205984753,0,2025
2025-08-08 01:00:00,2417,3,0,1,0,3203.0,8242.0,5740.0,31,8,0,0,0,0,4,0,3086.38441381904,0,2025
2025-08-08 02:00:00,1439,3,0,2,0,2088.0,8686.0,5753.0,31,8,0,0,0,0,4,0,3086.3784888117098,0,2025
2025-08-08 03:00:00,963,3,0,3,0,1155.0,7506.0,5810.0,31,8,0,0,0,0,4,0,3086.585977382531,0,2025
2025-08-08 04:00:00,814,3,0,4,0,669.0,7556.0,6402.0,31,8,0,0,0,0,4,0,3086.918362645304,0,2025
2025-08-08 05:00:00,1072,3,0,5,0,505.0,7721.0,6512.0,31,8,0,0,0,0,4,0,3087.292378605907,0,2025
2025-08-08 06:00:00,2078,3,0,6,0,714.0,6660.0,6930.0,31,8,0,0,0,0,4,0,3087.5940773553893,0,2025
2025-08-08 07:00:00,3253,3,0,7,0,1437.0,4872.0,6989.0,31,8,0,0,0,0,4,0,3087.6543860753864,0,2025
2025-08-08 08:00:00,4299,3,0,8,0,2466.0,3203.0,7131.0,31,8,0,0,0,0,4,0,3087.511948449407,0,2025
2025-08-08 09:00:00,4581,3,0,9,0,3705.0,2088.0,7930.0,31,8,0,0,0,0,4,0,3087.2606599385917,0,2025
2025-08-08 10:00:00,4994,3,0,10,0,4471.0,1155.0,8290.0,31,8,0,0,0,0,4,0,3086.9916121254546,0,2025
2025-08-08 11:00:00,5284,3,0,11,0,5294.0,669.0,7167.0,31,8,0,0,0,0,4,0,3086.7053726502045,0,2025
2025-08-08 12:00:00,5959,3,0,12,0,5609.0,505.0,7241.0,31,8,0,0,0,0,4,0,3086.413364333829,0,2025
2025-08-08 13:00:00,6152,3,0,13,0,6180.0,714.0,7545.0,31,8,0,0,0,0,4,0,3086.1278579889736,0,2025
2025-08-08 14:00:00,6661,3,0,14,0,6578.0,1437.0,7732.0,31,8,0,0,0,0,4,0,3085.849415541883,0,2025
2025-08-08 15:00:00,6823,3,0,15,0,7130.0,2466.0,5685.0,31,8,0,0,0,0,4,0,3085.6004479488743,0,2025
2025-08-08 16:00:00,6784,3,0,16,0,7511.0,3705.0,3863.0,31,8,0,0,0,0,4,0,3085.364233265316,0,2025
2025-08-08 17:00:00,7387,3,0,17,0,7561.0,4471.0,2417.0,31,8,0,0,0,0,4,0,3085.1248659825037,0,2025
2025-08-08 18:00:00,8238,3,0,18,0,7664.0,5294.0,1439.0,31,8,0,0,0,0,4,0,3084.945505890702,0,2025
2025-08-08 19:00:00,6919,3,0,19,0,8584.0,5609.0,963.0,31,8,0,0,0,0,4,0,3084.8887610325064,0,2025
2025-08-08 20:00:00,5992,3,0,20,0,7320.0,6180.0,814.0,31,8,0,0,0,0,4,0,3084.6609615169677,0,2025
2025-08-08 21:00:00,6245,3,0,21,0,6638.0,6578.0,1072.0,31,8,0,0,0,0,4,0,3084.377021391113,0,2025
2025-08-08 22:00:00,6755,3,0,22,0,7073.0,7130.0,2078.0,31,8,0,0,0,0,4,0,3084.1032531837027,0,2025
2025-08-08 23:00:00,6566,3,0,23,0,7183.0,7511.0,3253.0,31,8,0,0,0,0,4,0,3083.8618488829206,0,2025
2025-08-09 00:00:00,5897,3,0,0,0,6101.0,7561.0,4299.0,31,9,0,0,0,0,5,0,3083.6066721495963,0,2025
2025-08-09 01:00:00,4934,3,0,1,0,4954.0,7664.0,4581.0,31,9,0,0,0,0,5,0,3083.3202572349182,0,2025
2025-08-09 02:00:00,3736,3,0,2,0,4159.0,8584.0,4994.0,31,9,0,0,0,0,5,0,3083.0371308915373,0,2025
2025-08-09 03:00:00,2688,3,0,3,0,3035.0,7320.0,5284.0,31,9,0,0,0,0,5,0,3082.8375460833504,0,2025
2025-08-09 04:00:00,1635,3,0,4,0,1989.0,6638.0,5959.0,31,9,0,0,0,0,5,0,3082.7832206334306,0,2025
2025-08-09 05:00:00,854,3,0,5,0,1064.0,7073.0,6152.0,31,9,0,0,0,0,5,0,3082.9425755657267,0,2025
2025-08-09 06:00:00,1201,3,0,6,0,636.0,7183.0,6661.0,31,9,0,0,0,0,5,0,3083.304087641016,0,2025
2025-08-09 07:00:00,1613,3,0,7,0,857.0,6101.0,6823.0,31,9,0,0,0,0,5,0,3083.570677463505,0,2025
2025-08-09 08:00:00,2216,3,0,8,0,1262.0,4954.0,6784.0,31,9,0,0,0,0,5,0,3083.734371043607,0,2025
2025-08-09 09:00:00,3428,3,0,9,0,1988.0,4159.0,7387.0,31,9,0,0,0,0,5,0,3083.7665339965947,0,2025
2025-08-09 10:00:00,4293,3,0,10,0,3145.0,3035.0,8238.0,31,9,0,0,0,0,5,0,3083.602189243913,0,2025
2025-08-09 11:00:00,4892,3,0,11,0,4192.0,1989.0,6919.0,31,9,0,0,0,0,5,0,3083.3527947242083,0,2025
2025-08-09 12:00:00,5848,3,0,12,0,4725.0,1064.0,5992.0,31,9,0,0,0,0,5,0,3083.071446378054,0,2025
2025-08-09 13:00:00,6264,3,0,13,0,5685.0,636.0,6245.0,31,9,0,0,0,0,5,0,3082.784647491168,0,2025
2025-08-09 14:00:00,5817,3,0,14,0,6350.0,857.0,6755.0,31,9,0,0,0,0,5,0,3082.513009330436,0,2025
2025-08-09 15:00:00,5649,3,0,15,0,6346.0,1262.0,6566.0,31,9,0,0,0,0,5,0,3082.22566822962,0,2025
2025-08-09 16:00:00,6321,3,0,16,0,6463.0,1988.0,5897.0,31,9,0,0,0,0,5,0,3081.935645177268,0,2025
2025-08-09 17:00:00,6565,3,0,17,0,7476.0,3145.0,4934.0,31,9,0,0,0,0,5,0,3081.667124779997,0,2025
2025-08-09 18:00:00,7070,3,0,18,0,7533.0,4192.0,3736.0,31,9,0,0,0,0,5,0,3081.413293773578,0,2025
2025-08-09 19:00:00,6818,3,0,19,0,7825.0,4725.0,2688.0,31,9,0,0,0,0,5,0,3081.2013554134733,0,2025
2025-08-09 20:00:00,6197,3,0,20,0,7360.0,5685.0,1635.0,31,9,0,0,0,0,5,0,3080.9666333026216,0,2025
2025-08-09 21:00:00,6480,3,0,21,0,6709.0,6350.0,854.0,31,9,0,0,0,0,5,0,3080.692341103432,0,2025
2025-08-09 22:00:00,7236,3,0,22,0,6850.0,6346.0,1201.0,31,9,0,0,0,0,5,0,3080.433244671432,0,2025
2025-08-09 23:00:00,7228,3,0,23,0,7319.0,6463.0,1613.0,31,9,0,0,0,0,5,0,3080.238641572419,0,2025
2025-08-10 00:00:00,6435,3,0,0,0,6320.0,7476.0,2216.0,31,10,0,0,0,0,6,0,3080.0431987365973,0,2025
2025-08-10 01:00:00,5056,3,0,1,0,5564.0,7533.0,3428.0,31,10,0,0,0,0,6,0,3079.7815342623044,0,2025
2025-08-10 02:00:00,3775,3,0,2,0,4308.0,7825.0,4293.0,31,10,0,0,0,0,6,0,3079.496412294441,0,2025
2025-08-10 03:00:00,2799,3,0,3,0,3123.0,7360.0,4892.0,31,10,0,0,0,0,6,0,3079.293771565437,0,2025
2025-08-10 04:00:00,1820,3,0,4,0,2323.0,6709.0,5848.0,31,10,0,0,0,0,6,0,3079.2213034973724,0,2025
2025-08-10 05:00:00,961,3,0,5,0,1197.0,6850.0,6264.0,31,10,0,0,0,0,6,0,3079.3378019686493,0,2025
2025-08-10 06:00:00,1195,3,0,6,0,574.0,7319.0,5817.0,31,10,0,0,0,0,6,0,3079.668143589811,0,2025
2025-08-10 07:00:00,1487,3,0,7,0,866.0,6320.0,5649.0,31,10,0,0,0,0,6,0,3079.9353444512367,0,2025
2025-08-10 08:00:00,2106,3,0,8,0,1322.0,5564.0,6321.0,31,10,0,0,0,0,6,0,3080.128639373845,0,2025
2025-08-10 09:00:00,2988,3,0,9,0,1995.0,4308.0,6565.0,31,10,0,0,0,0,6,0,3080.1829948340846,0,2025
2025-08-10 10:00:00,4000,3,0,10,0,2925.0,3123.0,7070.0,31,10,0,0,0,0,6,0,3080.0801140052813,0,2025
2025-08-10 11:00:00,4624,3,0,11,0,4091.0,2323.0,6818.0,31,10,0,0,0,0,6,0,3079.855552931981,0,2025
2025-08-10 12:00:00,5226,3,0,12,0,4812.0,1197.0,6197.0,31,10,0,0,0,0,6,0,3079.58722469501,0,2025
2025-08-10 13:00:00,5664,3,0,13,0,5307.0,574.0,6480.0,31,10,0,0,0,0,6,0,3079.299248592381,0,2025
2025-08-10 14:00:00,6351,3,0,14,0,5878.0,866.0,7236.0,31,10,0,0,0,0,6,0,3079.0109195772466,0,2025
2025-08-10 15:00:00,6026,3,0,15,0,6437.0,1322.0,7228.0,31,10,0,0,0,0,6,0,3078.7455878819824,0,2025
2025-08-10 16:00:00,6180,3,0,16,0,6328.0,1995.0,6435.0,31,10,0,0,0,0,6,0,3078.4658955621894,0,2025
2025-08-10 17:00:00,6005,3,0,17,0,6515.0,2925.0,5056.0,31,10,0,0,0,0,6,0,3078.1923106533773,0,2025
2025-08-10 18:00:00,6262,3,0,18,0,6363.0,4091.0,3775.0,31,10,0,0,0,0,6,0,3077.9120588737983,0,2025
2025-08-10 19:00:00,5614,3,0,19,0,6610.0,4812.0,2799.0,31,10,0,0,0,0,6,0,3077.64242155472,0,2025
2025-08-10 20:00:00,5337,3,0,20,0,6167.0,5307.0,1820.0,31,10,0,0,0,0,6,0,3077.3540247937594,0,2025
2025-08-10 21:00:00,5174,3,0,21,0,5671.0,5878.0,961.0,31,10,0,0,0,0,6,0,3077.0654798598603,0,2025
2025-08-10 22:00:00,4527,3,0,22,0,5194.0,6437.0,1195.0,31,10,0,0,0,0,6,0,3076.779069295109,0,2025
2025-08-10 23:00:00,3157,3,0,23,0,4114.0,6328.0,1487.0,31,10,0,0,0,0,6,0,3076.5168745539263,0,2025
2025-08-11 00:00:00,2350,3,0,0,0,2887.0,6515.0,2106.0,31,11,0,0,0,0,0,0,3076.3901262693366,0,2025
2025-08-11 01:00:00,1097,3,0,1,0,1903.0,6363.0,2988.0,31,11,0,0,0,0,0,0,3076.3966515813854,0,2025
2025-08-11 02:00:00,586,3,0,2,0,908.0,6610.0,4000.0,31,11,0,0,0,0,0,0,3076.6886276517994,0,2025
2025-08-11 03:00:00,448,3,0,3,0,473.0,6167.0,4624.0,31,11,0,0,0,0,0,0,3077.124116785491,0,2025
2025-08-11 04:00:00,535,3,0,4,0,327.0,5671.0,5226.0,31,11,0,0,0,0,0,0,3077.6006695873702,0,2025
2025-08-11 05:00:00,994,3,0,5,0,285.0,5194.0,5664.0,31,11,0,0,0,0,0,0,3078.050360984344,0,2025
2025-08-11 06:00:00,2085,3,0,6,0,693.0,4114.0,6351.0,31,11,0,0,0,0,0,0,3078.3683694069778,0,2025
2025-08-11 07:00:00,3409,3,0,7,0,1621.0,2887.0,6026.0,31,11,0,0,0,0,0,0,3078.425822082876,0,2025
2025-08-11 08:00:00,4880,3,0,8,0,2803.0,1903.0,6180.0,31,11,0,0,0,0,0,0,3078.2648008989718,0,2025
2025-08-11 09:00:00,4983,3,0,9,0,4220.0,908.0,6005.0,31,11,0,0,0,0,0,0,3077.9864154295046,0,2025
2025-08-11 10:00:00,4727,3,0,10,0,4858.0,473.0,6262.0,31,11,0,0,0,0,0,0,3077.70482254985,0,2025
2025-08-11 11:00:00,5130,3,0,11,0,5021.0,327.0,5614.0,31,11,0,0,0,0,0,0,3077.432655828239,0,2025
2025-08-11 12:00:00,5519,3,0,12,0,5599.0,285.0,5337.0,31,11,0,0,0,0,0,0,3077.147651076618,0,2025
2025-08-11 13:00:00,5896,3,0,13,0,5976.0,693.0,5174.0,31,11,0,0,0,0,0,0,3076.859640435948,0,2025
2025-08-11 14:00:00,6187,3,0,14,0,6713.0,1621.0,4527.0,31,11,0,0,0,0,0,0,3076.5775063262718,0,2025
2025-08-11 15:00:00,6224,3,0,15,0,7336.0,2803.0,3157.0,31,11,0,0,0,0,0,0,3076.305834692658,0,2025
2025-08-11 16:00:00,6251,3,0,16,0,7290.0,4220.0,2350.0,31,11,0,0,0,0,0,0,3076.0359237861503,0,2025
2025-08-11 17:00:00,6846,3,0,17,0,7406.0,4858.0,1097.0,31,11,0,0,0,0,0,0,3075.767368286282,0,2025
2025-08-11 18:00:00,6864,3,0,18,0,7337.0,5021.0,586.0,31,11,0,0,0,0,0,0,3075.538441868904,0,2025
2025-08-11 19:00:00,5871,3,0,19,0,7760.0,5599.0,448.0,31,11,0,0,0,0,0,0,3075.311093900023,0,2025
2025-08-11 20:00:00,5619,3,0,20,0,6578.0,5976.0,535.0,31,11,0,0,0,0,0,0,3075.028746359443,0,2025
2025-08-11 21:00:00,5559,3,0,21,0,5905.0,6713.0,994.0,31,11,0,0,0,0,0,0,3074.7420477531355,0,2025
2025-08-11 22:00:00,4355,3,0,22,0,5627.0,7336.0,2085.0,31,11,0,0,0,0,0,0,3074.4549441129693,0,2025
2025-08-11 23:00:00,3069,3,0,23,0,4175.0,7290.0,3409.0,31,11,0,0,0,0,0,0,3074.2044438437038,0,2025
2025-08-12 00:00:00,1664,3,0,0,0,2963.0,7406.0,4880.0,31,12,0,0,0,0,1,0,3074.0903088129503,0,2025
2025-08-12 01:00:00,767,3,0,1,0,1557.0,7337.0,4983.0,31,12,0,0,0,0,1,0,3074.239876100361,0,2025
2025-08-12 02:00:00,372,3,0,2,0,654.0,7760.0,4727.0,31,12,0,0,0,0,1,0,3074.6202198777323,0,2025
2025-08-12 03:00:00,290,3,0,3,0,261.0,6578.0,5130.0,31,12,0,0,0,0,1,0,3075.1172865564104,0,2025
2025-08-12 04:00:00,383,3,0,4,0,207.0,5905.0,5519.0,31,12,0,0,0,0,1,0,3075.63929013252,0,2025
2025-08-12 05:00:00,855,3,0,5,0,278.0,5627.0,5896.0,31,12,0,0,0,0,1,0,3076.1318394163804,0,2025
2025-08-12 06:00:00,2149,3,0,6,0,629.0,4175.0,6187.0,31,12,0,0,0,0,1,0,3076.4854805377568,0,2025
2025-08-12 07:00:00,3829,3,0,7,0,1643.0,2963.0,6224.0,31,12,0,0,0,0,1,0,3076.5288606693694,0,2025
2025-08-12 08:00:00,5494,3,0,8,0,3145.0,1557.0,6251.0,31,12,0,0,0,0,1,0,3076.3214279173512,0,2025
2025-08-12 09:00:00,5842,3,0,9,0,4549.0,654.0,6846.0,31,12,0,0,0,0,1,0,3076.034505282381,0,2025
2025-08-12 10:00:00,5487,3,0,10,0,5466.0,261.0,6864.0,31,12,0,0,0,0,1,0,3075.752281013083,0,2025
2025-08-12 11:00:00,5795,3,0,11,0,5839.0,207.0,5871.0,31,12,0,0,0,0,1,0,3075.465500746753,0,2025
2025-08-12 12:00:00,6299,3,0,12,0,6409.0,278.0,5619.0,31,12,0,0,0,0,1,0,3075.182381553757,0,2025
2025-08-12 13:00:00,6452,3,0,13,0,6902.0,629.0,5559.0,31,12,0,0,0,0,1,0,3074.9176013799893,0,2025
2025-08-12 14:00:00,6914,3,0,14,0,7364.0,1643.0,4355.0,31,12,0,0,0,0,1,0,3074.661476742163,0,2025
2025-08-12 15:00:00,6859,3,0,15,0,7956.0,3145.0,3069.0,31,12,0,0,0,0,1,0,3074.439948293493,0,2025
2025-08-12 16:00:00,7206,3,0,16,0,7840.0,4549.0,1664.0,31,12,0,0,0,0,1,0,3074.213674280073,0,2025
2025-08-12 17:00:00,8198,3,0,17,0,8004.0,5466.0,767.0,31,12,0,0,0,0,1,0,3074.020713719909,0,2025
2025-08-12 18:00:00,8631,3,0,18,0,8380.0,5839.0,372.0,31,12,0,0,0,0,1,0,3073.9630854659554,0,2025
2025-08-12 19:00:00,6844,3,0,19,0,8962.0,6409.0,290.0,31,12,0,0,0,0,1,0,3073.983113892547,0,2025
2025-08-12 20:00:00,6759,3,0,20,0,7581.0,6902.0,383.0,31,12,0,0,0,0,1,0,3073.7556437684257,0,2025
2025-08-12 21:00:00,7296,3,0,21,0,7280.0,7364.0,855.0,31,12,0,0,0,0,1,0,3073.5212728670936,0,2025
2025-08-12 22:00:00,6355,3,0,22,0,7358.0,7956.0,2149.0,31,12,0,0,0,0,1,0,3073.338174559075,0,2025
2025-08-12 23:00:00,3859,3,0,23,0,6090.0,7840.0,3829.0,31,12,0,0,0,0,1,0,3073.076874719839,0,2025
2025-08-13 00:00:00,2292,3,0,0,0,3459.0,8004.0,5494.0,31,13,0,0,0,0,2,0,3072.8678603622,0,2025
2025-08-13 01:00:00,1113,3,0,1,0,1902.0,8380.0,5842.0,31,13,0,0,0,0,2,0,3072.8843018492043,0,2025
2025-08-13 02:00:00,587,3,0,2,0,884.0,8962.0,5487.0,31,13,0,0,0,0,2,0,3073.168090036349,0,2025
2025-08-13 03:00:00,396,3,0,3,0,478.0,7581.0,5795.0,31,13,0,0,0,0,2,0,3073.5979183558634,0,2025
2025-08-13 04:00:00,470,3,0,4,0,250.0,7280.0,6299.0,31,13,0,0,0,0,2,0,3074.0845261453264,0,2025
2025-08-13 05:00:00,882,3,0,5,0,280.0,7358.0,6452.0,31,13,0,0,0,0,2,0,3074.548152907145,0,2025
2025-08-13 06:00:00,2103,3,0,6,0,702.0,6090.0,6914.0,31,13,0,0,0,0,2,0,3074.892455588983,0,2025
2025-08-13 07:00:00,3763,3,0,7,0,1744.0,3459.0,6859.0,31,13,0,0,0,0,2,0,3074.9446431283272,0,2025
2025-08-13 08:00:00,5661,3,0,8,0,3169.0,1902.0,7206.0,31,13,0,0,0,0,2,0,3074.744634990205,0,2025
2025-08-13 09:00:00,5974,3,0,9,0,4679.0,884.0,8198.0,31,13,0,0,0,0,2,0,3074.4604683212115,0,2025
2025-08-13 10:00:00,5903,3,0,10,0,5366.0,478.0,8631.0,31,13,0,0,0,0,2,0,3074.183395437594,0,2025
2025-08-13 11:00:00,6160,3,0,11,0,6097.0,250.0,6844.0,31,13,0,0,0,0,2,0,3073.9042878597675,0,2025
2025-08-13 12:00:00,6845,3,0,12,0,6619.0,280.0,6759.0,31,13,0,0,0,0,2,0,3073.634333219089,0,2025
2025-08-13 13:00:00,7232,3,0,13,0,7483.0,702.0,7296.0,31,13,0,0,0,0,2,0,3073.408114717546,0,2025
2025-08-13 14:00:00,7200,3,0,14,0,7957.0,1744.0,6355.0,31,13,0,0,0,0,2,0,3073.219124447829,0,2025
2025-08-13 15:00:00,6882,3,0,15,0,7999.0,3169.0,3859.0,31,13,0,0,0,0,2,0,3073.026740644892,0,2025
2025-08-13 16:00:00,8088,3,0,16,0,7790.0,4679.0,2292.0,31,13,0,0,0,0,2,0,3072.8038006233683,0,2025
2025-08-13 17:00:00,11288,3,0,17,0,9203.0,5366.0,1113.0,31,13,0,0,0,0,2,0,3072.729160719969,0,2025
2025-08-13 18:00:00,11858,3,0,18,0,11532.0,6097.0,587.0,31,13,0,0,0,0,2,0,3073.4729198998284,0,2025
2025-08-13 19:00:00,12620,3,0,19,0,11609.0,6619.0,396.0,31,13,0,0,0,0,2,0,3074.426285816516,0,2025
2025-08-13 20:00:00,8138,3,0,20,0,10595.0,7483.0,470.0,31,13,0,0,0,0,2,0,3075.6902362635124,0,2025
2025-08-13 21:00:00,7648,3,0,21,0,6624.0,7957.0,882.0,31,13,0,0,0,0,2,0,3075.622552737737,0,2025
2025-08-13 22:00:00,6451,3,0,22,0,6711.0,7999.0,2103.0,31,13,0,0,0,0,2,0,3075.482780390252,0,2025
2025-08-13 23:00:00,4446,3,0,23,0,5958.0,7790.0,3763.0,31,13,0,0,0,0,2,0,3075.227895375366,0,2025
2025-08-14 00:00:00,2941,3,0,0,0,4220.0,9203.0,5661.0,31,14,0,0,0,0,3,0,3074.973626095104,0,2025
2025-08-14 01:00:00,1911,3,0,1,0,2780.0,11532.0,5974.0,31,14,0,0,0,0,3,0,3074.878863190164,0,2025
2025-08-14 02:00:00,1038,3,0,2,0,1741.0,11609.0,5903.0,31,14,0,0,0,0,3,0,3074.9717282206107,0,2025
2025-08-14 03:00:00,610,3,0,3,0,914.0,10595.0,6160.0,31,14,0,0,0,0,3,0,3075.273392229955,0,2025
2025-08-14 04:00:00,551,3,0,4,0,514.0,6624.0,6845.0,31,14,0,0,0,0,3,0,3075.693846852894,0,2025
2025-08-14 05:00:00,980,3,0,5,0,398.0,6711.0,7232.0,31,14,0,0,0,0,3,0,3076.131107615704,0,2025
2025-08-14 06:00:00,2191,3,0,6,0,676.0,5958.0,7200.0,31,14,0,0,0,0,3,0,3076.447065983004,0,2025
2025-08-14 07:00:00,3940,3,0,7,0,1577.0,4220.0,6882.0,31,14,0,0,0,0,3,0,3076.4814503608254,0,2025
2025-08-14 08:00:00,5776,3,0,8,0,3085.0,2780.0,8088.0,31,14,0,0,0,0,3,0,3076.265268642368,0,2025
2025-08-14 09:00:00,5820,3,0,9,0,4612.0,1741.0,11288.0,31,14,0,0,0,0,3,0,3075.984081409728,0,2025
2025-08-14 10:00:00,5620,3,0,10,0,5378.0,914.0,11858.0,31,14,0,0,0,0,3,0,3075.703898054668,0,2025
2025-08-14 11:00:00,5832,3,0,11,0,5786.0,514.0,12620.0,31,14,0,0,0,0,3,0,3075.42051716228,0,2025
2025-08-14 12:00:00,6309,3,0,12,0,6231.0,398.0,8138.0,31,14,0,0,0,0,3,0,3075.140760793567,0,2025
2025-08-14 13:00:00,6741,3,0,13,0,7001.0,676.0,7648.0,31,14,0,0,0,0,3,0,3074.8789297492617,0,2025
2025-08-14 14:00:00,7080,3,0,14,0,7601.0,1577.0,6451.0,31,14,0,0,0,0,3,0,3074.6451194481747,0,2025
2025-08-14 15:00:00,7208,3,0,15,0,7901.0,3085.0,4446.0,31,14,0,0,0,0,3,0,3074.44113813,0,2025
2025-08-14 16:00:00,7306,3,0,16,0,7797.0,4612.0,2941.0,31,14,0,0,0,0,3,0,3074.2502243924914,0,2025
2025-08-14 17:00:00,8552,3,0,17,0,7903.0,5378.0,1911.0,31,14,0,0,0,0,3,0,3074.0699769761254,0,2025
2025-08-14 18:00:00,8635,3,0,18,0,8828.0,5786.0,1038.0,31,14,0,0,0,0,3,0,3074.075280087969,0,2025
2025-08-14 19:00:00,7117,3,0,19,0,8689.0,6231.0,610.0,31,14,0,0,0,0,3,0,3074.096138775019,0,2025
2025-08-14 20:00:00,6874,3,0,20,0,7658.0,7001.0,551.0,31,14,0,0,0,0,3,0,3073.895862702082,0,2025
2025-08-14 21:00:00,7268,3,0,21,0,7311.0,7601.0,980.0,31,14,0,0,0,0,3,0,3073.6730851806333,0,2025
2025-08-14 22:00:00,7436,3,0,22,0,7720.0,7901.0,2191.0,31,14,0,0,0,0,3,0,3073.4886585990457,0,2025
2025-08-14 23:00:00,5457,3,0,23,0,6764.0,7797.0,3940.0,31,14,0,0,0,0,3,0,3073.3234134633,0,2025
2025-08-15 00:00:00,3844,3,0,0,0,4982.0,7903.0,5776.0,31,15,0,0,0,0,4,0,3073.0400412340664,0,2025
2025-08-15 01:00:00,2342,3,0,1,0,3343.0,8828.0,5820.0,31,15,0,0,0,0,4,0,3072.8342513510875,0,2025
2025-08-15 02:00:00,1365,3,0,2,0,2049.0,8689.0,5620.0,31,15,0,0,0,0,4,0,3072.840938357561,0,2025
2025-08-15 03:00:00,919,3,0,3,0,1193.0,7658.0,5832.0,31,15,0,0,0,0,4,0,3073.058249259372,0,2025
2025-08-15 04:00:00,828,3,0,4,0,697.0,7311.0,6309.0,31,15,0,0,0,0,4,0,3073.3904524057966,0,2025
2025-08-15 05:00:00,1130,3,0,5,0,487.0,7720.0,6741.0,31,15,0,0,0,0,4,0,3073.7472221370654,0,2025
2025-08-15 06:00:00,1996,3,0,6,0,780.0,6764.0,7080.0,31,15,0,0,0,0,4,0,3074.0227257172173,0,2025
2025-08-15 07:00:00,3080,3,0,7,0,1511.0,4982.0,7208.0,31,15,0,0,0,0,4,0,3074.096419346138,0,2025
2025-08-15 08:00:00,4093,3,0,8,0,2501.0,3343.0,7306.0,31,15,0,0,0,0,4,0,3073.981127337463,0,2025
2025-08-15 09:00:00,4464,3,0,9,0,3527.0,2049.0,8552.0,31,15,0,0,0,0,4,0,3073.752998261426,0,2025
2025-08-15 10:00:00,4959,3,0,10,0,4238.0,1193.0,8635.0,31,15,0,0,0,0,4,0,3073.4989803497324,0,2025
2025-08-15 11:00:00,5378,3,0,11,0,5041.0,697.0,7117.0,31,15,0,0,0,0,4,0,3073.22326077091,0,2025
2025-08-15 12:00:00,6155,3,0,12,0,5616.0,487.0,6874.0,31,15,0,0,0,0,4,0,3072.9406600804173,0,2025
2025-08-15 13:00:00,6532,3,0,13,0,6154.0,780.0,7268.0,31,15,0,0,0,0,4,0,3072.673054205116,0,2025
2025-08-15 14:00:00,6998,3,0,14,0,6765.0,1511.0,7436.0,31,15,0,0,0,0,4,0,3072.425771519042,0,2025
2025-08-15 15:00:00,6957,3,0,15,0,7250.0,2501.0,5457.0,31,15,0,0,0,0,4,0,3072.2153282516056,0,2025
2025-08-15 16:00:00,6985,3,0,16,0,7351.0,3527.0,3844.0,31,15,0,0,0,0,4,0,3072.0011650900537,0,2025
2025-08-15 17:00:00,8055,3,0,17,0,7618.0,4238.0,2342.0,31,15,0,0,0,0,4,0,3071.789594333075,0,2025
2025-08-15 18:00:00,7806,3,0,18,0,8207.0,5041.0,1365.0,31,15,0,0,0,0,4,0,3071.7107585442955,0,2025
2025-08-15 19:00:00,7062,3,0,19,0,8315.0,5616.0,919.0,31,15,0,0,0,0,4,0,3071.594893573308,0,2025
2025-08-15 20:00:00,6514,3,0,20,0,7486.0,6154.0,828.0,31,15,0,0,0,0,4,0,3071.3906321340405,0,2025
2025-08-15 21:00:00,6524,3,0,21,0,6912.0,6765.0,1130.0,31,15,0,0,0,0,4,0,3071.142496703525,0,2025
2025-08-15 22:00:00,7149,3,0,22,0,6974.0,7250.0,1996.0,31,15,0,0,0,0,4,0,3070.8950600839653,0,2025
2025-08-15 23:00:00,7065,3,0,23,0,7229.0,7351.0,3080.0,31,15,0,0,0,0,4,0,3070.699545161065,0,2025
2025-08-16 00:00:00,6065,3,0,0,0,6143.0,7618.0,4093.0,31,16,0,0,0,0,5,0,3070.495731545584,0,2025
2025-08-16 01:00:00,4888,3,0,1,0,5245.0,8207.0,4464.0,31,16,0,0,0,0,5,0,3070.2252531753225,0,2025
2025-08-16 02:00:00,3752,3,0,2,0,4233.0,8315.0,4959.0,31,16,0,0,0,0,5,0,3069.95293098087,0,2025
2025-08-16 03:00:00,2333,3,0,3,0,3170.0,7486.0,5378.0,31,16,0,0,0,0,5,0,3069.7573402882117,0,2025
2025-08-16 04:00:00,1551,3,0,4,0,1854.0,6912.0,6155.0,31,16,0,0,0,0,5,0,3069.7658085749763,0,2025
2025-08-16 05:00:00,939,3,0,5,0,1026.0,6974.0,6532.0,31,16,0,0,0,0,5,0,3069.93796255216,0,2025
2025-08-16 06:00:00,1482,3,0,6,0,583.0,7229.0,6998.0,31,16,0,0,0,0,5,0,3070.263475946497,0,2025
2025-08-16 07:00:00,1760,3,0,7,0,948.0,6143.0,6957.0,31,16,0,0,0,0,5,0,3070.451280104869,0,2025
2025-08-16 08:00:00,2438,3,0,8,0,1381.0,5245.0,6985.0,31,16,0,0,0,0,5,0,3070.5753602551104,0,2025
2025-08-16 09:00:00,3640,3,0,9,0,2094.0,4233.0,8055.0,31,16,0,0,0,0,5,0,3070.5638412366843,0,2025
2025-08-16 10:00:00,4394,3,0,10,0,3277.0,3170.0,7806.0,31,16,0,0,0,0,5,0,3070.379673392901,0,2025
2025-08-16 11:00:00,5112,3,0,11,0,4413.0,1854.0,7062.0,31,16,0,0,0,0,5,0,3070.1313075939315,0,2025
2025-08-16 12:00:00,5638,3,0,12,0,5378.0,1026.0,6514.0,31,16,0,0,0,0,5,0,3069.853389088015,0,2025
2025-08-16 13:00:00,6218,3,0,13,0,5953.0,583.0,6524.0,31,16,0,0,0,0,5,0,3069.573374258516,0,2025
2025-08-16 14:00:00,6475,3,0,14,0,6678.0,948.0,7149.0,31,16,0,0,0,0,5,0,3069.310172372338,0,2025
2025-08-16 15:00:00,6853,3,0,15,0,6727.0,1381.0,7065.0,31,16,0,0,0,0,5,0,3069.060865706946,0,2025
2025-08-16 16:00:00,7194,3,0,16,0,7427.0,2094.0,6065.0,31,16,0,0,0,0,5,0,3068.839107746507,0,2025
2025-08-16 17:00:00,7450,3,0,17,0,7865.0,3277.0,4888.0,31,16,0,0,0,0,5,0,3068.64949359993,0,2025
2025-08-16 18:00:00,7924,3,0,18,0,8012.0,4413.0,3752.0,31,16,0,0,0,0,5,0,3068.48855056864,0,2025
2025-08-16 19:00:00,7316,3,0,19,0,8103.0,5378.0,2333.0,31,16,0,0,0,0,5,0,3068.3909511681904,0,2025
2025-08-16 20:00:00,6522,3,0,20,0,7862.0,5953.0,1551.0,31,16,0,0,0,0,5,0,3068.2145315555586,0,2025
2025-08-16 21:00:00,6550,3,0,21,0,7023.0,6678.0,939.0,31,16,0,0,0,0,5,0,3067.968438949208,0,2025
2025-08-16 22:00:00,7485,3,0,22,0,7141.0,6727.0,1482.0,31,16,0,0,0,0,5,0,3067.7242219275004,0,2025
2025-08-16 23:00:00,7386,3,0,23,0,7516.0,7427.0,1760.0,31,16,0,0,0,0,5,0,3067.567574690761,0,2025
2025-08-17 00:00:00,6947,3,0,0,0,6375.0,7865.0,2438.0,31,17,0,0,0,0,6,0,3067.3992034802977,0,2025
2025-08-17 01:00:00,5620,3,0,1,0,5678.0,8012.0,3640.0,31,17,0,0,0,0,6,0,3067.1858878081075,0,2025
2025-08-17 02:00:00,4127,3,0,2,0,4329.0,8103.0,4394.0,31,17,0,0,0,0,6,0,3066.906548345494,0,2025
2025-08-17 03:00:00,2816,3,0,3,0,3044.0,7862.0,5112.0,31,17,0,0,0,0,6,0,3066.6783486948693,0,2025
2025-08-17 04:00:00,2001,3,0,4,0,2042.0,7023.0,5638.0,31,17,0,0,0,0,6,0,3066.604466240753,0,2025
2025-08-17 05:00:00,992,3,0,5,0,1239.0,7141.0,6218.0,31,17,0,0,0,0,6,0,3066.6779753455376,0,2025
2025-08-17 06:00:00,1233,3,0,6,0,634.0,7516.0,6475.0,31,17,0,0,0,0,6,0,3066.9885513220665,0,2025
2025-08-17 07:00:00,1552,3,0,7,0,910.0,6375.0,6853.0,31,17,0,0,0,0,6,0,3067.236628435044,0,2025
2025-08-17 08:00:00,2148,3,0,8,0,1306.0,5678.0,7194.0,31,17,0,0,0,0,6,0,3067.4075005134823,0,2025
2025-08-17 09:00:00,3634,3,0,9,0,2064.0,4329.0,7450.0,31,17,0,0,0,0,6,0,3067.450730072302,0,2025
2025-08-17 10:00:00,4639,3,0,10,0,3357.0,3044.0,7924.0,31,17,0,0,0,0,6,0,3067.268256935133,0,2025
2025-08-17 11:00:00,5528,3,0,11,0,4544.0,2042.0,7316.0,31,17,0,0,0,0,6,0,3067.007714186946,0,2025
2025-08-17 12:00:00,6189,3,0,12,0,5365.0,1239.0,6522.0,31,17,0,0,0,0,6,0,3066.728232740407,0,2025
2025-08-17 13:00:00,6625,3,0,13,0,6086.0,634.0,6550.0,31,17,0,0,0,0,6,0,3066.465155004862,0,2025
2025-08-17 14:00:00,6890,3,0,14,0,6455.0,910.0,7485.0,31,17,0,0,0,0,6,0,3066.2271264743267,0,2025
2025-08-17 15:00:00,6630,3,0,15,0,7074.0,1306.0,7386.0,31,17,0,0,0,0,6,0,3066.0098510744406,0,2025
2025-08-17 16:00:00,6569,3,0,16,0,7130.0,2064.0,6947.0,31,17,0,0,0,0,6,0,3065.7722751325846,0,2025
2025-08-17 17:00:00,7070,3,0,17,0,7192.0,3357.0,5620.0,31,17,0,0,0,0,6,0,3065.530562766035,0,2025
2025-08-17 18:00:00,9393,3,0,18,0,7701.0,4544.0,4127.0,31,17,0,0,0,0,6,0,3065.3298531754185,0,2025
2025-08-17 19:00:00,6390,3,0,19,0,8595.0,5365.0,2816.0,31,17,0,0,0,0,6,0,3065.5138360529386,0,2025
2025-08-17 20:00:00,5418,3,0,20,0,6100.0,6086.0,2001.0,31,17,0,0,0,0,6,0,3065.261202144257,0,2025
2025-08-17 21:00:00,4946,3,0,21,0,5394.0,6455.0,992.0,31,17,0,0,0,0,6,0,3064.9821454945422,0,2025
2025-08-17 22:00:00,4439,3,0,22,0,4906.0,7074.0,1233.0,31,17,0,0,0,0,6,0,3064.7105449447813,0,2025
2025-08-17 23:00:00,3407,3,0,23,0,4041.0,7130.0,1552.0,31,17,0,0,0,0,6,0,3064.461678198017,0,2025
2025-08-18 00:00:00,2031,3,0,0,0,3012.0,7192.0,2148.0,31,18,0,0,0,0,0,0,3064.3061358053837,0,2025
2025-08-18 01:00:00,1473,3,0,1,0,1764.0,7701.0,3634.0,31,18,0,0,0,0,0,0,3064.37325176,0,2025
2025-08-18 02:00:00,587,3,0,2,0,1468.0,8595.0,4639.0,31,18,0,0,0,0,0,0,3064.562489078074,0,2025
2025-08-18 03:00:00,372,3,0,3,0,546.0,6100.0,5528.0,31,18,0,0,0,0,0,0,3064.983481643824,0,2025
2025-08-18 04:00:00,507,3,0,4,0,268.0,5394.0,6189.0,31,18,0,0,0,0,0,0,3065.4672965140785,0,2025
2025-08-18 05:00:00,949,3,0,5,0,343.0,4906.0,6625.0,31,18,0,0,0,0,0,0,3065.910544203284,0,2025
2025-08-18 06:00:00,2112,3,0,6,0,667.0,4041.0,6890.0,31,18,0,0,0,0,0,0,3066.2298387537344,0,2025
2025-08-18 07:00:00,3465,3,0,7,0,1594.0,3012.0,6630.0,31,18,0,0,0,0,0,0,3066.2793383973685,0,2025
2025-08-18 08:00:00,4782,3,0,8,0,2766.0,1764.0,6569.0,31,18,0,0,0,0,0,0,3066.1161955900448,0,2025
2025-08-18 09:00:00,4833,3,0,9,0,4100.0,1468.0,7070.0,31,18,0,0,0,0,0,0,3065.8504272604405,0,2025
2025-08-18 10:00:00,4625,3,0,10,0,4566.0,546.0,9393.0,31,18,0,0,0,0,0,0,3065.582820739551,0,2025
2025-08-18 11:00:00,4647,3,0,11,0,4800.0,268.0,6390.0,31,18,0,0,0,0,0,0,3065.3240271704453,0,2025
2025-08-18 12:00:00,5336,3,0,12,0,5060.0,343.0,5418.0,31,18,0,0,0,0,0,0,3065.064252978866,0,2025
2025-08-18 13:00:00,5369,3,0,13,0,5810.0,667.0,4946.0,31,18,0,0,0,0,0,0,3064.786312591464,0,2025
2025-08-18 14:00:00,5890,3,0,14,0,6004.0,1594.0,4439.0,31,18,0,0,0,0,0,0,3064.508280212944,0,2025
2025-08-18 15:00:00,6398,3,0,15,0,6669.0,2766.0,3407.0,31,18,0,0,0,0,0,0,3064.236224301781,0,2025
2025-08-18 16:00:00,6121,3,0,16,0,7088.0,4100.0,2031.0,31,18,0,0,0,0,0,0,3063.985467194731,0,2025
2025-08-18 17:00:00,6672,3,0,17,0,6881.0,4566.0,1473.0,31,18,0,0,0,0,0,0,3063.721306260837,0,2025
2025-08-18 18:00:00,6354,3,0,18,0,7186.0,4800.0,587.0,31,18,0,0,0,0,0,0,3063.488458526854,0,2025
2025-08-18 19:00:00,5487,3,0,19,0,6893.0,5060.0,372.0,31,18,0,0,0,0,0,0,3063.2354418575733,0,2025
2025-08-18 20:00:00,5179,3,0,20,0,6167.0,5810.0,507.0,31,18,0,0,0,0,0,0,3062.9577788926576,0,2025
2025-08-18 21:00:00,4845,3,0,21,0,5733.0,6004.0,949.0,31,18,0,0,0,0,0,0,3062.682123931995,0,2025
2025-08-18 22:00:00,4114,3,0,22,0,5136.0,6669.0,2112.0,31,18,0,0,0,0,0,0,3062.414982528157,0,2025
2025-08-18 23:00:00,2637,3,0,23,0,4124.0,7088.0,3465.0,31,18,0,0,0,0,0,0,3062.189407290796,0,2025
2025-08-19 00:00:00,1628,3,0,0,0,2590.0,6881.0,4782.0,31,19,0,0,0,0,1,0,3062.1441608723253,0,2025
2025-08-19 01:00:00,999,3,0,1,0,1390.0,7186.0,4833.0,31,19,0,0,0,0,1,0,3062.2961303624224,0,2025
2025-08-19 02:00:00,479,3,0,2,0,909.0,6893.0,4625.0,31,19,0,0,0,0,1,0,3062.601267688802,0,2025
2025-08-19 03:00:00,311,3,0,3,0,375.0,6167.0,4647.0,31,19,0,0,0,0,1,0,3063.05045165866,0,2025
2025-08-19 04:00:00,433,3,0,4,0,168.0,5733.0,5336.0,31,19,0,0,0,0,1,0,3063.5491853611447,0,2025
2025-08-19 05:00:00,863,3,0,5,0,274.0,5136.0,5369.0,31,19,0,0,0,0,1,0,3064.010890670665,0,2025
2025-08-19 06:00:00,1952,3,0,6,0,685.0,4124.0,5890.0,31,19,0,0,0,0,1,0,3064.3505648417427,0,2025
2025-08-19 07:00:00,3565,3,0,7,0,1625.0,2590.0,6398.0,31,19,0,0,0,0,1,0,3064.431035853744,0,2025
2025-08-19 08:00:00,5322,3,0,8,0,2978.0,1390.0,6121.0,31,19,0,0,0,0,1,0,3064.25673725796,0,2025
2025-08-19 09:00:00,5832,3,0,9,0,4607.0,909.0,6672.0,31,19,0,0,0,0,1,0,3063.979924661101,0,2025
2025-08-19 10:00:00,5009,3,0,10,0,5500.0,375.0,6354.0,31,19,0,0,0,0,1,0,3063.707549610276,0,2025
2025-08-19 11:00:00,5302,3,0,11,0,5088.0,168.0,5487.0,31,19,0,0,0,0,1,0,3063.4358129214743,0,2025
2025-08-19 12:00:00,5737,3,0,12,0,5695.0,274.0,5179.0,31,19,0,0,0,0,1,0,3063.1593663433546,0,2025
2025-08-19 13:00:00,5933,3,0,13,0,6125.0,685.0,4845.0,31,19,0,0,0,0,1,0,3062.885239343017,0,2025
2025-08-19 14:00:00,6466,3,0,14,0,6634.0,1625.0,4114.0,31,19,0,0,0,0,1,0,3062.6158451952483,0,2025
2025-08-19 15:00:00,6355,3,0,15,0,7237.0,2978.0,2637.0,31,19,0,0,0,0,1,0,3062.3706501069314,0,2025
2025-08-19 16:00:00,6568,3,0,16,0,7098.0,4607.0,1628.0,31,19,0,0,0,0,1,0,3062.119107941026,0,2025
2025-08-19 17:00:00,7496,3,0,17,0,7493.0,5500.0,999.0,31,19,0,0,0,0,1,0,3061.880554391451,0,2025
2025-08-19 18:00:00,7643,3,0,18,0,7929.0,5088.0,479.0,31,19,0,0,0,0,1,0,3061.7295833473327,0,2025
2025-08-19 19:00:00,6497,3,0,19,0,8338.0,5695.0,311.0,31,19,0,0,0,0,1,0,3061.597133033244,0,2025
2025-08-19 20:00:00,6610,3,0,20,0,7025.0,6125.0,433.0,31,19,0,0,0,0,1,0,3061.3540962504726,0,2025
2025-08-19 21:00:00,6850,3,0,21,0,7056.0,6634.0,863.0,31,19,0,0,0,0,1,0,3061.1185759953905,0,2025
2025-08-19 22:00:00,5644,3,0,22,0,7062.0,7237.0,1952.0,31,19,0,0,0,0,1,0,3060.9014448180005,0,2025
2025-08-19 23:00:00,3553,3,0,23,0,5398.0,7098.0,3565.0,31,19,0,0,0,0,1,0,3060.6265748740493,0,2025
2025-08-20 00:00:00,1921,3,0,0,0,3205.0,7493.0,5322.0,31,20,0,0,0,0,2,0,3060.454773353013,0,2025
2025-08-20 01:00:00,935,3,0,1,0,1768.0,7929.0,5832.0,31,20,0,0,0,0,2,0,3060.54234508793,0,2025
2025-08-20 02:00:00,555,3,0,2,0,858.0,8338.0,5009.0,31,20,0,0,0,0,2,0,3060.862399578733,0,2025
2025-08-20 03:00:00,350,3,0,3,0,457.0,7025.0,5302.0,31,20,0,0,0,0,2,0,3061.286987679679,0,2025
2025-08-20 04:00:00,437,3,0,4,0,285.0,7056.0,5737.0,31,20,0,0,0,0,2,0,3061.77120056943,0,2025
2025-08-20 05:00:00,886,3,0,5,0,294.0,7062.0,5933.0,31,20,0,0,0,0,2,0,3062.229098651136,0,2025
2025-08-20 06:00:00,2149,3,0,6,0,627.0,5398.0,6466.0,31,20,0,0,0,0,2,0,3062.5605431790336,0,2025
2025-08-20 07:00:00,3580,3,0,7,0,1647.0,3205.0,6355.0,31,20,0,0,0,0,2,0,3062.6010402190745,0,2025
2025-08-20 08:00:00,5283,3,0,8,0,2974.0,1768.0,6568.0,31,20,0,0,0,0,2,0,3062.425634242798,0,2025
2025-08-20 09:00:00,6322,3,0,9,0,4461.0,858.0,7496.0,31,20,0,0,0,0,2,0,3062.150445236662,0,2025
2025-08-20 10:00:00,5709,3,0,10,0,5992.0,457.0,7643.0,31,20,0,0,0,0,2,0,3061.8982128806697,0,2025
2025-08-20 11:00:00,5639,3,0,11,0,6030.0,285.0,6497.0,31,20,0,0,0,0,2,0,3061.624871612465,0,2025
2025-08-20 12:00:00,6475,3,0,12,0,6318.0,294.0,6610.0,31,20,0,0,0,0,2,0,3061.350591877825,0,2025
2025-08-20 13:00:00,7319,3,0,13,0,7358.0,627.0,6850.0,31,20,0,0,0,0,2,0,3061.1072878130285,0,2025
2025-08-20 14:00:00,7807,3,0,14,0,8126.0,1647.0,5644.0,31,20,0,0,0,0,2,0,3060.9368979962437,0,2025
2025-08-20 15:00:00,7518,3,0,15,0,8507.0,2974.0,3553.0,31,20,0,0,0,0,2,0,3060.827733801926,0,2025
2025-08-20 16:00:00,8726,3,0,16,0,8287.0,4461.0,1921.0,31,20,0,0,0,0,2,0,3060.6806177818216,0,2025
2025-08-20 17:00:00,10550,3,0,17,0,9163.0,5992.0,935.0,31,20,0,0,0,0,2,0,3060.724596889254,0,2025
2025-08-20 18:00:00,11225,3,0,18,0,10354.0,6030.0,555.0,31,20,0,0,0,0,2,0,3061.2192530490106,0,2025
2025-08-20 19:00:00,9254,3,0,19,0,10275.0,6318.0,350.0,31,20,0,0,0,0,2,0,3061.929608606972,0,2025
2025-08-20 20:00:00,8895,3,0,20,0,8999.0,7358.0,437.0,31,20,0,0,0,0,2,0,3062.0830905927664,0,2025
2025-08-20 21:00:00,9839,3,0,21,0,7794.0,8126.0,886.0,31,20,0,0,0,0,2,0,3062.1596371145947,0,2025
2025-08-20 22:00:00,6719,3,0,22,0,8321.0,8507.0,2149.0,31,20,0,0,0,0,2,0,3062.453880486365,0,2025
2025-08-20 23:00:00,4089,3,0,23,0,6171.0,8287.0,3580.0,31,20,0,0,0,0,2,0,3062.22717935278,0,2025
2025-08-21 00:00:00,2567,3,0,0,0,3732.0,9163.0,5283.0,31,21,0,0,0,0,3,0,3062.005221329313,0,2025
2025-08-21 01:00:00,1348,3,0,1,0,2284.0,10354.0,6322.0,31,21,0,0,0,0,3,0,3061.971304126787,0,2025
2025-08-21 02:00:00,773,3,0,2,0,1164.0,10275.0,5709.0,31,21,0,0,0,0,3,0,3062.1857612967187,0,2025
2025-08-21 03:00:00,494,3,0,3,0,684.0,8999.0,5639.0,31,21,0,0,0,0,3,0,3062.5473134279787,0,2025
2025-08-21 04:00:00,513,3,0,4,0,373.0,7794.0,6475.0,31,21,0,0,0,0,3,0,3062.9869104988397,0,2025
2025-08-21 05:00:00,955,3,0,5,0,293.0,8321.0,7319.0,31,21,0,0,0,0,3,0,3063.4205463544367,0,2025
2025-08-21 06:00:00,2232,3,0,6,0,727.0,6171.0,7807.0,31,21,0,0,0,0,3,0,3063.732160859368,0,2025
2025-08-21 07:00:00,3778,3,0,7,0,1680.0,3732.0,7518.0,31,21,0,0,0,0,3,0,3063.756637572434,0,2025
2025-08-21 08:00:00,5449,3,0,8,0,3019.0,2284.0,8726.0,31,21,0,0,0,0,3,0,3063.5616307697937,0,2025
2025-08-21 09:00:00,5478,3,0,9,0,4525.0,1164.0,10550.0,31,21,0,0,0,0,3,0,3063.286920929034,0,2025
2025-08-21 10:00:00,5519,3,0,10,0,5178.0,684.0,11225.0,31,21,0,0,0,0,3,0,3063.012344081407,0,2025
2025-08-21 11:00:00,5747,3,0,11,0,5611.0,373.0,9254.0,31,21,0,0,0,0,3,0,3062.738008573113,0,2025
2025-08-21 12:00:00,5932,3,0,12,0,6122.0,293.0,8895.0,31,21,0,0,0,0,3,0,3062.46647255964,0,2025
2025-08-21 13:00:00,6423,3,0,13,0,6463.0,727.0,9839.0,31,21,0,0,0,0,3,0,3062.1994549994474,0,2025
2025-08-21 14:00:00,6394,3,0,14,0,7233.0,1680.0,6719.0,31,21,0,0,0,0,3,0,3061.954013898636,0,2025
2025-08-21 15:00:00,6562,3,0,15,0,7292.0,3019.0,4089.0,31,21,0,0,0,0,3,0,3061.706968992464,0,2025
2025-08-21 16:00:00,7018,3,0,16,0,7440.0,4525.0,2567.0,31,21,0,0,0,0,3,0,3061.4702897838847,0,2025
2025-08-21 17:00:00,7630,3,0,17,0,8096.0,5178.0,1348.0,31,21,0,0,0,0,3,0,3061.269952374054,0,2025
2025-08-21 18:00:00,7951,3,0,18,0,8439.0,5611.0,773.0,31,21,0,0,0,0,3,0,3061.13744630384,0,2025
2025-08-21 19:00:00,6716,3,0,19,0,8603.0,6122.0,494.0,31,21,0,0,0,0,3,0,3061.04923581084,0,2025
2025-08-21 20:00:00,6452,3,0,20,0,7288.0,6463.0,513.0,31,21,0,0,0,0,3,0,3060.8235856149345,0,2025
2025-08-21 21:00:00,6627,3,0,21,0,6923.0,7233.0,955.0,31,21,0,0,0,0,3,0,3060.5801837668373,0,2025
2025-08-21 22:00:00,6799,3,0,22,0,7140.0,7292.0,2232.0,31,21,0,0,0,0,3,0,3060.3481787707465,0,2025
2025-08-21 23:00:00,5175,3,0,23,0,6637.0,7440.0,3778.0,31,21,0,0,0,0,3,0,3060.12911072193,0,2025
2025-08-22 00:00:00,3311,3,0,0,0,4894.0,8096.0,5449.0,31,22,0,0,0,0,4,0,3059.85735395763,0,2025
2025-08-22 01:00:00,2048,3,0,1,0,3042.0,8439.0,5478.0,31,22,0,0,0,0,4,0,3059.715112003472,0,2025
2025-08-22 02:00:00,1172,3,0,2,0,1980.0,8603.0,5519.0,31,22,0,0,0,0,4,0,3059.775902805557,0,2025
2025-08-22 03:00:00,828,3,0,3,0,1115.0,7288.0,5747.0,31,22,0,0,0,0,4,0,3060.0320291606395,0,2025
2025-08-22 04:00:00,723,3,0,4,0,710.0,6923.0,5932.0,31,22,0,0,0,0,4,0,3060.3768303539778,0,2025
2025-08-22 05:00:00,1063,3,0,5,0,481.0,7140.0,6423.0,31,22,0,0,0,0,4,0,3060.74976988914,0,2025
2025-08-22 06:00:00,2061,3,0,6,0,741.0,6637.0,6394.0,31,22,0,0,0,0,4,0,3061.03232026674,0,2025
2025-08-22 07:00:00,3066,3,0,7,0,1540.0,4894.0,6562.0,31,22,0,0,0,0,4,0,3061.089485922261,0,2025
2025-08-22 08:00:00,3981,3,0,8,0,2470.0,3042.0,7018.0,31,22,0,0,0,0,4,0,3060.978655745368,0,2025
2025-08-22 09:00:00,4495,3,0,9,0,3445.0,1980.0,7630.0,31,22,0,0,0,0,4,0,3060.766253904041,0,2025
2025-08-22 10:00:00,4757,3,0,10,0,4362.0,1115.0,7951.0,31,22,0,0,0,0,4,0,3060.5182792459177,0,2025
2025-08-22 11:00:00,5182,3,0,11,0,5149.0,710.0,6716.0,31,22,0,0,0,0,4,0,3060.258144286568,0,2025
2025-08-22 12:00:00,5734,3,0,12,0,5691.0,481.0,6452.0,31,22,0,0,0,0,4,0,3059.986771366397,0,2025
2025-08-22 13:00:00,5995,3,0,13,0,6152.0,741.0,6627.0,31,22,0,0,0,0,4,0,3059.716514751929,0,2025
2025-08-22 14:00:00,6578,3,0,14,0,6504.0,1540.0,6799.0,31,22,0,0,0,0,4,0,3059.453008455745,0,2025
2025-08-22 15:00:00,6920,3,0,15,0,7176.0,2470.0,5175.0,31,22,0,0,0,0,4,0,3059.2188266598787,0,2025
2025-08-22 16:00:00,6847,3,0,16,0,7548.0,3445.0,3311.0,31,22,0,0,0,0,4,0,3059.0110735983912,0,2025
2025-08-22 17:00:00,7630,3,0,17,0,7625.0,4362.0,2048.0,31,22,0,0,0,0,4,0,3058.797156660913,0,2025
2025-08-22 18:00:00,8318,3,0,18,0,7812.0,5149.0,1172.0,31,22,0,0,0,0,4,0,3058.6659684951583,0,2025
2025-08-22 19:00:00,7043,3,0,19,0,8913.0,5691.0,828.0,31,22,0,0,0,0,4,0,3058.636884869484,0,2025
2025-08-22 20:00:00,6236,3,0,20,0,7825.0,6152.0,723.0,31,22,0,0,0,0,4,0,3058.4403572565147,0,2025
2025-08-22 21:00:00,6134,3,0,21,0,7097.0,6504.0,1063.0,31,22,0,0,0,0,4,0,3058.1868877102743,0,2025
2025-08-22 22:00:00,6682,3,0,22,0,7015.0,7176.0,2061.0,31,22,0,0,0,0,4,0,3057.928981651572,0,2025
2025-08-22 23:00:00,6981,3,0,23,0,7238.0,7548.0,3066.0,31,22,0,0,0,0,4,0,3057.702423278456,0,2025
2025-08-23 00:00:00,6241,3,0,0,0,6743.0,7625.0,3981.0,31,23,0,0,0,0,5,0,3057.500349689402,0,2025
2025-08-23 01:00:00,5124,3,0,1,0,5299.0,7812.0,4495.0,31,23,0,0,0,0,5,0,3057.2473498833497,0,2025
2025-08-23 02:00:00,3833,3,0,2,0,4341.0,8913.0,4757.0,31,23,0,0,0,0,5,0,3056.977895760744,0,2025
2025-08-23 03:00:00,2562,3,0,3,0,3103.0,7825.0,5182.0,31,23,0,0,0,0,5,0,3056.779918263691,0,2025
2025-08-23 04:00:00,1586,3,0,4,0,2034.0,7097.0,5734.0,31,23,0,0,0,0,5,0,3056.7470182293982,0,2025
2025-08-23 05:00:00,961,3,0,5,0,996.0,7015.0,5995.0,31,23,0,0,0,0,5,0,3056.9045434860905,0,2025
2025-08-23 06:00:00,1424,3,0,6,0,529.0,7238.0,6578.0,31,23,0,0,0,0,5,0,3057.2128913766805,0,2025
2025-08-23 07:00:00,1841,3,0,7,0,950.0,6743.0,6920.0,31,23,0,0,0,0,5,0,3057.4068739187987,0,2025
2025-08-23 08:00:00,2487,3,0,8,0,1419.0,5299.0,6847.0,31,23,0,0,0,0,5,0,3057.508627911281,0,2025
2025-08-23 09:00:00,3695,3,0,9,0,2208.0,4341.0,7630.0,31,23,0,0,0,0,5,0,3057.487727859253,0,2025
2025-08-23 10:00:00,4602,3,0,10,0,3288.0,3103.0,8318.0,31,23,0,0,0,0,5,0,3057.302876459501,0,2025
2025-08-23 11:00:00,5733,3,0,11,0,4597.0,2034.0,7043.0,31,23,0,0,0,0,5,0,3057.050794454314,0,2025
2025-08-23 12:00:00,6462,3,0,12,0,5878.0,996.0,6236.0,31,23,0,0,0,0,5,0,3056.781917917983,0,2025
2025-08-23 13:00:00,6513,3,0,13,0,6581.0,529.0,6134.0,31,23,0,0,0,0,5,0,3056.5416509550023,0,2025
2025-08-23 14:00:00,6670,3,0,14,0,6984.0,950.0,6682.0,31,23,0,0,0,0,5,0,3056.304591060772,0,2025
2025-08-23 15:00:00,6704,3,0,15,0,7364.0,1419.0,6981.0,31,23,0,0,0,0,5,0,3056.07823312747,0,2025
2025-08-23 16:00:00,7356,3,0,16,0,7605.0,2208.0,6241.0,31,23,0,0,0,0,5,0,3055.85441682192,0,2025
2025-08-23 17:00:00,7745,3,0,17,0,8237.0,3288.0,5124.0,31,23,0,0,0,0,5,0,3055.69145132428,0,2025
2025-08-23 18:00:00,8169,3,0,18,0,8612.0,4597.0,3833.0,31,23,0,0,0,0,5,0,3055.5765227656498,0,2025
2025-08-23 19:00:00,7763,3,0,19,0,8663.0,5878.0,2562.0,31,23,0,0,0,0,5,0,3055.523914547455,0,2025
2025-08-23 20:00:00,7145,3,0,20,0,8348.0,6581.0,1586.0,31,23,0,0,0,0,5,0,3055.411362569849,0,2025
2025-08-23 21:00:00,6878,3,0,21,0,7509.0,6984.0,961.0,31,23,0,0,0,0,5,0,3055.226034635245,0,2025
2025-08-23 22:00:00,7412,3,0,22,0,7208.0,7364.0,1424.0,31,23,0,0,0,0,5,0,3055.0161648680164,0,2025
2025-08-23 23:00:00,7780,3,0,23,0,7361.0,7605.0,1841.0,31,23,0,0,0,0,5,0,3054.8595901861427,0,2025
2025-08-24 00:00:00,6848,3,0,0,0,6875.0,8237.0,2487.0,31,24,0,0,0,0,6,0,3054.74934424205,0,2025
2025-08-24 01:00:00,5469,3,0,1,0,5805.0,8612.0,3695.0,31,24,0,0,0,0,6,0,3054.5370526290862,0,2025
2025-08-24 02:00:00,4103,3,0,2,0,4532.0,8663.0,4602.0,31,24,0,0,0,0,6,0,3054.2663450634013,0,2025
2025-08-24 03:00:00,2934,3,0,3,0,3204.0,8348.0,5733.0,31,24,0,0,0,0,6,0,3054.0465984289112,0,2025
2025-08-24 04:00:00,1927,3,0,4,0,2152.0,7509.0,6462.0,31,24,0,0,0,0,6,0,3053.95638899736,0,2025
2025-08-24 05:00:00,1064,3,0,5,0,1154.0,7208.0,6513.0,31,24,0,0,0,0,6,0,3054.0411975410934,0,2025
2025-08-24 06:00:00,1330,3,0,6,0,680.0,7361.0,6670.0,31,24,0,0,0,0,6,0,3054.3225901470605,0,2025
2025-08-24 07:00:00,1581,3,0,7,0,867.0,6875.0,6704.0,31,24,0,0,0,0,6,0,3054.538446808524,0,2025
2025-08-24 08:00:00,2328,3,0,8,0,1370.0,5805.0,7356.0,31,24,0,0,0,0,6,0,3054.696287429088,0,2025
2025-08-24 09:00:00,3761,3,0,9,0,2209.0,4532.0,7745.0,31,24,0,0,0,0,6,0,3054.703700104349,0,2025
2025-08-24 10:00:00,4803,3,0,10,0,3698.0,3204.0,8169.0,31,24,0,0,0,0,6,0,3054.5134384103008,0,2025
2025-08-24 11:00:00,5440,3,0,11,0,4580.0,2152.0,7763.0,31,24,0,0,0,0,6,0,3054.254276962468,0,2025
2025-08-24 12:00:00,5977,3,0,12,0,5587.0,1154.0,7145.0,31,24,0,0,0,0,6,0,3053.9840326361737,0,2025
2025-08-24 13:00:00,6174,3,0,13,0,6099.0,680.0,6878.0,31,24,0,0,0,0,6,0,3053.722722436024,0,2025
2025-08-24 14:00:00,6653,3,0,14,0,6604.0,867.0,7412.0,31,24,0,0,0,0,6,0,3053.4689167505167,0,2025
2025-08-24 15:00:00,6500,3,0,15,0,7088.0,1370.0,7780.0,31,24,0,0,0,0,6,0,3053.242629633529,0,2025
2025-08-24 16:00:00,6598,3,0,16,0,7130.0,2209.0,6848.0,31,24,0,0,0,0,6,0,3053.006179163724,0,2025
2025-08-24 17:00:00,6803,3,0,17,0,7381.0,3698.0,5469.0,31,24,0,0,0,0,6,0,3052.7761648455,0,2025
2025-08-24 18:00:00,6627,3,0,18,0,7360.0,4580.0,4103.0,31,24,0,0,0,0,6,0,3052.561346328508,0,2025
2025-08-24 19:00:00,5874,3,0,19,0,6801.0,5587.0,2934.0,31,24,0,0,0,0,6,0,3052.3334220092065,0,2025
2025-08-24 20:00:00,5670,3,0,20,0,6154.0,6099.0,1927.0,31,24,0,0,0,0,6,0,3052.0695592671104,0,2025
2025-08-24 21:00:00,5179,3,0,21,0,5950.0,6604.0,1064.0,31,24,0,0,0,0,6,0,3051.801667317437,0,2025
2025-08-24 22:00:00,4816,3,0,22,0,5244.0,7088.0,1330.0,31,24,0,0,0,0,6,0,3051.5338609305663,0,2025
2025-08-24 23:00:00,3857,3,0,23,0,4407.0,7130.0,1581.0,31,24,0,0,0,0,6,0,3051.2751055386625,0,2025
2025-08-25 00:00:00,2242,3,0,0,0,3395.0,7381.0,2328.0,31,25,0,0,0,0,0,0,3051.076814334536,0,2025
2025-08-25 01:00:00,1148,3,0,1,0,1853.0,7360.0,3761.0,31,25,0,0,0,0,0,0,3051.100484152676,0,2025
2025-08-25 02:00:00,517,3,0,2,0,1011.0,6801.0,4803.0,31,25,0,0,0,0,0,0,3051.3600143543363,0,2025
2025-08-25 03:00:00,450,3,0,3,0,409.0,6154.0,5440.0,31,25,0,0,0,0,0,0,3051.786746632368,0,2025
2025-08-25 04:00:00,613,3,0,4,0,343.0,5950.0,5977.0,31,25,0,0,0,0,0,0,3052.232150797649,0,2025
2025-08-25 05:00:00,1073,3,0,5,0,397.0,5244.0,6174.0,31,25,0,0,0,0,0,0,3052.631021649392,0,2025
2025-08-25 06:00:00,2344,3,0,6,0,720.0,4407.0,6653.0,31,25,0,0,0,0,0,0,3052.907817753139,0,2025
2025-08-25 07:00:00,3578,3,0,7,0,1835.0,3395.0,6500.0,31,25,0,0,0,0,0,0,3052.911844651557,0,2025
2025-08-25 08:00:00,4482,3,0,8,0,2924.0,1853.0,6598.0,31,25,0,0,0,0,0,0,3052.7405769129887,0,2025
2025-08-25 09:00:00,4949,3,0,9,0,3804.0,1011.0,6803.0,31,25,0,0,0,0,0,0,3052.4968123918147,0,2025
2025-08-25 10:00:00,5088,3,0,10,0,4694.0,409.0,6627.0,31,25,0,0,0,0,0,0,3052.234138034232,0,2025
2025-08-25 11:00:00,5090,3,0,11,0,5128.0,343.0,5874.0,31,25,0,0,0,0,0,0,3051.96831874647,0,2025
2025-08-25 12:00:00,5480,3,0,12,0,5418.0,397.0,5670.0,31,25,0,0,0,0,0,0,3051.7025308098464,0,2025
2025-08-25 13:00:00,5642,3,0,13,0,5780.0,720.0,5179.0,31,25,0,0,0,0,0,0,3051.4338023441014,0,2025
2025-08-25 14:00:00,6189,3,0,14,0,6210.0,1835.0,4816.0,31,25,0,0,0,0,0,0,3051.166475432202,0,2025
2025-08-25 15:00:00,6225,3,0,15,0,6900.0,2924.0,3857.0,31,25,0,0,0,0,0,0,3050.914901727846,0,2025
2025-08-25 16:00:00,6253,3,0,16,0,6910.0,3804.0,2242.0,31,25,0,0,0,0,0,0,3050.665027245356,0,2025
2025-08-25 17:00:00,6795,3,0,17,0,7038.0,4694.0,1148.0,31,25,0,0,0,0,0,0,3050.416538566038,0,2025
2025-08-25 18:00:00,6511,3,0,18,0,7328.0,5128.0,517.0,31,25,0,0,0,0,0,0,3050.202661599892,0,2025
2025-08-25 19:00:00,5657,3,0,19,0,6914.0,5418.0,450.0,31,25,0,0,0,0,0,0,3049.9686134926974,0,2025
2025-08-25 20:00:00,5407,3,0,20,0,6201.0,5780.0,613.0,31,25,0,0,0,0,0,0,3049.701885829762,0,2025
2025-08-25 21:00:00,5077,3,0,21,0,5820.0,6210.0,1073.0,31,25,0,0,0,0,0,0,3049.433607891772,0,2025
2025-08-25 22:00:00,4820,3,0,22,0,5344.0,6900.0,2344.0,31,25,0,0,0,0,0,0,3049.168781980759,0,2025
2025-08-25 23:00:00,3502,3,0,23,0,4591.0,6910.0,3578.0,31,25,0,0,0,0,0,0,3048.911007420284,0,2025
2025-08-26 00:00:00,2409,3,0,0,0,3164.0,7038.0,4482.0,31,26,0,0,0,0,1,0,3048.748948450881,0,2025
2025-08-26 01:00:00,986,3,0,1,0,2187.0,7328.0,4949.0,31,26,0,0,0,0,1,0,3048.742157884073,0,2025
2025-08-26 02:00:00,473,3,0,2,0,900.0,6914.0,5088.0,31,26,0,0,0,0,1,0,3049.040505565608,0,2025
2025-08-26 03:00:00,315,3,0,3,0,365.0,6201.0,5090.0,31,26,0,0,0,0,1,0,3049.477110198836,0,2025
2025-08-26 04:00:00,378,3,0,4,0,213.0,5820.0,5480.0,31,26,0,0,0,0,1,0,3049.9589667717228,0,2025
2025-08-26 05:00:00,845,3,0,5,0,252.0,5344.0,5642.0,31,26,0,0,0,0,1,0,3050.4219235143264,0,2025
2025-08-26 06:00:00,2018,3,0,6,0,705.0,4591.0,6189.0,31,26,0,0,0,0,1,0,3050.7552518697325,0,2025
2025-08-26 07:00:00,3506,3,0,7,0,1633.0,3164.0,6225.0,31,26,0,0,0,0,1,0,3050.8193311072177,0,2025
2025-08-26 08:00:00,4925,3,0,8,0,2883.0,2187.0,6253.0,31,26,0,0,0,0,1,0,3050.6561989890583,0,2025
2025-08-26 09:00:00,5251,3,0,9,0,4130.0,900.0,6795.0,31,26,0,0,0,0,1,0,3050.395262347484,0,2025
2025-08-26 10:00:00,5361,3,0,10,0,4932.0,365.0,6511.0,31,26,0,0,0,0,1,0,3050.1282895707045,0,2025
2025-08-26 11:00:00,5315,3,0,11,0,5592.0,213.0,5657.0,31,26,0,0,0,0,1,0,3049.8607075908603,0,2025
2025-08-26 12:00:00,5996,3,0,12,0,5622.0,252.0,5407.0,31,26,0,0,0,0,1,0,3049.5933953563417,0,2025
2025-08-26 13:00:00,5994,3,0,13,0,6558.0,705.0,5077.0,31,26,0,0,0,0,1,0,3049.335640883848,0,2025
2025-08-26 14:00:00,6416,3,0,14,0,6619.0,1633.0,4820.0,31,26,0,0,0,0,1,0,3049.077884729004,0,2025
2025-08-26 15:00:00,6574,3,0,15,0,7196.0,2883.0,3502.0,31,26,0,0,0,0,1,0,3048.8394034859352,0,2025
2025-08-26 16:00:00,6765,3,0,16,0,7405.0,4130.0,2409.0,31,26,0,0,0,0,1,0,3048.6108019809435,0,2025
2025-08-26 17:00:00,7524,3,0,17,0,7622.0,4932.0,986.0,31,26,0,0,0,0,1,0,3048.396039843229,0,2025
2025-08-26 18:00:00,7651,3,0,18,0,8082.0,5592.0,473.0,31,26,0,0,0,0,1,0,3048.2568292699725,0,2025
2025-08-26 19:00:00,6364,3,0,19,0,8258.0,5622.0,315.0,31,26,0,0,0,0,1,0,3048.1334806781806,0,2025
2025-08-26 20:00:00,6021,3,0,20,0,6993.0,6558.0,378.0,31,26,0,0,0,0,1,0,3047.8923061824075,0,2025
2025-08-26 21:00:00,6178,3,0,21,0,6530.0,6619.0,845.0,31,26,0,0,0,0,1,0,3047.6358616877906,0,2025
2025-08-26 22:00:00,5683,3,0,22,0,6659.0,7196.0,2018.0,31,26,0,0,0,0,1,0,3047.385656342655,0,2025
2025-08-26 23:00:00,4753,3,0,23,0,5812.0,7405.0,3506.0,31,26,0,0,0,0,1,0,3047.120857384563,0,2025
2025-08-27 00:00:00,2597,3,0,0,0,4552.0,7622.0,4925.0,31,27,0,0,0,0,2,0,3046.8666728371527,0,2025
2025-08-27 01:00:00,1148,3,0,1,0,2470.0,8082.0,5251.0,31,27,0,0,0,0,2,0,3046.8281065195843,0,2025
2025-08-27 02:00:00,590,3,0,2,0,994.0,8258.0,5361.0,31,27,0,0,0,0,2,0,3047.0842831409395,0,2025
2025-08-27 03:00:00,396,3,0,3,0,519.0,6993.0,5315.0,31,27,0,0,0,0,2,0,3047.485785072043,0,2025
2025-08-27 04:00:00,474,3,0,4,0,304.0,6530.0,5996.0,31,27,0,0,0,0,2,0,3047.941647823411,0,2025
2025-08-27 05:00:00,860,3,0,5,0,325.0,6659.0,5994.0,31,27,0,0,0,0,2,0,3048.374753780772,0,2025
2025-08-27 06:00:00,2142,3,0,6,0,690.0,5812.0,6416.0,31,27,0,0,0,0,2,0,3048.7023506398723,0,2025
2025-08-27 07:00:00,3683,3,0,7,0,1671.0,4552.0,6574.0,31,27,0,0,0,0,2,0,3048.742141769525,0,2025
2025-08-27 08:00:00,5045,3,0,8,0,3157.0,2470.0,6765.0,31,27,0,0,0,0,2,0,3048.561108826498,0,2025
2025-08-27 09:00:00,5507,3,0,9,0,4177.0,994.0,7524.0,31,27,0,0,0,0,2,0,3048.298428625968,0,2025
2025-08-27 10:00:00,5486,3,0,10,0,5072.0,519.0,7651.0,31,27,0,0,0,0,2,0,3048.0322754966114,0,2025
2025-08-27 11:00:00,5658,3,0,11,0,5696.0,304.0,6364.0,31,27,0,0,0,0,2,0,3047.766087547762,0,2025
2025-08-27 12:00:00,6191,3,0,12,0,5994.0,325.0,6021.0,31,27,0,0,0,0,2,0,3047.501569651335,0,2025
2025-08-27 13:00:00,6268,3,0,13,0,6683.0,690.0,6178.0,31,27,0,0,0,0,2,0,3047.2528476805505,0,2025
2025-08-27 14:00:00,6656,3,0,14,0,6832.0,1671.0,5683.0,31,27,0,0,0,0,2,0,3047.0078034570647,0,2025
2025-08-27 15:00:00,6767,3,0,15,0,7231.0,3157.0,4753.0,31,27,0,0,0,0,2,0,3046.786209814657,0,2025
2025-08-27 16:00:00,6956,3,0,16,0,7442.0,4177.0,2597.0,31,27,0,0,0,0,2,0,3046.5729388844898,0,2025
2025-08-27 17:00:00,7767,3,0,17,0,7674.0,5072.0,1148.0,31,27,0,0,0,0,2,0,3046.375422602951,0,2025
2025-08-27 18:00:00,7832,3,0,18,0,8329.0,5696.0,590.0,31,27,0,0,0,0,2,0,3046.2685756164983,0,2025
2025-08-27 19:00:00,6884,3,0,19,0,8216.0,5994.0,396.0,31,27,0,0,0,0,2,0,3046.1705992074917,0,2025
2025-08-27 20:00:00,6551,3,0,20,0,7227.0,6683.0,474.0,31,27,0,0,0,0,2,0,3045.966912385736,0,2025
2025-08-27 21:00:00,6574,3,0,21,0,6793.0,6832.0,860.0,31,27,0,0,0,0,2,0,3045.738361488697,0,2025
2025-08-27 22:00:00,6180,3,0,22,0,6948.0,7231.0,2142.0,31,27,0,0,0,0,2,0,3045.51137545974,0,2025
2025-08-27 23:00:00,5500,3,0,23,0,6191.0,7442.0,3683.0,31,27,0,0,0,0,2,0,3045.262673447781,0,2025
2025-08-28 00:00:00,3200,3,0,0,0,5351.0,7674.0,5045.0,31,28,0,0,0,0,3,0,3044.997383606557,0,2025
2025-08-28 01:00:00,1546,3,0,1,0,2992.0,8329.0,5507.0,31,28,0,0,0,0,3,0,3044.872047448683,0,2025
2025-08-28 02:00:00,737,3,0,2,0,1353.0,8216.0,5486.0,31,28,0,0,0,0,3,0,3045.034397811799,0,2025
2025-08-28 03:00:00,544,3,0,3,0,639.0,7227.0,5658.0,31,28,0,0,0,0,3,0,3045.3941825634142,0,2025
2025-08-28 04:00:00,610,3,0,4,0,428.0,6793.0,6191.0,31,28,0,0,0,0,3,0,3045.8062400472054,0,2025
2025-08-28 05:00:00,1106,3,0,5,0,377.0,6948.0,6268.0,31,28,0,0,0,0,3,0,3046.1996240774497,0,2025
2025-08-28 06:00:00,2231,3,0,6,0,782.0,6191.0,6656.0,31,28,0,0,0,0,3,0,3046.463556874062,0,2025
2025-08-28 07:00:00,3709,3,0,7,0,1642.0,5351.0,6767.0,31,28,0,0,0,0,3,0,3046.486742843805,0,2025
2025-08-28 08:00:00,5102,3,0,8,0,2995.0,2992.0,6956.0,31,28,0,0,0,0,3,0,3046.3039361551264,0,2025
2025-08-28 09:00:00,5337,3,0,9,0,4204.0,1353.0,7767.0,31,28,0,0,0,0,3,0,3046.041413983815,0,2025
2025-08-28 10:00:00,5454,3,0,10,0,4988.0,639.0,7832.0,31,28,0,0,0,0,3,0,3045.77643948377,0,2025
2025-08-28 11:00:00,5737,3,0,11,0,5640.0,428.0,6884.0,31,28,0,0,0,0,3,0,3045.511456099165,0,2025
2025-08-28 12:00:00,6287,3,0,12,0,6046.0,377.0,6551.0,31,28,0,0,0,0,3,0,3045.249586557261,0,2025
2025-08-28 13:00:00,6428,3,0,13,0,6777.0,782.0,6574.0,31,28,0,0,0,0,3,0,3045.0067851925846,0,2025
2025-08-28 14:00:00,6960,3,0,14,0,7046.0,1642.0,6180.0,31,28,0,0,0,0,3,0,3044.7716931819364,0,2025
2025-08-28 15:00:00,7023,3,0,15,0,7778.0,2995.0,5500.0,31,28,0,0,0,0,3,0,3044.57574134828,0,2025
2025-08-28 16:00:00,7165,3,0,16,0,7635.0,4204.0,3200.0,31,28,0,0,0,0,3,0,3044.385518635645,0,2025
2025-08-28 17:00:00,8102,3,0,17,0,7719.0,4988.0,1546.0,31,28,0,0,0,0,3,0,3044.208993630666,0,2025
2025-08-28 18:00:00,8169,3,0,18,0,8373.0,5640.0,737.0,31,28,0,0,0,0,3,0,3044.1515192410843,0,2025
2025-08-28 19:00:00,6765,3,0,19,0,8411.0,6046.0,544.0,31,28,0,0,0,0,3,0,3044.104419597179,0,2025
2025-08-28 20:00:00,6305,3,0,20,0,7043.0,6777.0,610.0,31,28,0,0,0,0,3,0,3043.892378455276,0,2025
2025-08-28 21:00:00,6451,3,0,21,0,6650.0,7046.0,1106.0,31,28,0,0,0,0,3,0,3043.6508340416262,0,2025
2025-08-28 22:00:00,6304,3,0,22,0,6890.0,7778.0,2231.0,31,28,0,0,0,0,3,0,3043.4174132493004,0,2025
2025-08-28 23:00:00,5460,3,0,23,0,6338.0,7635.0,3709.0,31,28,0,0,0,0,3,0,3043.175929329408,0,2025
2025-08-29 00:00:00,3777,3,0,0,0,5419.0,7719.0,5102.0,31,29,0,0,0,0,4,0,3042.9117784481496,0,2025
2025-08-29 01:00:00,2101,3,0,1,0,3493.0,8373.0,5337.0,31,29,0,0,0,0,4,0,3042.7237007920944,0,2025
2025-08-29 02:00:00,1429,3,0,2,0,1909.0,8411.0,5454.0,31,29,0,0,0,0,4,0,3042.7718559230616,0,2025
2025-08-29 03:00:00,954,3,0,3,0,1208.0,7043.0,5737.0,31,29,0,0,0,0,4,0,3042.95953576652,0,2025
2025-08-29 04:00:00,878,3,0,4,0,730.0,6650.0,6287.0,31,29,0,0,0,0,4,0,3043.261177519704,0,2025
2025-08-29 05:00:00,1163,3,0,5,0,568.0,6890.0,6428.0,31,29,0,0,0,0,4,0,3043.581944390592,0,2025
2025-08-29 06:00:00,2010,3,0,6,0,761.0,6338.0,6960.0,31,29,0,0,0,0,4,0,3043.8311334675027,0,2025
2025-08-29 07:00:00,2986,3,0,7,0,1444.0,5419.0,7023.0,31,29,0,0,0,0,4,0,3043.8957370551243,0,2025
2025-08-29 08:00:00,3751,3,0,8,0,2386.0,3493.0,7165.0,31,29,0,0,0,0,4,0,3043.7985651171352,0,2025
2025-08-29 09:00:00,4357,3,0,9,0,3294.0,1909.0,8102.0,31,29,0,0,0,0,4,0,3043.612629083576,0,2025
2025-08-29 10:00:00,5037,3,0,10,0,4208.0,1208.0,8169.0,31,29,0,0,0,0,4,0,3043.380098021072,0,2025
2025-08-29 11:00:00,5467,3,0,11,0,5178.0,730.0,6765.0,31,29,0,0,0,0,4,0,3043.120213334238,0,2025
2025-08-29 12:00:00,5964,3,0,12,0,5784.0,568.0,6305.0,31,29,0,0,0,0,4,0,3042.856656089976,0,2025
2025-08-29 13:00:00,6454,3,0,13,0,6053.0,761.0,6451.0,31,29,0,0,0,0,4,0,3042.601960427186,0,2025
2025-08-29 14:00:00,7169,3,0,14,0,6776.0,1444.0,6304.0,31,29,0,0,0,0,4,0,3042.3697599811576,0,2025
2025-08-29 15:00:00,7022,3,0,15,0,7837.0,2386.0,5460.0,31,29,0,0,0,0,4,0,3042.194852337668,0,2025
2025-08-29 16:00:00,7002,3,0,16,0,7677.0,3294.0,3777.0,31,29,0,0,0,0,4,0,3042.005824134673,0,2025
2025-08-29 17:00:00,7286,3,0,17,0,7746.0,4208.0,2101.0,31,29,0,0,0,0,4,0,3041.8149955924264,0,2025
2025-08-29 18:00:00,7406,3,0,18,0,7829.0,5178.0,1429.0,31,29,0,0,0,0,4,0,3041.652283626744,0,2025
2025-08-29 19:00:00,6569,3,0,19,0,8192.0,5784.0,954.0,31,29,0,0,0,0,4,0,3041.5028278403784,0,2025
2025-08-29 20:00:00,6103,3,0,20,0,7291.0,6053.0,878.0,31,29,0,0,0,0,4,0,3041.278101305755,0,2025
2025-08-29 21:00:00,6164,3,0,21,0,6851.0,6776.0,1163.0,31,29,0,0,0,0,4,0,3041.028790938632,0,2025
2025-08-29 22:00:00,6295,3,0,22,0,7148.0,7837.0,2010.0,31,29,0,0,0,0,4,0,3040.7820626726075,0,2025
2025-08-29 23:00:00,6339,3,0,23,0,6792.0,7677.0,2986.0,31,29,0,0,0,0,4,0,3040.541521894536,0,2025
2025-08-30 00:00:00,5583,3,0,0,0,6298.0,7746.0,3751.0,31,30,0,0,0,0,5,0,3040.3033140765865,0,2025
2025-08-30 01:00:00,4154,3,0,1,0,5180.0,7829.0,4357.0,31,30,0,0,0,0,5,0,3040.041360114317,0,2025
2025-08-30 02:00:00,3159,3,0,2,0,3757.0,8192.0,5037.0,31,30,0,0,0,0,5,0,3039.823253434585,0,2025
2025-08-30 03:00:00,2350,3,0,3,0,2479.0,7291.0,5467.0,31,30,0,0,0,0,5,0,3039.7042147522425,0,2025
2025-08-30 04:00:00,1483,3,0,4,0,1704.0,6851.0,5964.0,31,30,0,0,0,0,5,0,3039.7071207256868,0,2025
2025-08-30 05:00:00,883,3,0,5,0,975.0,7148.0,6454.0,31,30,0,0,0,0,5,0,3039.8818674907598,0,2025
2025-08-30 06:00:00,1267,3,0,6,0,602.0,6792.0,7169.0,31,30,0,0,0,0,5,0,3040.200323649837,0,2025
2025-08-30 07:00:00,1821,3,0,7,0,897.0,6298.0,7022.0,31,30,0,0,0,0,5,0,3040.424008099429,0,2025
2025-08-30 08:00:00,2470,3,0,8,0,1511.0,5180.0,7002.0,31,30,0,0,0,0,5,0,3040.52600398549,0,2025
2025-08-30 09:00:00,3564,3,0,9,0,2249.0,3757.0,7286.0,31,30,0,0,0,0,5,0,3040.507795209985,0,2025
2025-08-30 10:00:00,4675,3,0,10,0,3473.0,2479.0,7406.0,31,30,0,0,0,0,5,0,3040.341338262942,0,2025
2025-08-30 11:00:00,5249,3,0,11,0,4875.0,1704.0,6569.0,31,30,0,0,0,0,5,0,3040.093981983352,0,2025
2025-08-30 12:00:00,5528,3,0,12,0,5640.0,975.0,6103.0,31,30,0,0,0,0,5,0,3039.8323358755983,0,2025
2025-08-30 13:00:00,5919,3,0,13,0,6076.0,602.0,6164.0,31,30,0,0,0,0,5,0,3039.570536538024,0,2025
2025-08-30 14:00:00,6289,3,0,14,0,6842.0,897.0,6295.0,31,30,0,0,0,0,5,0,3039.3159280429445,0,2025
2025-08-30 15:00:00,6410,3,0,15,0,7200.0,1511.0,6339.0,31,30,0,0,0,0,5,0,3039.076110042413,0,2025
2025-08-30 16:00:00,6772,3,0,16,0,7643.0,2249.0,5583.0,31,30,0,0,0,0,5,0,3038.8428480209345,0,2025
2025-08-30 17:00:00,7229,3,0,17,0,8271.0,3473.0,4154.0,31,30,0,0,0,0,5,0,3038.634038581105,0,2025
2025-08-30 18:00:00,7684,3,0,18,0,8395.0,4875.0,3159.0,31,30,0,0,0,0,5,0,3038.4666776010235,0,2025
2025-08-30 19:00:00,7369,3,0,19,0,8830.0,5640.0,2350.0,31,30,0,0,0,0,5,0,3038.3523144724354,0,2025
2025-08-30 20:00:00,6776,3,0,20,0,8203.0,6076.0,1483.0,31,30,0,0,0,0,5,0,3038.2000174338705,0,2025
2025-08-30 21:00:00,6360,3,0,21,0,7581.0,6842.0,883.0,31,30,0,0,0,0,5,0,3037.99162973083,0,2025
2025-08-30 22:00:00,6905,3,0,22,0,6964.0,7200.0,1267.0,31,30,0,0,0,0,5,0,3037.755836010507,0,2025
2025-08-30 23:00:00,7164,3,0,23,0,7481.0,7643.0,1821.0,31,30,0,0,0,0,5,0,3037.558036424051,0,2025
2025-08-31 00:00:00,5834,3,0,0,0,6650.0,8271.0,2470.0,31,31,0,0,0,1,6,0,3037.3841964926787,0,2025
2025-08-31 01:00:00,4770,3,0,1,0,5248.0,8395.0,3564.0,31,31,0,0,0,1,6,0,3037.127915197112,0,2025
2025-08-31 02:00:00,3705,3,0,2,0,3995.0,8830.0,4675.0,31,31,0,0,0,1,6,0,3036.8779219110106,0,2025
2025-08-31 03:00:00,2477,3,0,3,0,2887.0,8203.0,5249.0,31,31,0,0,0,1,6,0,3036.69845822041,0,2025
2025-08-31 04:00:00,1713,3,0,4,0,1749.0,7581.0,5528.0,31,31,0,0,0,1,6,0,3036.6800117994603,0,2025
2025-08-31 05:00:00,863,3,0,5,0,1086.0,6964.0,5919.0,31,31,0,0,0,1,6,0,3036.8047140007625,0,2025
2025-08-31 06:00:00,1118,3,0,6,0,566.0,7481.0,6289.0,31,31,0,0,0,1,6,0,3037.127358195042,0,2025
2025-08-31 07:00:00,1416,3,0,7,0,804.0,6650.0,6410.0,31,31,0,0,0,1,6,0,3037.3859536057757,0,2025
2025-08-31 08:00:00,2103,3,0,8,0,1173.0,5248.0,6772.0,31,31,0,0,0,1,6,0,3037.574508428965,0,2025
2025-08-31 09:00:00,3351,3,0,9,0,2050.0,3995.0,7229.0,31,31,0,0,0,1,6,0,3037.6212369512864,0,2025
2025-08-31 10:00:00,4340,3,0,10,0,3233.0,2887.0,7684.0,31,31,0,0,0,1,6,0,3037.4790188512443,0,2025
2025-08-31 11:00:00,5108,3,0,11,0,4377.0,1749.0,7369.0,31,31,0,0,0,1,6,0,3037.249785652329,0,2025
2025-08-31 12:00:00,5426,3,0,12,0,5356.0,1086.0,6776.0,31,31,0,0,0,1,6,0,3036.9912152791107,0,2025
2025-08-31 13:00:00,5970,3,0,13,0,5883.0,566.0,6360.0,31,31,0,0,0,1,6,0,3036.7303128506014,0,2025
2025-08-31 14:00:00,6382,3,0,14,0,6536.0,804.0,6905.0,31,31,0,0,0,1,6,0,3036.478638279707,0,2025
2025-08-31 15:00:00,6380,3,0,15,0,6988.0,1173.0,7164.0,31,31,0,0,0,1,6,0,3036.2450999751427,0,2025
2025-08-31 16:00:00,6719,3,0,16,0,7152.0,2050.0,5834.0,31,31,0,0,0,1,6,0,3036.011503674103,0,2025
2025-08-31 17:00:00,7052,3,0,17,0,7317.0,3233.0,4770.0,31,31,0,0,0,1,6,0,3035.799982516459,0,2025
2025-08-31 18:00:00,7383,3,0,18,0,7602.0,4377.0,3705.0,31,31,0,0,0,1,6,0,3035.6164547380363,0,2025
2025-08-31 19:00:00,6197,3,0,19,0,7394.0,5356.0,2477.0,31,31,0,0,0,1,6,0,3035.466941169109,0,2025
2025-08-31 20:00:00,5860,3,0,20,0,6309.0,5883.0,1713.0,31,31,0,0,0,1,6,0,3035.2243473530607,0,2025
2025-08-31 21:00:00,5780,3,0,21,0,6265.0,6536.0,863.0,31,31,0,0,0,1,6,0,3034.969871664208,0,2025
2025-08-31 22:00:00,5960,3,0,22,0,5897.0,6988.0,1118.0,31,31,0,0,0,1,6,0,3034.713568972814,0,2025
2025-08-31 23:00:00,5570,3,0,23,0,5700.0,7152.0,1416.0,31,31,0,0,0,1,6,0,3034.4620934420504,0,2025
2025-09-01 00:00:00,4623,3,0,0,0,4843.0,7317.0,2103.0,30,1,1,0,0,0,0,0,3034.2026792556967,0,2025
2025-09-01 01:00:00,2866,3,0,1,0,3588.0,7602.0,3351.0,30,1,1,0,0,0,0,0,3033.95967923444,0,2025
2025-09-01 02:00:00,1820,3,0,2,0,2034.0,7394.0,4340.0,30,1,1,0,0,0,0,0,3033.881263787488,0,2025
2025-09-01 03:00:00,1341,3,0,3,0,1203.0,6309.0,5108.0,30,1,1,0,0,0,0,0,3033.983523693977,0,2025
2025-09-01 04:00:00,1080,3,0,4,0,766.0,6265.0,5426.0,30,1,1,0,0,0,0,0,3034.1889647008966,0,2025
2025-09-01 05:00:00,990,3,0,5,0,654.0,5897.0,5970.0,30,1,1,0,0,0,0,0,3034.455899452916,0,2025
2025-09-01 06:00:00,1265,3,0,6,0,702.0,5700.0,6382.0,30,1,1,0,0,0,0,0,3034.74470957252,0,2025
2025-09-01 07:00:00,1526,3,0,7,0,934.0,4843.0,6380.0,30,1,1,0,0,0,0,0,3034.966926133853,0,2025
2025-09-01 08:00:00,2029,3,0,8,0,1336.0,3588.0,6719.0,30,1,1,0,0,0,0,0,3035.1299509339856,0,2025
2025-09-01 09:00:00,2719,3,0,9,0,2062.0,2034.0,7052.0,30,1,1,0,0,0,0,0,3035.19006734305,0,2025
2025-09-01 10:00:00,3779,3,0,10,0,2736.0,1203.0,7383.0,30,1,1,0,0,0,0,0,3035.1324292519234,0,2025
2025-09-01 11:00:00,4713,3,0,11,0,3837.0,766.0,6197.0,30,1,1,0,0,0,0,0,3034.9463935949207,0,2025
2025-09-01 12:00:00,5456,3,0,12,0,4792.0,654.0,5860.0,30,1,1,0,0,0,0,0,3034.699824135839,0,2025
2025-09-01 13:00:00,5501,3,0,13,0,5643.0,702.0,5780.0,30,1,1,0,0,0,0,0,3034.4402727589268,0,2025
2025-09-01 14:00:00,6187,3,0,14,0,5772.0,934.0,5960.0,30,1,1,0,0,0,0,0,3034.1809976872205,0,2025
2025-09-01 15:00:00,6423,3,0,15,0,6908.0,1336.0,5570.0,30,1,1,0,0,0,0,0,3033.9391194010964,0,2025
2025-09-01 16:00:00,6467,3,0,16,0,7065.0,2062.0,4623.0,30,1,1,0,0,0,0,0,3033.7093906374225,0,2025
2025-09-01 17:00:00,6886,3,0,17,0,6984.0,2736.0,2866.0,30,1,1,0,0,0,0,0,3033.48231387315,0,2025
2025-09-01 18:00:00,6557,3,0,18,0,7229.0,3837.0,1820.0,30,1,1,0,0,0,0,0,3033.2855147093696,0,2025
2025-09-01 19:00:00,5842,3,0,19,0,6784.0,4792.0,1341.0,30,1,1,0,0,0,0,0,3033.0641866006868,0,2025
2025-09-01 20:00:00,5877,3,0,20,0,6052.0,5643.0,1080.0,30,1,1,0,0,0,0,0,3032.8105674214453,0,2025
2025-09-01 21:00:00,5370,3,0,21,0,5927.0,5772.0,990.0,30,1,1,0,0,0,0,0,3032.5579240534344,0,2025
2025-09-01 22:00:00,4698,3,0,22,0,5337.0,6908.0,1265.0,30,1,1,0,0,0,0,0,3032.298873322135,0,2025
2025-09-01 23:00:00,3991,3,0,23,0,4216.0,7065.0,1526.0,30,1,1,0,0,0,0,0,3032.053627996572,0,2025
2025-09-02 00:00:00,2743,3,0,0,0,3629.0,6984.0,2029.0,30,2,0,0,0,0,1,0,3031.850347005577,0,2025
2025-09-02 01:00:00,1012,3,0,1,0,2350.0,7229.0,2719.0,30,2,0,0,0,0,1,0,3031.7897487593964,0,2025
2025-09-02 02:00:00,416,3,0,2,0,874.0,6784.0,3779.0,30,2,0,0,0,0,1,0,3032.0720339557874,0,2025
2025-09-02 03:00:00,370,3,0,3,0,287.0,6052.0,4713.0,30,2,0,0,0,0,1,0,3032.511050520884,0,2025
2025-09-02 04:00:00,444,3,0,4,0,234.0,5927.0,5456.0,30,2,0,0,0,0,1,0,3032.962560526012,0,2025
2025-09-02 05:00:00,1168,3,0,5,0,249.0,5337.0,5501.0,30,2,0,0,0,0,1,0,3033.392851074345,0,2025
2025-09-02 06:00:00,2611,3,0,6,0,868.0,4216.0,6187.0,30,2,0,0,0,0,1,0,3033.6359621779907,0,2025
2025-09-02 07:00:00,4743,3,0,7,0,1940.0,3629.0,6423.0,30,2,0,0,0,0,1,0,3033.594640700687,0,2025
2025-09-02 08:00:00,5999,3,0,8,0,3658.0,2350.0,6467.0,30,2,0,0,0,0,1,0,3033.347749805712,0,2025
2025-09-02 09:00:00,6207,3,0,9,0,4860.0,874.0,6886.0,30,2,0,0,0,0,1,0,3033.0994692007907,0,2025
2025-09-02 10:00:00,6005,3,0,10,0,5555.0,287.0,6557.0,30,2,0,0,0,0,1,0,3032.859566292117,0,2025
2025-09-02 11:00:00,5888,3,0,11,0,6155.0,234.0,5842.0,30,2,0,0,0,0,1,0,3032.6116111256824,0,2025
2025-09-02 12:00:00,6446,3,0,12,0,6227.0,249.0,5877.0,30,2,0,0,0,0,1,0,3032.3600698393366,0,2025
2025-09-02 13:00:00,6402,3,0,13,0,6834.0,868.0,5370.0,30,2,0,0,0,0,1,0,3032.132893216596,0,2025
2025-09-02 14:00:00,6926,3,0,14,0,7016.0,1940.0,4698.0,30,2,0,0,0,0,1,0,3031.9032153194826,0,2025
2025-09-02 15:00:00,7185,3,0,15,0,7634.0,3658.0,3991.0,30,2,0,0,0,0,1,0,3031.711026547376,0,2025
2025-09-02 16:00:00,7473,3,0,16,0,8004.0,4860.0,2743.0,30,2,0,0,0,0,1,0,3031.543063445012,0,2025
2025-09-02 17:00:00,8894,3,0,17,0,8237.0,5555.0,1012.0,30,2,0,0,0,0,1,0,3031.406437540224,0,2025
2025-09-02 18:00:00,9191,3,0,18,0,9191.0,6155.0,416.0,30,2,0,0,0,0,1,0,3031.492482117569,0,2025
2025-09-02 19:00:00,7207,3,0,19,0,9309.0,6227.0,370.0,30,2,0,0,0,0,1,0,3031.63922068445,0,2025
2025-09-02 20:00:00,6747,3,0,20,0,7481.0,6834.0,444.0,30,2,0,0,0,0,1,0,3031.473413921992,0,2025
2025-09-02 21:00:00,6437,3,0,21,0,6867.0,7016.0,1168.0,30,2,0,0,0,0,1,0,3031.2667686844666,0,2025
2025-09-02 22:00:00,4863,3,0,22,0,6413.0,7634.0,2611.0,30,2,0,0,0,0,1,0,3031.039335244503,0,2025
2025-09-02 23:00:00,3540,3,0,23,0,4712.0,8004.0,4743.0,30,2,0,0,0,0,1,0,3030.789443079846,0,2025
2025-09-03 00:00:00,2654,3,0,0,0,3288.0,8237.0,5999.0,30,3,0,0,0,0,2,0,3030.628229619906,0,2025
2025-09-03 01:00:00,951,3,0,1,0,2519.0,9191.0,6207.0,30,3,0,0,0,0,2,0,3030.5812582592507,0,2025
2025-09-03 02:00:00,447,3,0,2,0,813.0,9309.0,6005.0,30,3,0,0,0,0,2,0,3030.8773622361623,0,2025
2025-09-03 03:00:00,306,3,0,3,0,362.0,7481.0,5888.0,30,3,0,0,0,0,2,0,3031.3058289326077,0,2025
2025-09-03 04:00:00,382,3,0,4,0,227.0,6867.0,6446.0,30,3,0,0,0,0,2,0,3031.773505102721,0,2025
2025-09-03 05:00:00,888,3,0,5,0,251.0,6413.0,6402.0,30,3,0,0,0,0,2,0,3032.219205105771,0,2025
2025-09-03 06:00:00,2315,3,0,6,0,660.0,4712.0,6926.0,30,3,0,0,0,0,2,0,3032.5296279935624,0,2025
2025-09-03 07:00:00,4887,3,0,7,0,1776.0,3288.0,7185.0,30,3,0,0,0,0,2,0,3032.536891529667,0,2025
2025-09-03 08:00:00,6389,3,0,8,0,4039.0,2519.0,7473.0,30,3,0,0,0,0,2,0,3032.286396135915,0,2025
2025-09-03 09:00:00,6534,3,0,9,0,5347.0,813.0,8894.0,30,3,0,0,0,0,2,0,3032.056854536434,0,2025
2025-09-03 10:00:00,6446,3,0,10,0,5973.0,362.0,9191.0,30,3,0,0,0,0,2,0,3031.83606599179,0,2025
2025-09-03 11:00:00,6660,3,0,11,0,6532.0,227.0,7207.0,30,3,0,0,0,0,2,0,3031.609903751207,0,2025
2025-09-03 12:00:00,6955,3,0,12,0,6961.0,251.0,6747.0,30,3,0,0,0,0,2,0,3031.3977230652586,0,2025
2025-09-03 13:00:00,7034,3,0,13,0,7387.0,660.0,6437.0,30,3,0,0,0,0,2,0,3031.2089872939,0,2025
2025-09-03 14:00:00,7677,3,0,14,0,7516.0,1776.0,4863.0,30,3,0,0,0,0,2,0,3031.027372892461,0,2025
2025-09-03 15:00:00,7625,3,0,15,0,8241.0,4039.0,3540.0,30,3,0,0,0,0,2,0,3030.9164841977185,0,2025
2025-09-03 16:00:00,8035,3,0,16,0,8319.0,5347.0,2654.0,30,3,0,0,0,0,2,0,3030.7990038986536,0,2025
2025-09-03 17:00:00,9106,3,0,17,0,8810.0,5973.0,951.0,30,3,0,0,0,0,2,0,3030.7374478914244,0,2025
2025-09-03 18:00:00,9859,3,0,18,0,9309.0,6532.0,447.0,30,3,0,0,0,0,2,0,3030.866273906387,0,2025
2025-09-03 19:00:00,8568,3,0,19,0,10065.0,6961.0,306.0,30,3,0,0,0,0,2,0,3031.167151222016,0,2025
2025-09-03 20:00:00,8442,3,0,20,0,8758.0,7387.0,382.0,30,3,0,0,0,0,2,0,3031.1919678793943,0,2025
2025-09-03 21:00:00,8086,3,0,21,0,8175.0,7516.0,888.0,30,3,0,0,0,0,2,0,3031.1947666299534,0,2025
2025-09-03 22:00:00,6913,3,0,22,0,7652.0,8241.0,2315.0,30,3,0,0,0,0,2,0,3031.1403769884287,0,2025
2025-09-03 23:00:00,4701,3,0,23,0,6654.0,8319.0,4887.0,30,3,0,0,0,0,2,0,3030.947969426807,0,2025
2025-09-04 00:00:00,2896,3,0,0,0,4267.0,8810.0,6389.0,30,4,0,0,0,0,3,0,3030.7046997835364,0,2025
2025-09-04 01:00:00,1223,3,0,1,0,2747.0,9309.0,6534.0,30,4,0,0,0,0,3,0,3030.6225377049727,0,2025
2025-09-04 02:00:00,643,3,0,2,0,977.0,10065.0,6446.0,30,4,0,0,0,0,3,0,3030.8520811716426,0,2025
2025-09-04 03:00:00,406,3,0,3,0,535.0,8758.0,6660.0,30,4,0,0,0,0,3,0,3031.2258728682064,0,2025
2025-09-04 04:00:00,454,3,0,4,0,318.0,8175.0,6955.0,30,4,0,0,0,0,3,0,3031.663702939048,0,2025
2025-09-04 05:00:00,931,3,0,5,0,322.0,7652.0,7034.0,30,4,0,0,0,0,3,0,3032.087791992947,0,2025
2025-09-04 06:00:00,2598,3,0,6,0,657.0,6654.0,7677.0,30,4,0,0,0,0,3,0,3032.386378813463,0,2025
2025-09-04 07:00:00,5589,3,0,7,0,1792.0,4267.0,7625.0,30,4,0,0,0,0,3,0,3032.347408035552,0,2025
2025-09-04 08:00:00,7061,3,0,8,0,4387.0,2747.0,8035.0,30,4,0,0,0,0,3,0,3032.0919974848703,0,2025
2025-09-04 09:00:00,6833,3,0,9,0,5531.0,977.0,9106.0,30,4,0,0,0,0,3,0,3031.9133912643206,0,2025
2025-09-04 10:00:00,6626,3,0,10,0,5989.0,535.0,9859.0,30,4,0,0,0,0,3,0,3031.71501771089,0,2025
2025-09-04 11:00:00,6955,3,0,11,0,6594.0,318.0,8568.0,30,4,0,0,0,0,3,0,3031.5012259910764,0,2025
2025-09-04 12:00:00,7087,3,0,12,0,7165.0,322.0,8442.0,30,4,0,0,0,0,3,0,3031.3131499489878,0,2025
2025-09-04 13:00:00,7322,3,0,13,0,7494.0,657.0,8086.0,30,4,0,0,0,0,3,0,3031.137096456582,0,2025
2025-09-04 14:00:00,8397,3,0,14,0,7708.0,1792.0,6913.0,30,4,0,0,0,0,3,0,3030.984815367323,0,2025
2025-09-04 15:00:00,8660,3,0,15,0,9106.0,4387.0,4701.0,30,4,0,0,0,0,3,0,3030.9804010475286,0,2025
2025-09-04 16:00:00,8638,3,0,16,0,9229.0,5531.0,2896.0,30,4,0,0,0,0,3,0,3031.021867797117,0,2025
2025-09-04 17:00:00,9898,3,0,17,0,9281.0,5989.0,1223.0,30,4,0,0,0,0,3,0,3031.059228243503,0,2025
2025-09-04 18:00:00,11228,3,0,18,0,9598.0,6594.0,643.0,30,4,0,0,0,0,3,0,3031.3684250309,0,2025
2025-09-04 19:00:00,11810,3,0,19,0,10611.0,7165.0,406.0,30,4,0,0,0,0,3,0,3032.060097997097,0,2025
2025-09-04 20:00:00,11323,3,0,20,0,11451.0,7494.0,454.0,30,4,0,0,0,0,3,0,3032.949425966553,0,2025
2025-09-04 21:00:00,8870,3,0,21,0,9451.0,7708.0,931.0,30,4,0,0,0,0,3,0,3033.6706400072862,0,2025
2025-09-04 22:00:00,8777,3,0,22,0,8447.0,9106.0,2598.0,30,4,0,0,0,0,3,0,3033.750015717714,0,2025
2025-09-04 23:00:00,6668,3,0,23,0,7952.0,9229.0,5589.0,30,4,0,0,0,0,3,0,3033.8115328551585,0,2025
2025-09-05 00:00:00,5928,3,0,0,0,5685.0,9281.0,7061.0,30,5,0,0,0,0,4,0,3033.6003938630342,0,2025
2025-09-05 01:00:00,3333,3,0,1,0,4622.0,9598.0,6833.0,30,5,0,0,0,0,4,0,3033.3522982841014,0,2025
2025-09-05 02:00:00,1302,3,0,2,0,2794.0,10611.0,6626.0,30,5,0,0,0,0,4,0,3033.215122672329,0,2025
2025-09-05 03:00:00,855,3,0,3,0,1084.0,11451.0,6955.0,30,5,0,0,0,0,4,0,3033.42578088808,0,2025
2025-09-05 04:00:00,682,3,0,4,0,644.0,9451.0,7087.0,30,5,0,0,0,0,4,0,3033.7434849825154,0,2025
2025-09-05 05:00:00,1146,3,0,5,0,464.0,8447.0,7322.0,30,5,0,0,0,0,4,0,3034.105338363374,0,2025
2025-09-05 06:00:00,2495,3,0,6,0,799.0,7952.0,8397.0,30,5,0,0,0,0,4,0,3034.351314644073,0,2025
2025-09-05 07:00:00,5079,3,0,7,0,1629.0,5685.0,8660.0,30,5,0,0,0,0,4,0,3034.3292287108898,0,2025
2025-09-05 08:00:00,5977,3,0,8,0,3812.0,4622.0,8638.0,30,5,0,0,0,0,4,0,3034.0763616220997,0,2025
2025-09-05 09:00:00,5889,3,0,9,0,4881.0,2794.0,9898.0,30,5,0,0,0,0,4,0,3033.830186764396,0,2025
2025-09-05 10:00:00,6039,3,0,10,0,5433.0,1084.0,11228.0,30,5,0,0,0,0,4,0,3033.581444097215,0,2025
2025-09-05 11:00:00,6339,3,0,11,0,6170.0,644.0,11810.0,30,5,0,0,0,0,4,0,3033.337498453008,0,2025
2025-09-05 12:00:00,6926,3,0,12,0,6497.0,464.0,11323.0,30,5,0,0,0,0,4,0,3033.1068271719787,0,2025
2025-09-05 13:00:00,7399,3,0,13,0,6832.0,799.0,8870.0,30,5,0,0,0,0,4,0,3032.9165068532493,0,2025
2025-09-05 14:00:00,8661,3,0,14,0,7603.0,1629.0,8777.0,30,5,0,0,0,0,4,0,3032.772590179646,0,2025
2025-09-05 15:00:00,8718,3,0,15,0,8724.0,3812.0,6668.0,30,5,0,0,0,0,4,0,3032.813104343746,0,2025
2025-09-05 16:00:00,8278,3,0,16,0,8800.0,4881.0,5928.0,30,5,0,0,0,0,4,0,3032.8639164784413,0,2025
2025-09-05 17:00:00,9572,3,0,17,0,8668.0,5433.0,3333.0,30,5,0,0,0,0,4,0,3032.838938145613,0,2025
2025-09-05 18:00:00,10586,3,0,18,0,9408.0,6170.0,1302.0,30,5,0,0,0,0,4,0,3033.0669900917924,0,2025
2025-09-05 19:00:00,9423,3,0,19,0,10387.0,6497.0,855.0,30,5,0,0,0,0,4,0,3033.5578794590374,0,2025
2025-09-05 20:00:00,8105,3,0,20,0,9327.0,6832.0,682.0,30,5,0,0,0,0,4,0,3033.751475622047,0,2025
2025-09-05 21:00:00,7542,3,0,21,0,8217.0,7603.0,1146.0,30,5,0,0,0,0,4,0,3033.699176336455,0,2025
2025-09-05 22:00:00,8053,3,0,22,0,8186.0,8724.0,2495.0,30,5,0,0,0,0,4,0,3033.571245568459,0,2025
2025-09-05 23:00:00,8731,3,0,23,0,8532.0,8800.0,5079.0,30,5,0,0,0,0,4,0,3033.5111542854,0,2025
2025-09-06 00:00:00,7473,3,0,0,0,8460.0,8668.0,5977.0,30,6,0,0,0,0,5,0,3033.5633247483306,0,2025
2025-09-06 01:00:00,5897,3,0,1,0,6716.0,9408.0,5889.0,30,6,0,0,0,0,5,0,3033.4272675991874,0,2025
2025-09-06 02:00:00,4374,3,0,2,0,5371.0,10387.0,6039.0,30,6,0,0,0,0,5,0,3033.1792568202227,0,2025
2025-09-06 03:00:00,2837,3,0,3,0,3848.0,9327.0,6339.0,30,6,0,0,0,0,5,0,3032.9537939919724,0,2025
2025-09-06 04:00:00,1628,3,0,4,0,2290.0,8217.0,6926.0,30,6,0,0,0,0,5,0,3032.8812432947607,0,2025
2025-09-06 05:00:00,837,3,0,5,0,1195.0,8186.0,7399.0,30,6,0,0,0,0,5,0,3033.020719815757,0,2025
2025-09-06 06:00:00,1216,3,0,6,0,536.0,8532.0,8661.0,30,6,0,0,0,0,5,0,3033.3424595983192,0,2025
2025-09-06 07:00:00,1938,3,0,7,0,802.0,8460.0,8718.0,30,6,0,0,0,0,5,0,3033.5721677651595,0,2025
2025-09-06 08:00:00,3093,3,0,8,0,1608.0,6716.0,8278.0,30,6,0,0,0,0,5,0,3033.648982389211,0,2025
2025-09-06 09:00:00,4345,3,0,9,0,2846.0,5371.0,9572.0,30,6,0,0,0,0,5,0,3033.541494916648,0,2025
2025-09-06 10:00:00,5388,3,0,10,0,3969.0,3848.0,10586.0,30,6,0,0,0,0,5,0,3033.3177206766118,0,2025
2025-09-06 11:00:00,6210,3,0,11,0,5317.0,2290.0,9423.0,30,6,0,0,0,0,5,0,3033.063325357692,0,2025
2025-09-06 12:00:00,6974,3,0,12,0,6382.0,1195.0,8105.0,30,6,0,0,0,0,5,0,3032.827202857342,0,2025
2025-09-06 13:00:00,7485,3,0,13,0,7199.0,536.0,7542.0,30,6,0,0,0,0,5,0,3032.641543425286,0,2025
2025-09-06 14:00:00,8701,3,0,14,0,7847.0,802.0,8053.0,30,6,0,0,0,0,5,0,3032.507621910829,0,2025
2025-09-06 15:00:00,9658,3,0,15,0,9165.0,1608.0,8731.0,30,6,0,0,0,0,5,0,3032.5547361876534,0,2025
2025-09-06 16:00:00,7185,3,0,16,0,8837.0,2846.0,7473.0,30,6,0,0,0,0,5,0,3032.8015952120927,0,2025
2025-09-06 17:00:00,7797,3,0,17,0,7238.0,3969.0,5897.0,30,6,0,0,0,0,5,0,3032.635472207059,0,2025
2025-09-06 18:00:00,8911,3,0,18,0,8227.0,5317.0,4374.0,30,6,0,0,0,0,5,0,3032.540030080548,0,2025
2025-09-06 19:00:00,9347,3,0,19,0,9137.0,6382.0,2837.0,30,6,0,0,0,0,5,0,3032.626236533538,0,2025
2025-09-06 20:00:00,10130,3,0,20,0,8912.0,7199.0,1628.0,30,6,0,0,0,0,5,0,3032.8020265367427,0,2025
2025-09-06 21:00:00,9088,3,0,21,0,9441.0,7847.0,837.0,30,6,0,0,0,0,5,0,3033.165015474108,0,2025
2025-09-06 22:00:00,8396,3,0,22,0,8576.0,9165.0,1216.0,30,6,0,0,0,0,5,0,3033.285790397005,0,2025
2025-09-06 23:00:00,9097,3,0,23,0,8219.0,8837.0,1938.0,30,6,0,0,0,0,5,0,3033.2789351331826,0,2025
2025-09-07 00:00:00,8575,3,0,0,0,7643.0,7238.0,3093.0,30,7,0,0,0,0,6,0,3033.4012500681283,0,2025
2025-09-07 01:00:00,6947,3,0,1,0,6347.0,8227.0,4345.0,30,7,0,0,0,0,6,0,3033.424608312986,0,2025
2025-09-07 02:00:00,4923,3,0,2,0,5242.0,9137.0,5388.0,30,7,0,0,0,0,6,0,3033.2363765024747,0,2025
2025-09-07 03:00:00,3106,3,0,3,0,3783.0,8912.0,6210.0,30,7,0,0,0,0,6,0,3032.9890877135667,0,2025
2025-09-07 04:00:00,2101,3,0,4,0,2483.0,9441.0,6974.0,30,7,0,0,0,0,6,0,3032.881220850867,0,2025
2025-09-07 05:00:00,1088,3,0,5,0,1346.0,8576.0,7485.0,30,7,0,0,0,0,6,0,3032.928559529133,0,2025
2025-09-07 06:00:00,1429,3,0,6,0,655.0,8219.0,8701.0,30,7,0,0,0,0,6,0,3033.1885036929834,0,2025
2025-09-07 07:00:00,2228,3,0,7,0,835.0,7643.0,9658.0,30,7,0,0,0,0,6,0,3033.3702796967223,0,2025
2025-09-07 08:00:00,3462,3,0,8,0,1496.0,6347.0,7185.0,30,7,0,0,0,0,6,0,3033.394492955753,0,2025
2025-09-07 09:00:00,4362,3,0,9,0,2743.0,5242.0,7797.0,30,7,0,0,0,0,6,0,3033.244754767226,0,2025
2025-09-07 10:00:00,5937,3,0,10,0,3689.0,3783.0,8911.0,30,7,0,0,0,0,6,0,3033.021147083924,0,2025
2025-09-07 11:00:00,7345,3,0,11,0,5298.0,2483.0,9347.0,30,7,0,0,0,0,6,0,3032.775670395209,0,2025
2025-09-07 12:00:00,8431,3,0,12,0,6389.0,1346.0,10130.0,30,7,0,0,0,0,6,0,3032.6263012598865,0,2025
2025-09-07 13:00:00,7705,3,0,13,0,7750.0,655.0,9088.0,30,7,0,0,0,0,6,0,3032.6255561538164,0,2025
2025-09-07 14:00:00,7385,3,0,14,0,7002.0,835.0,8396.0,30,7,0,0,0,0,6,0,3032.5182192979514,0,2025
2025-09-07 15:00:00,6844,3,0,15,0,7292.0,1496.0,9097.0,30,7,0,0,0,0,6,0,3032.373144355468,0,2025
2025-09-07 16:00:00,6823,3,0,16,0,7351.0,2743.0,8575.0,30,7,0,0,0,0,6,0,3032.1771371282766,0,2025
2025-09-07 17:00:00,7022,3,0,17,0,7395.0,3689.0,6947.0,30,7,0,0,0,0,6,0,3031.979511579849,0,2025
2025-09-07 18:00:00,6975,3,0,18,0,7708.0,5298.0,4923.0,30,7,0,0,0,0,6,0,3031.798545975446,0,2025
2025-09-07 19:00:00,6625,3,0,19,0,7419.0,6389.0,3106.0,30,7,0,0,0,0,6,0,3031.6134839348383,0,2025
2025-09-07 20:00:00,5846,3,0,20,0,6858.0,7750.0,2101.0,30,7,0,0,0,0,6,0,3031.4015843517177,0,2025
2025-09-07 21:00:00,5282,3,0,21,0,5946.0,7002.0,1088.0,30,7,0,0,0,0,6,0,3031.1541374328126,0,2025
2025-09-07 22:00:00,4697,3,0,22,0,5354.0,7292.0,1429.0,30,7,0,0,0,0,6,0,3030.901821087602,0,2025
2025-09-07 23:00:00,3590,3,0,23,0,4375.0,7351.0,2228.0,30,7,0,0,0,0,6,0,3030.662939440998,0,2025
2025-09-08 00:00:00,2719,3,0,0,0,3181.0,7395.0,3462.0,30,8,0,0,0,0,0,0,3030.500913602509,0,2025
2025-09-08 01:00:00,1117,3,0,1,0,2435.0,7708.0,4362.0,30,8,0,0,0,0,0,0,3030.4466752814296,0,2025
2025-09-08 02:00:00,486,3,0,2,0,925.0,7419.0,5937.0,30,8,0,0,0,0,0,0,3030.6994304621544,0,2025
2025-09-08 03:00:00,377,3,0,3,0,333.0,6858.0,7345.0,30,8,0,0,0,0,0,0,3031.111505930964,0,2025
2025-09-08 04:00:00,628,3,0,4,0,231.0,5946.0,8431.0,30,8,0,0,0,0,0,0,3031.5529370223903,0,2025
2025-09-08 05:00:00,1236,3,0,5,0,423.0,5354.0,7705.0,30,8,0,0,0,0,0,0,3031.926383773399,0,2025
2025-09-08 06:00:00,2669,3,0,6,0,785.0,4375.0,7385.0,30,8,0,0,0,0,0,0,3032.150251099538,0,2025
2025-09-08 07:00:00,5117,3,0,7,0,1811.0,3181.0,6844.0,30,8,0,0,0,0,0,0,3032.1026168054614,0,2025
2025-09-08 08:00:00,6604,3,0,8,0,3673.0,2435.0,6823.0,30,8,0,0,0,0,0,0,3031.85242221463,0,2025
2025-09-08 09:00:00,6122,3,0,9,0,5191.0,925.0,7022.0,30,8,0,0,0,0,0,0,3031.639891574607,0,2025
2025-09-08 10:00:00,5734,3,0,10,0,5473.0,333.0,6975.0,30,8,0,0,0,0,0,0,3031.401927383995,0,2025
2025-09-08 11:00:00,5842,3,0,11,0,5763.0,231.0,6625.0,30,8,0,0,0,0,0,0,3031.152778711159,0,2025
2025-09-08 12:00:00,6268,3,0,12,0,6075.0,423.0,5846.0,30,8,0,0,0,0,0,0,3030.9059898115715,0,2025
2025-09-08 13:00:00,6323,3,0,13,0,6450.0,785.0,5282.0,30,8,0,0,0,0,0,0,3030.674565932188,0,2025
2025-09-08 14:00:00,7425,3,0,14,0,6724.0,1811.0,4697.0,30,8,0,0,0,0,0,0,3030.4458956301496,0,2025
2025-09-08 15:00:00,7711,3,0,15,0,7805.0,3673.0,3590.0,30,8,0,0,0,0,0,0,3030.306358225576,0,2025
2025-09-08 16:00:00,7564,3,0,16,0,8154.0,5191.0,2719.0,30,8,0,0,0,0,0,0,3030.200822161575,0,2025
2025-09-08 17:00:00,8728,3,0,17,0,8004.0,5473.0,1117.0,30,8,0,0,0,0,0,0,3030.077239067094,0,2025
2025-09-08 18:00:00,8735,3,0,18,0,8931.0,5763.0,486.0,30,8,0,0,0,0,0,0,3030.1288310025952,0,2025
2025-09-08 19:00:00,7743,3,0,19,0,8952.0,6075.0,377.0,30,8,0,0,0,0,0,0,3030.1815819021303,0,2025
2025-09-08 20:00:00,7808,3,0,20,0,8022.0,6450.0,628.0,30,8,0,0,0,0,0,0,3030.079975550037,0,2025
2025-09-08 21:00:00,7612,3,0,21,0,7592.0,6724.0,1236.0,30,8,0,0,0,0,0,0,3029.986802099305,0,2025
2025-09-08 22:00:00,5965,3,0,22,0,6866.0,7805.0,2669.0,30,8,0,0,0,0,0,0,3029.868828115668,0,2025
2025-09-08 23:00:00,3876,3,0,23,0,5317.0,8154.0,5117.0,30,8,0,0,0,0,0,0,3029.6258768283114,0,2025
2025-09-09 00:00:00,1994,3,0,0,0,3176.0,8004.0,6604.0,30,9,0,0,0,0,1,0,3029.4383334376766,0,2025
2025-09-09 01:00:00,803,3,0,1,0,1665.0,8931.0,6122.0,30,9,0,0,0,0,1,0,3029.5053793423917,0,2025
2025-09-09 02:00:00,413,3,0,2,0,622.0,8952.0,5734.0,30,9,0,0,0,0,1,0,3029.833543930899,0,2025
2025-09-09 03:00:00,327,3,0,3,0,290.0,8022.0,5842.0,30,9,0,0,0,0,1,0,3030.263754947431,0,2025
2025-09-09 04:00:00,425,3,0,4,0,220.0,7592.0,6268.0,30,9,0,0,0,0,1,0,3030.717221949476,0,2025
2025-09-09 05:00:00,941,3,0,5,0,264.0,6866.0,6323.0,30,9,0,0,0,0,1,0,3031.143291310685,0,2025
2025-09-09 06:00:00,2441,3,0,6,0,696.0,5317.0,7425.0,30,9,0,0,0,0,1,0,3031.435786623778,0,2025
2025-09-09 07:00:00,5523,3,0,7,0,1833.0,3176.0,7711.0,30,9,0,0,0,0,1,0,3031.4237495872007,0,2025
2025-09-09 08:00:00,6929,3,0,8,0,4305.0,1665.0,7564.0,30,9,0,0,0,0,1,0,3031.172841408045,0,2025
2025-09-09 09:00:00,6962,3,0,9,0,5506.0,622.0,8728.0,30,9,0,0,0,0,1,0,3030.9856041419357,0,2025
2025-09-09 10:00:00,6304,3,0,10,0,6161.0,290.0,8735.0,30,9,0,0,0,0,1,0,3030.8011868042645,0,2025
2025-09-09 11:00:00,6354,3,0,11,0,6218.0,220.0,7743.0,30,9,0,0,0,0,1,0,3030.572411054988,0,2025
2025-09-09 12:00:00,6942,3,0,12,0,6586.0,264.0,7808.0,30,9,0,0,0,0,1,0,3030.346227562426,0,2025
2025-09-09 13:00:00,6804,3,0,13,0,7180.0,696.0,7612.0,30,9,0,0,0,0,1,0,3030.160223198074,0,2025
2025-09-09 14:00:00,7797,3,0,14,0,7155.0,1833.0,5965.0,30,9,0,0,0,0,1,0,3029.9631351662333,0,2025
2025-09-09 15:00:00,8415,3,0,15,0,8151.0,4305.0,3876.0,30,9,0,0,0,0,1,0,3029.869221253755,0,2025
2025-09-09 16:00:00,8375,3,0,16,0,8811.0,5506.0,1994.0,30,9,0,0,0,0,1,0,3029.866650942809,0,2025
2025-09-09 17:00:00,9985,3,0,17,0,8794.0,6161.0,803.0,30,9,0,0,0,0,1,0,3029.857456116604,0,2025
2025-09-09 18:00:00,10668,3,0,18,0,9743.0,6218.0,413.0,30,9,0,0,0,0,1,0,3030.180482091617,0,2025
2025-09-09 19:00:00,9039,3,0,19,0,10470.0,6586.0,327.0,30,9,0,0,0,0,1,0,3030.686824503536,0,2025
2025-09-09 20:00:00,9691,3,0,20,0,9138.0,7180.0,425.0,30,9,0,0,0,0,1,0,3030.7969207501183,0,2025
2025-09-09 21:00:00,10363,3,0,21,0,8875.0,7155.0,941.0,30,9,0,0,0,0,1,0,3031.0478217954064,0,2025
2025-09-09 22:00:00,8340,3,0,22,0,8526.0,8151.0,2441.0,30,9,0,0,0,0,1,0,3031.4679450704234,0,2025
2025-09-09 23:00:00,5006,3,0,23,0,6512.0,8811.0,5523.0,30,9,0,0,0,0,1,0,3031.452173048496,0,2025
2025-09-10 00:00:00,2343,3,0,0,0,4034.0,8794.0,6929.0,30,10,0,0,0,0,2,0,3031.2058619792174,0,2025
2025-09-10 01:00:00,1086,3,0,1,0,1968.0,9743.0,6962.0,30,10,0,0,0,0,2,0,3031.211039886028,0,2025
2025-09-10 02:00:00,605,3,0,2,0,916.0,10470.0,6304.0,30,10,0,0,0,0,2,0,3031.4690863010087,0,2025
2025-09-10 03:00:00,359,3,0,3,0,497.0,9138.0,6354.0,30,10,0,0,0,0,2,0,3031.846387938725,0,2025
2025-09-10 04:00:00,468,3,0,4,0,259.0,8875.0,6942.0,30,10,0,0,0,0,2,0,3032.2892851370093,0,2025
2025-09-10 05:00:00,941,3,0,5,0,346.0,8526.0,6804.0,30,10,0,0,0,0,2,0,3032.702117135266,0,2025
2025-09-10 06:00:00,2853,3,0,6,0,716.0,6512.0,7797.0,30,10,0,0,0,0,2,0,3032.9935331535457,0,2025
2025-09-10 07:00:00,5742,3,0,7,0,2102.0,4034.0,8415.0,30,10,0,0,0,0,2,0,3032.919826892018,0,2025
2025-09-10 08:00:00,8083,3,0,8,0,4337.0,1968.0,8375.0,30,10,0,0,0,0,2,0,3032.6725384917963,0,2025
2025-09-10 09:00:00,8039,3,0,9,0,6047.0,916.0,9985.0,30,10,0,0,0,0,2,0,3032.617970212761,0,2025
2025-09-10 10:00:00,7292,3,0,10,0,6163.0,497.0,10668.0,30,10,0,0,0,0,2,0,3032.556984211656,0,2025
2025-09-10 11:00:00,7018,3,0,11,0,6763.0,259.0,9039.0,30,10,0,0,0,0,2,0,3032.40391848552,0,2025
2025-09-10 12:00:00,7230,3,0,12,0,7049.0,346.0,9691.0,30,10,0,0,0,0,2,0,3032.224724635003,0,2025
2025-09-10 13:00:00,7361,3,0,13,0,7367.0,716.0,10363.0,30,10,0,0,0,0,2,0,3032.0654172937675,0,2025
2025-09-10 14:00:00,8152,3,0,14,0,7598.0,2102.0,8340.0,30,10,0,0,0,0,2,0,3031.9196157913007,0,2025
2025-09-10 15:00:00,8552,3,0,15,0,8311.0,4337.0,5006.0,30,10,0,0,0,0,2,0,3031.8750981167395,0,2025
2025-09-10 16:00:00,8717,3,0,16,0,8879.0,6047.0,2343.0,30,10,0,0,0,0,2,0,3031.8946785337503,0,2025
2025-09-10 17:00:00,10385,3,0,17,0,8769.0,6163.0,1086.0,30,10,0,0,0,0,2,0,3031.943151365265,0,2025
2025-09-10 18:00:00,11298,3,0,18,0,9758.0,6763.0,605.0,30,10,0,0,0,0,2,0,3032.367541610595,0,2025
2025-09-10 19:00:00,10188,3,0,19,0,10576.0,7049.0,359.0,30,10,0,0,0,0,2,0,3033.061242388392,0,2025
2025-09-10 20:00:00,9967,3,0,20,0,9816.0,7367.0,468.0,30,10,0,0,0,0,2,0,3033.4324366802693,0,2025
2025-09-10 21:00:00,10482,3,0,21,0,9293.0,7598.0,941.0,30,10,0,0,0,0,2,0,3033.747198735933,0,2025
2025-09-10 22:00:00,9160,3,0,22,0,9348.0,8311.0,2853.0,30,10,0,0,0,0,2,0,3034.196328493943,0,2025
2025-09-10 23:00:00,6465,3,0,23,0,7759.0,8879.0,5742.0,30,10,0,0,0,0,2,0,3034.3283786070856,0,2025
2025-09-11 00:00:00,3505,3,0,0,0,5337.0,8769.0,8083.0,30,11,0,0,0,0,3,0,3034.1087159558906,0,2025
2025-09-11 01:00:00,1734,3,0,1,0,2799.0,9758.0,8039.0,30,11,0,0,0,0,3,0,3033.957281953408,0,2025
2025-09-11 02:00:00,875,3,0,2,0,1367.0,10576.0,7292.0,30,11,0,0,0,0,3,0,3034.073946476922,0,2025
2025-09-11 03:00:00,588,3,0,3,0,752.0,9816.0,7018.0,30,11,0,0,0,0,3,0,3034.381695497786,0,2025
2025-09-11 04:00:00,579,3,0,4,0,467.0,9293.0,7230.0,30,11,0,0,0,0,3,0,3034.761913594339,0,2025
2025-09-11 05:00:00,1125,3,0,5,0,424.0,9348.0,7361.0,30,11,0,0,0,0,3,0,3035.144105278868,0,2025
2025-09-11 06:00:00,2744,3,0,6,0,779.0,7759.0,8152.0,30,11,0,0,0,0,3,0,3035.3911382201304,0,2025
2025-09-11 07:00:00,5623,3,0,7,0,1829.0,5337.0,8552.0,30,11,0,0,0,0,3,0,3035.333372659066,0,2025
2025-09-11 08:00:00,7036,3,0,8,0,4213.0,2799.0,8717.0,30,11,0,0,0,0,3,0,3035.0849925853986,0,2025
2025-09-11 09:00:00,6704,3,0,9,0,5407.0,1367.0,10385.0,30,11,0,0,0,0,3,0,3034.907453239028,0,2025
2025-09-11 10:00:00,6398,3,0,10,0,5747.0,752.0,11298.0,30,11,0,0,0,0,3,0,3034.7035921212064,0,2025
2025-09-11 11:00:00,6587,3,0,11,0,6253.0,467.0,10188.0,30,11,0,0,0,0,3,0,3034.480780421062,0,2025
2025-09-11 12:00:00,6992,3,0,12,0,6568.0,424.0,9967.0,30,11,0,0,0,0,3,0,3034.26914364863,0,2025
2025-09-11 13:00:00,7352,3,0,13,0,7225.0,779.0,10482.0,30,11,0,0,0,0,3,0,3034.087900880192,0,2025
2025-09-11 14:00:00,8314,3,0,14,0,7735.0,1829.0,9160.0,30,11,0,0,0,0,3,0,3033.9411130588,0,2025
2025-09-11 15:00:00,9024,3,0,15,0,8598.0,4213.0,6465.0,30,11,0,0,0,0,3,0,3033.9207370195327,0,2025
2025-09-11 16:00:00,9122,3,0,16,0,9056.0,5407.0,3505.0,30,11,0,0,0,0,3,0,3034.025682710835,0,2025
2025-09-11 17:00:00,10794,3,0,17,0,9165.0,5747.0,1734.0,30,11,0,0,0,0,3,0,3034.149917410942,0,2025
2025-09-11 18:00:00,11613,3,0,18,0,10303.0,6253.0,875.0,30,11,0,0,0,0,3,0,3034.6856367911478,0,2025
2025-09-11 19:00:00,10658,3,0,19,0,11034.0,6568.0,588.0,30,11,0,0,0,0,3,0,3035.477512705899,0,2025
2025-09-11 20:00:00,10230,3,0,20,0,9844.0,7225.0,579.0,30,11,0,0,0,0,3,0,3035.9729607785807,0,2025
2025-09-11 21:00:00,10070,3,0,21,0,9186.0,7735.0,1125.0,30,11,0,0,0,0,3,0,3036.3514853622264,0,2025
2025-09-11 22:00:00,9694,3,0,22,0,9353.0,8598.0,2744.0,30,11,0,0,0,0,3,0,3036.68866542768,0,2025
2025-09-11 23:00:00,7977,3,0,23,0,8716.0,9056.0,5623.0,30,11,0,0,0,0,3,0,3036.934715978958,0,2025
2025-09-12 00:00:00,5055,3,0,0,0,6537.0,9165.0,7036.0,30,12,0,0,0,0,4,0,3036.8631095423893,0,2025
2025-09-12 01:00:00,2758,3,0,1,0,4161.0,10303.0,6704.0,30,12,0,0,0,0,4,0,3036.617485551562,0,2025
2025-09-12 02:00:00,1751,3,0,2,0,2557.0,11034.0,6398.0,30,12,0,0,0,0,4,0,3036.5588727794507,0,2025
2025-09-12 03:00:00,1101,3,0,3,0,1496.0,9844.0,6587.0,30,12,0,0,0,0,4,0,3036.671959102317,0,2025
2025-09-12 04:00:00,986,3,0,4,0,895.0,9186.0,6992.0,30,12,0,0,0,0,4,0,3036.9247640986923,0,2025
2025-09-12 05:00:00,1368,3,0,5,0,614.0,9353.0,7352.0,30,12,0,0,0,0,4,0,3037.2044111906766,0,2025
2025-09-12 06:00:00,2720,3,0,6,0,812.0,8716.0,8314.0,30,12,0,0,0,0,4,0,3037.396502424267,0,2025
2025-09-12 07:00:00,5206,3,0,7,0,1717.0,6537.0,9024.0,30,12,0,0,0,0,4,0,3037.3428531351483,0,2025
2025-09-12 08:00:00,6054,3,0,8,0,3629.0,4161.0,9122.0,30,12,0,0,0,0,4,0,3037.095124842842,0,2025
2025-09-12 09:00:00,5967,3,0,9,0,4624.0,2557.0,10794.0,30,12,0,0,0,0,4,0,3036.857522816942,0,2025
2025-09-12 10:00:00,5931,3,0,10,0,5240.0,1496.0,11613.0,30,12,0,0,0,0,4,0,3036.6171589234928,0,2025
2025-09-12 11:00:00,6427,3,0,11,0,5783.0,895.0,10658.0,30,12,0,0,0,0,4,0,3036.3758058296658,0,2025
2025-09-12 12:00:00,7047,3,0,12,0,6459.0,614.0,10230.0,30,12,0,0,0,0,4,0,3036.1550722052048,0,2025
2025-09-12 13:00:00,7191,3,0,13,0,6939.0,812.0,10070.0,30,12,0,0,0,0,4,0,3035.9787335073,0,2025
2025-09-12 14:00:00,8749,3,0,14,0,7009.0,1717.0,9694.0,30,12,0,0,0,0,4,0,3035.8156811245854,0,2025
2025-09-12 15:00:00,9223,3,0,15,0,8591.0,3629.0,7977.0,30,12,0,0,0,0,4,0,3035.8675611016547,0,2025
2025-09-12 16:00:00,9547,3,0,16,0,8859.0,4624.0,5055.0,30,12,0,0,0,0,4,0,3036.0106342987438,0,2025
2025-09-12 17:00:00,10817,3,0,17,0,9158.0,5240.0,2758.0,30,12,0,0,0,0,4,0,3036.222879406393,0,2025
2025-09-12 18:00:00,11865,3,0,18,0,10120.0,5783.0,1751.0,30,12,0,0,0,0,4,0,3036.761130018411,0,2025
2025-09-12 19:00:00,11365,3,0,19,0,10769.0,6459.0,1101.0,30,12,0,0,0,0,4,0,3037.6332876411807,0,2025
2025-09-12 20:00:00,10030,3,0,20,0,9876.0,6939.0,986.0,30,12,0,0,0,0,4,0,3038.337716937074,0,2025
2025-09-12 21:00:00,9393,3,0,21,0,8712.0,7009.0,1368.0,30,12,0,0,0,0,4,0,3038.66211291846,0,2025
2025-09-12 22:00:00,10614,3,0,22,0,9110.0,8591.0,2720.0,30,12,0,0,0,0,4,0,3038.83902445761,0,2025
2025-09-12 23:00:00,9931,3,0,23,0,9831.0,8859.0,5206.0,30,12,0,0,0,0,4,0,3039.316857791986,0,2025
2025-09-13 00:00:00,8979,3,0,0,0,8520.0,9158.0,6054.0,30,13,0,0,0,0,5,0,3039.615990265993,0,2025
2025-09-13 01:00:00,7211,3,0,1,0,7165.0,10120.0,5967.0,30,13,0,0,0,0,5,0,3039.70830131512,0,2025
2025-09-13 02:00:00,5649,3,0,2,0,5543.0,10769.0,5931.0,30,13,0,0,0,0,5,0,3039.546251403066,0,2025
2025-09-13 03:00:00,3704,3,0,3,0,4491.0,9876.0,6427.0,30,13,0,0,0,0,5,0,3039.299407798389,0,2025
2025-09-13 04:00:00,2261,3,0,4,0,2838.0,8712.0,7047.0,30,13,0,0,0,0,5,0,3039.130282749801,0,2025
2025-09-13 05:00:00,1114,3,0,5,0,1504.0,9110.0,7191.0,30,13,0,0,0,0,5,0,3039.150083480367,0,2025
2025-09-13 06:00:00,1530,3,0,6,0,693.0,9831.0,8749.0,30,13,0,0,0,0,5,0,3039.399656737176,0,2025
2025-09-13 07:00:00,2262,3,0,7,0,965.0,8520.0,9223.0,30,13,0,0,0,0,5,0,3039.5574702046874,0,2025
2025-09-13 08:00:00,3239,3,0,8,0,1662.0,7165.0,9547.0,30,13,0,0,0,0,5,0,3039.576705236212,0,2025
2025-09-13 09:00:00,4780,3,0,9,0,2773.0,5543.0,10817.0,30,13,0,0,0,0,5,0,3039.456006138665,0,2025
2025-09-13 10:00:00,5744,3,0,10,0,4399.0,4491.0,11865.0,30,13,0,0,0,0,5,0,3039.2189153328204,0,2025
2025-09-13 11:00:00,6606,3,0,11,0,5749.0,2838.0,11365.0,30,13,0,0,0,0,5,0,3038.9738864797164,0,2025
2025-09-13 12:00:00,7375,3,0,12,0,6711.0,1504.0,10030.0,30,13,0,0,0,0,5,0,3038.764003294777,0,2025
2025-09-13 13:00:00,8192,3,0,13,0,7392.0,693.0,9393.0,30,13,0,0,0,0,5,0,3038.6191028316325,0,2025
2025-09-13 14:00:00,8400,3,0,14,0,8112.0,965.0,10614.0,30,13,0,0,0,0,5,0,3038.577940680615,0,2025
2025-09-13 15:00:00,8840,3,0,15,0,8613.0,1662.0,9931.0,30,13,0,0,0,0,5,0,3038.5688418965,0,2025
2025-09-13 16:00:00,9161,3,0,16,0,9237.0,2773.0,8979.0,30,13,0,0,0,0,5,0,3038.6352324120844,0,2025
2025-09-13 17:00:00,10006,3,0,17,0,9453.0,4399.0,7211.0,30,13,0,0,0,0,5,0,3038.763153490326,0,2025
2025-09-13 18:00:00,10691,3,0,18,0,9865.0,5749.0,5649.0,30,13,0,0,0,0,5,0,3039.0795507820885,0,2025
2025-09-13 19:00:00,10818,3,0,19,0,10313.0,6711.0,3704.0,30,13,0,0,0,0,5,0,3039.5765602759566,0,2025
2025-09-13 20:00:00,9421,3,0,20,0,10001.0,7392.0,2261.0,30,13,0,0,0,0,5,0,3040.10937359064,0,2025
2025-09-13 21:00:00,9092,3,0,21,0,8617.0,8112.0,1114.0,30,13,0,0,0,0,5,0,3040.290173411176,0,2025
2025-09-13 22:00:00,10460,3,0,22,0,8661.0,8613.0,1530.0,30,13,0,0,0,0,5,0,3040.4032142835435,0,2025
2025-09-13 23:00:00,10834,3,0,23,0,9740.0,9237.0,2262.0,30,13,0,0,0,0,5,0,3040.8349083776698,0,2025
2025-09-14 00:00:00,9484,3,0,0,0,9386.0,9453.0,3239.0,30,14,0,0,0,0,6,0,3041.370724311891,0,2025
2025-09-14 01:00:00,7545,3,0,1,0,7514.0,9865.0,4780.0,30,14,0,0,0,0,6,0,3041.564072365834,0,2025
2025-09-14 02:00:00,6420,3,0,2,0,5877.0,10313.0,5744.0,30,14,0,0,0,0,6,0,3041.4367704200886,0,2025
2025-09-14 03:00:00,4205,3,0,3,0,4548.0,10001.0,6606.0,30,14,0,0,0,0,6,0,3041.2157752420103,0,2025
2025-09-14 04:00:00,2829,3,0,4,0,2794.0,8617.0,7375.0,30,14,0,0,0,0,6,0,3041.0082466522485,0,2025
2025-09-14 05:00:00,1408,3,0,5,0,1765.0,8661.0,8192.0,30,14,0,0,0,0,6,0,3040.9412091692047,0,2025
2025-09-14 06:00:00,1713,3,0,6,0,791.0,9740.0,8400.0,30,14,0,0,0,0,6,0,3041.1253743596776,0,2025
2025-09-14 07:00:00,2423,3,0,7,0,954.0,9386.0,8840.0,30,14,0,0,0,0,6,0,3041.2463291496883,0,2025
2025-09-14 08:00:00,3242,3,0,8,0,1670.0,7514.0,9161.0,30,14,0,0,0,0,6,0,3041.239772730449,0,2025
2025-09-14 09:00:00,4854,3,0,9,0,2931.0,5877.0,10006.0,30,14,0,0,0,0,6,0,3041.1197419232144,0,2025
2025-09-14 10:00:00,5970,3,0,10,0,4448.0,4548.0,10691.0,30,14,0,0,0,0,6,0,3040.881258835574,0,2025
2025-09-14 11:00:00,6998,3,0,11,0,5648.0,2794.0,10818.0,30,14,0,0,0,0,6,0,3040.6421784332715,0,2025
2025-09-14 12:00:00,8116,3,0,12,0,6733.0,1765.0,9421.0,30,14,0,0,0,0,6,0,3040.4614258292563,0,2025
2025-09-14 13:00:00,8335,3,0,13,0,7746.0,791.0,9092.0,30,14,0,0,0,0,6,0,3040.4081330315416,0,2025
2025-09-14 14:00:00,8564,3,0,14,0,8166.0,954.0,10460.0,30,14,0,0,0,0,6,0,3040.387566184195,0,2025
2025-09-14 15:00:00,8245,3,0,15,0,8339.0,1670.0,10834.0,30,14,0,0,0,0,6,0,3040.403929136149,0,2025
2025-09-14 16:00:00,8645,3,0,16,0,7918.0,2931.0,9484.0,30,14,0,0,0,0,6,0,3040.3694479590067,0,2025
2025-09-14 17:00:00,8883,3,0,17,0,8491.0,4448.0,7545.0,30,14,0,0,0,0,6,0,3040.3993944555677,0,2025
2025-09-14 18:00:00,8747,3,0,18,0,8625.0,5648.0,6420.0,30,14,0,0,0,0,6,0,3040.471648623636,0,2025
2025-09-14 19:00:00,7734,3,0,19,0,8492.0,6733.0,4205.0,30,14,0,0,0,0,6,0,3040.519179781918,0,2025
2025-09-14 20:00:00,6811,3,0,20,0,7035.0,7746.0,2829.0,30,14,0,0,0,0,6,0,3040.4145162723685,0,2025
2025-09-14 21:00:00,5821,3,0,21,0,6510.0,8166.0,1408.0,30,14,0,0,0,0,6,0,3040.218965055536,0,2025
2025-09-14 22:00:00,5094,3,0,22,0,5655.0,8339.0,1713.0,30,14,0,0,0,0,6,0,3039.9765166231773,0,2025
2025-09-14 23:00:00,3398,3,0,23,0,4459.0,7918.0,2423.0,30,14,0,0,0,0,6,0,3039.732961301881,0,2025
2025-09-15 00:00:00,2225,3,0,0,0,2904.0,8491.0,3242.0,30,15,0,0,0,0,0,0,3039.596338886973,0,2025
2025-09-15 01:00:00,1095,3,0,1,0,1857.0,8625.0,4854.0,30,15,0,0,0,0,0,0,3039.6233416093737,0,2025
2025-09-15 02:00:00,579,3,0,2,0,813.0,8492.0,5970.0,30,15,0,0,0,0,0,0,3039.8771801716457,0,2025
2025-09-15 03:00:00,490,3,0,3,0,317.0,7035.0,6998.0,30,15,0,0,0,0,0,0,3040.2569643248094,0,2025
2025-09-15 04:00:00,690,3,0,4,0,311.0,6510.0,8116.0,30,15,0,0,0,0,0,0,3040.659568206154,0,2025
2025-09-15 05:00:00,1380,3,0,5,0,372.0,5655.0,8335.0,30,15,0,0,0,0,0,0,3041.010273887653,0,2025
2025-09-15 06:00:00,2881,3,0,6,0,846.0,4459.0,8564.0,30,15,0,0,0,0,0,0,3041.1993661607344,0,2025
2025-09-15 07:00:00,5449,3,0,7,0,1868.0,2904.0,8245.0,30,15,0,0,0,0,0,0,3041.1250983214136,0,2025
2025-09-15 08:00:00,6945,3,0,8,0,3933.0,1857.0,8645.0,30,15,0,0,0,0,0,0,3040.878862183842,0,2025
2025-09-15 09:00:00,6260,3,0,9,0,5220.0,813.0,8883.0,30,15,0,0,0,0,0,0,3040.6943791240706,0,2025
2025-09-15 10:00:00,5892,3,0,10,0,5670.0,317.0,8747.0,30,15,0,0,0,0,0,0,3040.466900631236,0,2025
2025-09-15 11:00:00,6030,3,0,11,0,5946.0,311.0,7734.0,30,15,0,0,0,0,0,0,3040.2266774156765,0,2025
2025-09-15 12:00:00,6531,3,0,12,0,6237.0,372.0,6811.0,30,15,0,0,0,0,0,0,3039.990463652028,0,2025
2025-09-15 13:00:00,6697,3,0,13,0,6861.0,846.0,5821.0,30,15,0,0,0,0,0,0,3039.7771698721835,0,2025
2025-09-15 14:00:00,7356,3,0,14,0,7192.0,1868.0,5094.0,30,15,0,0,0,0,0,0,3039.574439512781,0,2025
2025-09-15 15:00:00,8068,3,0,15,0,7868.0,3933.0,3398.0,30,15,0,0,0,0,0,0,3039.4279636007373,0,2025
2025-09-15 16:00:00,8128,3,0,16,0,8536.0,5220.0,2225.0,30,15,0,0,0,0,0,0,3039.3681813882795,0,2025
2025-09-15 17:00:00,9419,3,0,17,0,8486.0,5670.0,1095.0,30,15,0,0,0,0,0,0,3039.316891672819,0,2025
2025-09-15 18:00:00,9199,3,0,18,0,9473.0,5946.0,579.0,30,15,0,0,0,0,0,0,3039.495507299594,0,2025
2025-09-15 19:00:00,8286,3,0,19,0,9369.0,6237.0,490.0,30,15,0,0,0,0,0,0,3039.6284842280133,0,2025
2025-09-15 20:00:00,8021,3,0,20,0,8441.0,6861.0,690.0,30,15,0,0,0,0,0,0,3039.600301035699,0,2025
2025-09-15 21:00:00,7751,3,0,21,0,7863.0,7192.0,1380.0,30,15,0,0,0,0,0,0,3039.533638354449,0,2025
2025-09-15 22:00:00,6518,3,0,22,0,7131.0,7868.0,2881.0,30,15,0,0,0,0,0,0,3039.431644866685,0,2025
2025-09-15 23:00:00,3462,3,0,23,0,5695.0,8536.0,5449.0,30,15,0,0,0,0,0,0,3039.2177490654017,0,2025
2025-09-16 00:00:00,1920,3,0,0,0,2989.0,8486.0,6945.0,30,16,0,0,0,0,1,0,3039.0749069617245,0,2025
2025-09-16 01:00:00,1034,3,0,1,0,1597.0,9473.0,6260.0,30,16,0,0,0,0,1,0,3039.1562280535964,0,2025
2025-09-16 02:00:00,542,3,0,2,0,768.0,9369.0,5892.0,30,16,0,0,0,0,1,0,3039.423286535425,0,2025
2025-09-16 03:00:00,349,3,0,3,0,331.0,8441.0,6030.0,30,16,0,0,0,0,1,0,3039.811237059768,0,2025
2025-09-16 04:00:00,398,3,0,4,0,231.0,7863.0,6531.0,30,16,0,0,0,0,1,0,3040.2498254987468,0,2025
2025-09-16 05:00:00,952,3,0,5,0,234.0,7131.0,6697.0,30,16,0,0,0,0,1,0,3040.674854931232,0,2025
2025-09-16 06:00:00,2521,3,0,6,0,680.0,5695.0,7356.0,30,16,0,0,0,0,1,0,3040.959908576088,0,2025
2025-09-16 07:00:00,5421,3,0,7,0,1891.0,2989.0,8068.0,30,16,0,0,0,0,1,0,3040.937890705187,0,2025
2025-09-16 08:00:00,6976,3,0,8,0,4298.0,1597.0,8128.0,30,16,0,0,0,0,1,0,3040.692604354568,0,2025
2025-09-16 09:00:00,6871,3,0,9,0,5723.0,768.0,9419.0,30,16,0,0,0,0,1,0,3040.511415547296,0,2025
2025-09-16 10:00:00,6352,3,0,10,0,6167.0,331.0,9199.0,30,16,0,0,0,0,1,0,3040.3218943347224,0,2025
2025-09-16 11:00:00,6461,3,0,11,0,6444.0,231.0,8286.0,30,16,0,0,0,0,1,0,3040.099682164084,0,2025
2025-09-16 12:00:00,7065,3,0,12,0,6781.0,234.0,8021.0,30,16,0,0,0,0,1,0,3039.8832040791813,0,2025
2025-09-16 13:00:00,7150,3,0,13,0,7266.0,680.0,7751.0,30,16,0,0,0,0,1,0,3039.7096870864107,0,2025
2025-09-16 14:00:00,8076,3,0,14,0,7481.0,1891.0,6518.0,30,16,0,0,0,0,1,0,3039.543783053598,0,2025
2025-09-16 15:00:00,8101,3,0,15,0,8599.0,4298.0,3462.0,30,16,0,0,0,0,1,0,3039.485371723856,0,2025
2025-09-16 16:00:00,8688,3,0,16,0,8820.0,5723.0,1920.0,30,16,0,0,0,0,1,0,3039.430448561976,0,2025
2025-09-16 17:00:00,10522,3,0,17,0,9110.0,6167.0,1034.0,30,16,0,0,0,0,1,0,3039.4678694108443,0,2025
2025-09-16 18:00:00,10939,3,0,18,0,10303.0,6444.0,542.0,30,16,0,0,0,0,1,0,3039.911326093129,0,2025
2025-09-16 19:00:00,9654,3,0,19,0,10720.0,6781.0,349.0,30,16,0,0,0,0,1,0,3040.4714975164165,0,2025
2025-09-16 20:00:00,9871,3,0,20,0,9646.0,7266.0,398.0,30,16,0,0,0,0,1,0,3040.699839362116,0,2025
2025-09-16 21:00:00,10542,3,0,21,0,9229.0,7481.0,952.0,30,16,0,0,0,0,1,0,3040.9777316038912,0,2025
2025-09-16 22:00:00,8655,3,0,22,0,9601.0,8599.0,2521.0,30,16,0,0,0,0,1,0,3041.4250043243323,0,2025
2025-09-16 23:00:00,4798,3,0,23,0,7371.0,8820.0,5421.0,30,16,0,0,0,0,1,0,3041.4556141603234,0,2025
2025-09-17 00:00:00,2216,3,0,0,0,4157.0,9110.0,6976.0,30,17,0,0,0,0,2,0,3041.221456210644,0,2025
2025-09-17 01:00:00,1064,3,0,1,0,1920.0,10303.0,6871.0,30,17,0,0,0,0,2,0,3041.2498487862968,0,2025
2025-09-17 02:00:00,524,3,0,2,0,832.0,10720.0,6352.0,30,17,0,0,0,0,2,0,3041.508929839794,0,2025
2025-09-17 03:00:00,346,3,0,3,0,415.0,9646.0,6461.0,30,17,0,0,0,0,2,0,3041.900020767768,0,2025
2025-09-17 04:00:00,455,3,0,4,0,237.0,9229.0,7065.0,30,17,0,0,0,0,2,0,3042.3376894410303,0,2025
2025-09-17 05:00:00,947,3,0,5,0,299.0,9601.0,7150.0,30,17,0,0,0,0,2,0,3042.7459948646847,0,2025
2025-09-17 06:00:00,2598,3,0,6,0,685.0,7371.0,8076.0,30,17,0,0,0,0,2,0,3043.0311390945662,0,2025
2025-09-17 07:00:00,5790,3,0,7,0,1977.0,4157.0,8101.0,30,17,0,0,0,0,2,0,3042.9975843726997,0,2025
2025-09-17 08:00:00,7740,3,0,8,0,4310.0,1920.0,8688.0,30,17,0,0,0,0,2,0,3042.7566088663416,0,2025
2025-09-17 09:00:00,6874,3,0,9,0,5573.0,832.0,10522.0,30,17,0,0,0,0,2,0,3042.653715071311,0,2025
2025-09-17 10:00:00,6626,3,0,10,0,6023.0,415.0,10939.0,30,17,0,0,0,0,2,0,3042.464755087373,0,2025
2025-09-17 11:00:00,7555,3,0,11,0,6679.0,237.0,9654.0,30,17,0,0,0,0,2,0,3042.258480474361,0,2025
2025-09-17 12:00:00,8084,3,0,12,0,7935.0,299.0,9871.0,30,17,0,0,0,0,2,0,3042.133902493844,0,2025
2025-09-17 13:00:00,7818,3,0,13,0,8416.0,685.0,10542.0,30,17,0,0,0,0,2,0,3042.076154060953,0,2025
2025-09-17 14:00:00,8282,3,0,14,0,7971.0,1977.0,8655.0,30,17,0,0,0,0,2,0,3041.982922395507,0,2025
2025-09-17 15:00:00,9238,3,0,15,0,8732.0,4310.0,4798.0,30,17,0,0,0,0,2,0,3041.9538967419107,0,2025
2025-09-17 16:00:00,8726,3,0,16,0,9646.0,5573.0,2216.0,30,17,0,0,0,0,2,0,3042.092897267954,0,2025
2025-09-17 17:00:00,10073,3,0,17,0,8902.0,6023.0,1064.0,30,17,0,0,0,0,2,0,3042.135744702104,0,2025
2025-09-17 18:00:00,10471,3,0,18,0,10318.0,6679.0,524.0,30,17,0,0,0,0,2,0,3042.4605561694552,0,2025
2025-09-17 19:00:00,9338,3,0,19,0,10479.0,7935.0,346.0,30,17,0,0,0,0,2,0,3042.886650449749,0,2025
2025-09-17 20:00:00,9643,3,0,20,0,9683.0,8416.0,455.0,30,17,0,0,0,0,2,0,3043.0451619418286,0,2025
2025-09-17 21:00:00,10475,3,0,21,0,9398.0,7971.0,947.0,30,17,0,0,0,0,2,0,3043.2687315397898,0,2025
2025-09-17 22:00:00,9430,3,0,22,0,9676.0,8732.0,2598.0,30,17,0,0,0,0,2,0,3043.694880084452,0,2025
2025-09-17 23:00:00,5528,3,0,23,0,8412.0,9646.0,5790.0,30,17,0,0,0,0,2,0,3043.871856791829,0,2025
2025-09-18 00:00:00,2972,3,0,0,0,4716.0,8902.0,7740.0,30,18,0,0,0,0,3,0,3043.6281493409747,0,2025
2025-09-18 01:00:00,1336,3,0,1,0,2602.0,10318.0,6874.0,30,18,0,0,0,0,3,0,3043.54359315198,0,2025
2025-09-18 02:00:00,714,3,0,2,0,1154.0,10479.0,6626.0,30,18,0,0,0,0,3,0,3043.7412793493863,0,2025
2025-09-18 03:00:00,420,3,0,3,0,602.0,9683.0,7555.0,30,18,0,0,0,0,3,0,3044.082964716199,0,2025
2025-09-18 04:00:00,513,3,0,4,0,321.0,9398.0,8084.0,30,18,0,0,0,0,3,0,3044.4995322367927,0,2025
2025-09-18 05:00:00,1160,3,0,5,0,337.0,9676.0,7818.0,30,18,0,0,0,0,3,0,3044.891424359176,0,2025
2025-09-18 06:00:00,2796,3,0,6,0,811.0,8412.0,8282.0,30,18,0,0,0,0,3,0,3045.1267224210105,0,2025
2025-09-18 07:00:00,5536,3,0,7,0,1939.0,4716.0,9238.0,30,18,0,0,0,0,3,0,3045.065061350145,0,2025
2025-09-18 08:00:00,7203,3,0,8,0,4254.0,2602.0,8726.0,30,18,0,0,0,0,3,0,3044.821637348344,0,2025
2025-09-18 09:00:00,7090,3,0,9,0,5621.0,1154.0,10073.0,30,18,0,0,0,0,3,0,3044.6607836465537,0,2025
2025-09-18 10:00:00,6588,3,0,10,0,6249.0,602.0,10471.0,30,18,0,0,0,0,3,0,3044.489741312468,0,2025
2025-09-18 11:00:00,6892,3,0,11,0,6621.0,321.0,9338.0,30,18,0,0,0,0,3,0,3044.2815079350626,0,2025
2025-09-18 12:00:00,7255,3,0,12,0,7124.0,337.0,9643.0,30,18,0,0,0,0,3,0,3044.094264639671,0,2025
2025-09-18 13:00:00,7846,3,0,13,0,7668.0,811.0,10475.0,30,18,0,0,0,0,3,0,3043.938419692053,0,2025
2025-09-18 14:00:00,8745,3,0,14,0,8176.0,1939.0,9430.0,30,18,0,0,0,0,3,0,3043.848452444656,0,2025
2025-09-18 15:00:00,9282,3,0,15,0,9069.0,4254.0,5528.0,30,18,0,0,0,0,3,0,3043.893794278429,0,2025
2025-09-18 16:00:00,9694,3,0,16,0,9565.0,5621.0,2972.0,30,18,0,0,0,0,3,0,3044.04008129502,0,2025
2025-09-18 17:00:00,11720,3,0,17,0,9712.0,6249.0,1336.0,30,18,0,0,0,0,3,0,3044.2739516856577,0,2025
2025-09-18 18:00:00,12472,3,0,18,0,10944.0,6621.0,714.0,30,18,0,0,0,0,3,0,3045.0685358936958,0,2025
2025-09-18 19:00:00,11504,3,0,19,0,11488.0,7124.0,420.0,30,18,0,0,0,0,3,0,3046.1251741050373,0,2025
2025-09-18 20:00:00,11278,3,0,20,0,10770.0,7668.0,513.0,30,18,0,0,0,0,3,0,3046.8480536993784,0,2025
2025-09-18 21:00:00,11203,3,0,21,0,10338.0,8176.0,1160.0,30,18,0,0,0,0,3,0,3047.499669031671,0,2025
2025-09-18 22:00:00,9763,3,0,22,0,10255.0,9069.0,2796.0,30,18,0,0,0,0,3,0,3048.127840934473,0,2025
2025-09-18 23:00:00,7679,3,0,23,0,8760.0,9565.0,5536.0,30,18,0,0,0,0,3,0,3048.3747769016327,0,2025
2025-09-19 00:00:00,4501,3,0,0,0,6441.0,9712.0,7203.0,30,19,0,0,0,0,4,0,3048.2630433196564,0,2025
2025-09-19 01:00:00,2403,3,0,1,0,3916.0,10944.0,7090.0,30,19,0,0,0,0,4,0,3048.042669282128,0,2025
2025-09-19 02:00:00,1344,3,0,2,0,2128.0,11488.0,6588.0,30,19,0,0,0,0,4,0,3048.0404107599206,0,2025
2025-09-19 03:00:00,902,3,0,3,0,1218.0,10770.0,6892.0,30,19,0,0,0,0,4,0,3048.2356055754867,0,2025
2025-09-19 04:00:00,892,3,0,4,0,748.0,10338.0,7255.0,30,19,0,0,0,0,4,0,3048.530352495259,0,2025
2025-09-19 05:00:00,1392,3,0,5,0,581.0,10255.0,7846.0,30,19,0,0,0,0,4,0,3048.8271797366374,0,2025
2025-09-19 06:00:00,2689,3,0,6,0,851.0,8760.0,8745.0,30,19,0,0,0,0,4,0,3049.011445418311,0,2025
2025-09-19 07:00:00,4907,3,0,7,0,1760.0,6441.0,9282.0,30,19,0,0,0,0,4,0,3048.9653258659646,0,2025
2025-09-19 08:00:00,5946,3,0,8,0,3781.0,3916.0,9694.0,30,19,0,0,0,0,4,0,3048.729462361413,0,2025
2025-09-19 09:00:00,5865,3,0,9,0,4848.0,2128.0,11720.0,30,19,0,0,0,0,4,0,3048.493281320216,0,2025
2025-09-19 10:00:00,6133,3,0,10,0,5444.0,1218.0,12472.0,30,19,0,0,0,0,4,0,3048.2551557275547,0,2025
2025-09-19 11:00:00,6379,3,0,11,0,6352.0,748.0,11504.0,30,19,0,0,0,0,4,0,3048.0250097239764,0,2025
2025-09-19 12:00:00,6894,3,0,12,0,6525.0,581.0,11278.0,30,19,0,0,0,0,4,0,3047.805492133163,0,2025
2025-09-19 13:00:00,7357,3,0,13,0,7133.0,851.0,11203.0,30,19,0,0,0,0,4,0,3047.6184005504147,0,2025
2025-09-19 14:00:00,8492,3,0,14,0,7479.0,1760.0,9763.0,30,19,0,0,0,0,4,0,3047.4722744537903,0,2025
2025-09-19 15:00:00,9243,3,0,15,0,8402.0,3781.0,7679.0,30,19,0,0,0,0,4,0,3047.473867089808,0,2025
2025-09-19 16:00:00,9545,3,0,16,0,9046.0,4848.0,4501.0,30,19,0,0,0,0,4,0,3047.6100814694664,0,2025
2025-09-19 17:00:00,10899,3,0,17,0,9354.0,5444.0,2403.0,30,19,0,0,0,0,4,0,3047.808576428521,0,2025
2025-09-19 18:00:00,11647,3,0,18,0,10395.0,6352.0,1344.0,30,19,0,0,0,0,4,0,3048.345269283727,0,2025
2025-09-19 19:00:00,11039,3,0,19,0,10785.0,6525.0,902.0,30,19,0,0,0,0,4,0,3049.109325132367,0,2025
2025-09-19 20:00:00,8995,3,0,20,0,9769.0,7133.0,892.0,30,19,0,0,0,0,4,0,3049.685288297171,0,2025
2025-09-19 21:00:00,8516,3,0,21,0,8580.0,7479.0,1392.0,30,19,0,0,0,0,4,0,3049.772532251696,0,2025
2025-09-19 22:00:00,9714,3,0,22,0,9109.0,8402.0,2689.0,30,19,0,0,0,0,4,0,3049.7767858777115,0,2025
2025-09-19 23:00:00,9441,3,0,23,0,9888.0,9046.0,4907.0,30,19,0,0,0,0,4,0,3050.010576032312,0,2025
2025-09-20 00:00:00,8296,3,0,0,0,8544.0,9354.0,5946.0,30,20,0,0,0,0,5,0,3050.1852378406747,0,2025
2025-09-20 01:00:00,6571,3,0,1,0,7384.0,10395.0,5865.0,30,20,0,0,0,0,5,0,3050.1551308193834,0,2025
2025-09-20 02:00:00,4879,3,0,2,0,5729.0,10785.0,6133.0,30,20,0,0,0,0,5,0,3049.9458654449536,0,2025
2025-09-20 03:00:00,3167,3,0,3,0,3972.0,9769.0,6379.0,30,20,0,0,0,0,5,0,3049.7116665737285,0,2025
2025-09-20 04:00:00,1852,3,0,4,0,2484.0,8580.0,6894.0,30,20,0,0,0,0,5,0,3049.604104607189,0,2025
2025-09-20 05:00:00,936,3,0,5,0,1337.0,9109.0,7357.0,30,20,0,0,0,0,5,0,3049.697424550005,0,2025
2025-09-20 06:00:00,1385,3,0,6,0,610.0,9888.0,8492.0,30,20,0,0,0,0,5,0,3049.983710922716,0,2025
2025-09-20 07:00:00,2051,3,0,7,0,991.0,8544.0,9243.0,30,20,0,0,0,0,5,0,3050.1696380334643,0,2025
2025-09-20 08:00:00,3128,3,0,8,0,1674.0,7384.0,9545.0,30,20,0,0,0,0,5,0,3050.2263030361305,0,2025
2025-09-20 09:00:00,4565,3,0,9,0,2831.0,5729.0,10899.0,30,20,0,0,0,0,5,0,3050.1230807217867,0,2025
2025-09-20 10:00:00,5548,3,0,10,0,4316.0,3972.0,11647.0,30,20,0,0,0,0,5,0,3049.900744663339,0,2025
2025-09-20 11:00:00,6801,3,0,11,0,5614.0,2484.0,11039.0,30,20,0,0,0,0,5,0,3049.65891534764,0,2025
2025-09-20 12:00:00,7411,3,0,12,0,6999.0,1337.0,8995.0,30,20,0,0,0,0,5,0,3049.465153290948,0,2025
2025-09-20 13:00:00,7475,3,0,13,0,7500.0,610.0,8516.0,30,20,0,0,0,0,5,0,3049.3243618286338,0,2025
2025-09-20 14:00:00,7753,3,0,14,0,7831.0,991.0,9714.0,30,20,0,0,0,0,5,0,3049.1902511268736,0,2025
2025-09-20 15:00:00,8412,3,0,15,0,8324.0,1674.0,9441.0,30,20,0,0,0,0,5,0,3049.087601472272,0,2025
2025-09-20 16:00:00,8969,3,0,16,0,9084.0,2831.0,8296.0,30,20,0,0,0,0,5,0,3049.0755487389893,0,2025
2025-09-20 17:00:00,9759,3,0,17,0,9557.0,4316.0,6571.0,30,20,0,0,0,0,5,0,3049.157601857285,0,2025
2025-09-20 18:00:00,10359,3,0,18,0,9761.0,5614.0,4879.0,30,20,0,0,0,0,5,0,3049.4007101108155,0,2025
2025-09-20 19:00:00,10182,3,0,19,0,10198.0,6999.0,3167.0,30,20,0,0,0,0,5,0,3049.787611054948,0,2025
2025-09-20 20:00:00,8911,3,0,20,0,9674.0,7500.0,1852.0,30,20,0,0,0,0,5,0,3050.12972265987,0,2025
2025-09-20 21:00:00,8560,3,0,21,0,8795.0,7831.0,936.0,30,20,0,0,0,0,5,0,3050.200479311593,0,2025
2025-09-20 22:00:00,10178,3,0,22,0,8878.0,8324.0,1385.0,30,20,0,0,0,0,5,0,3050.2110764107483,0,2025
2025-09-20 23:00:00,10366,3,0,23,0,10026.0,9084.0,2051.0,30,20,0,0,0,0,5,0,3050.551484974072,0,2025
2025-09-21 00:00:00,9325,3,0,0,0,9598.0,9557.0,3128.0,30,21,0,0,0,0,6,0,3050.9386902234064,0,2025
2025-09-21 01:00:00,7551,3,0,1,0,7186.0,9761.0,4565.0,30,21,0,0,0,0,6,0,3051.0877297393195,0,2025
2025-09-21 02:00:00,5533,3,0,2,0,5825.0,10198.0,5548.0,30,21,0,0,0,0,6,0,3050.9610749232,0,2025
2025-09-21 03:00:00,3552,3,0,3,0,4267.0,9674.0,6801.0,30,21,0,0,0,0,6,0,3050.71965719446,0,2025
2025-09-21 04:00:00,2343,3,0,4,0,2657.0,8795.0,7411.0,30,21,0,0,0,0,6,0,3050.571233438417,0,2025
2025-09-21 05:00:00,1225,3,0,5,0,1490.0,8878.0,7475.0,30,21,0,0,0,0,6,0,3050.5795819050013,0,2025
2025-09-21 06:00:00,1621,3,0,6,0,795.0,10026.0,7753.0,30,21,0,0,0,0,6,0,3050.8002391899645,0,2025
2025-09-21 07:00:00,2000,3,0,7,0,1003.0,9598.0,8412.0,30,21,0,0,0,0,6,0,3050.938052479981,0,2025
2025-09-21 08:00:00,2852,3,0,8,0,1665.0,7186.0,8969.0,30,21,0,0,0,0,6,0,3051.004272751251,0,2025
2025-09-21 09:00:00,4371,3,0,9,0,2664.0,5825.0,9759.0,30,21,0,0,0,0,6,0,3050.937051915276,0,2025
2025-09-21 10:00:00,5749,3,0,10,0,4199.0,4267.0,10359.0,30,21,0,0,0,0,6,0,3050.7255222930235,0,2025
2025-09-21 11:00:00,6313,3,0,11,0,5602.0,2657.0,10182.0,30,21,0,0,0,0,6,0,3050.4866582111167,0,2025
2025-09-21 12:00:00,7244,3,0,12,0,6163.0,1490.0,8911.0,30,21,0,0,0,0,6,0,3050.265034773188,0,2025
2025-09-21 13:00:00,7765,3,0,13,0,7137.0,795.0,8560.0,30,21,0,0,0,0,6,0,3050.1078900090347,0,2025
2025-09-21 14:00:00,7648,3,0,14,0,7609.0,1003.0,10178.0,30,21,0,0,0,0,6,0,3050.00640858341,0,2025
2025-09-21 15:00:00,7718,3,0,15,0,7742.0,1665.0,10366.0,30,21,0,0,0,0,6,0,3049.89119399635,0,2025
2025-09-21 16:00:00,8103,3,0,16,0,7899.0,2664.0,9325.0,30,21,0,0,0,0,6,0,3049.784091415623,0,2025
2025-09-21 17:00:00,8370,3,0,17,0,8241.0,4199.0,7551.0,30,21,0,0,0,0,6,0,3049.726159793109,0,2025
2025-09-21 18:00:00,8023,3,0,18,0,8335.0,5602.0,5533.0,30,21,0,0,0,0,6,0,3049.7067942592143,0,2025
2025-09-21 19:00:00,7445,3,0,19,0,7997.0,6163.0,3552.0,30,21,0,0,0,0,6,0,3049.6379251903904,0,2025
2025-09-21 20:00:00,6451,3,0,20,0,7253.0,7137.0,2343.0,30,21,0,0,0,0,6,0,3049.5005360927744,0,2025
2025-09-21 21:00:00,6049,3,0,21,0,6413.0,7609.0,1225.0,30,21,0,0,0,0,6,0,3049.2858586626244,0,2025
2025-09-21 22:00:00,5981,3,0,22,0,5984.0,7742.0,1621.0,30,21,0,0,0,0,6,0,3049.0545009807547,0,2025
2025-09-21 23:00:00,4299,3,0,23,0,5535.0,7899.0,2000.0,30,21,0,0,0,0,6,0,3048.8211947097416,0,2025
2025-09-22 00:00:00,2746,3,0,0,0,3688.0,8241.0,2852.0,30,22,0,0,0,0,0,0,3048.61464857735,0,2025
2025-09-22 01:00:00,1106,3,0,1,0,2451.0,8335.0,4371.0,30,22,0,0,0,0,0,0,3048.5628150893644,0,2025
2025-09-22 02:00:00,546,3,0,2,0,905.0,7997.0,5749.0,30,22,0,0,0,0,0,0,3048.8097070518925,0,2025
2025-09-22 03:00:00,398,3,0,3,0,400.0,7253.0,6313.0,30,22,0,0,0,0,0,0,3049.1901850380123,0,2025
2025-09-22 04:00:00,587,3,0,4,0,258.0,6413.0,7244.0,30,22,0,0,0,0,0,0,3049.608363969405,0,2025
2025-09-22 05:00:00,1254,3,0,5,0,365.0,5984.0,7765.0,30,22,0,0,0,0,0,0,3049.977759263972,0,2025
2025-09-22 06:00:00,2668,3,0,6,0,865.0,5535.0,7648.0,30,22,0,0,0,0,0,0,3050.190864929243,0,2025
2025-09-22 07:00:00,4989,3,0,7,0,1917.0,3688.0,7718.0,30,22,0,0,0,0,0,0,3050.1493141913065,0,2025
2025-09-22 08:00:00,6073,3,0,8,0,3957.0,2451.0,8103.0,30,22,0,0,0,0,0,0,3049.914172709102,0,2025
2025-09-22 09:00:00,5562,3,0,9,0,4885.0,905.0,8370.0,30,22,0,0,0,0,0,0,3049.6840769081336,0,2025
2025-09-22 10:00:00,5446,3,0,10,0,5142.0,400.0,8023.0,30,22,0,0,0,0,0,0,3049.44411766216,0,2025
2025-09-22 11:00:00,5723,3,0,11,0,5521.0,258.0,7445.0,30,22,0,0,0,0,0,0,3049.203843547512,0,2025
2025-09-22 12:00:00,5957,3,0,12,0,5933.0,365.0,6451.0,30,22,0,0,0,0,0,0,3048.965665351311,0,2025
2025-09-22 13:00:00,6215,3,0,13,0,6188.0,865.0,6049.0,30,22,0,0,0,0,0,0,3048.732353616548,0,2025
2025-09-22 14:00:00,6827,3,0,14,0,6507.0,1917.0,5981.0,30,22,0,0,0,0,0,0,3048.5076765588515,0,2025
2025-09-22 15:00:00,7154,3,0,15,0,7170.0,3957.0,4299.0,30,22,0,0,0,0,0,0,3048.3171497400026,0,2025
2025-09-22 16:00:00,7463,3,0,16,0,7461.0,4885.0,2746.0,30,22,0,0,0,0,0,0,3048.152799761202,0,2025
2025-09-22 17:00:00,8536,3,0,17,0,7686.0,5142.0,1106.0,30,22,0,0,0,0,0,0,3048.018241452357,0,2025
2025-09-22 18:00:00,8289,3,0,18,0,8595.0,5521.0,546.0,30,22,0,0,0,0,0,0,3048.0253236709987,0,2025
2025-09-22 19:00:00,7245,3,0,19,0,8333.0,5933.0,398.0,30,22,0,0,0,0,0,0,3047.99446719745,0,2025
2025-09-22 20:00:00,6954,3,0,20,0,7606.0,6188.0,587.0,30,22,0,0,0,0,0,0,3047.83836607957,0,2025
2025-09-22 21:00:00,7685,3,0,21,0,7005.0,6507.0,1254.0,30,22,0,0,0,0,0,0,3047.6574183333805,0,2025
2025-09-22 22:00:00,6337,3,0,22,0,7444.0,7170.0,2668.0,30,22,0,0,0,0,0,0,3047.547235224712,0,2025
2025-09-22 23:00:00,3766,3,0,23,0,5852.0,7461.0,4989.0,30,22,0,0,0,0,0,0,3047.328099110336,0,2025
2025-09-23 00:00:00,1900,3,0,0,0,3215.0,7686.0,6073.0,30,23,0,0,0,0,1,0,3047.161215703025,0,2025
2025-09-23 01:00:00,861,3,0,1,0,1566.0,8595.0,5562.0,30,23,0,0,0,0,1,0,3047.245789853343,0,2025
2025-09-23 02:00:00,428,3,0,2,0,590.0,8333.0,5446.0,30,23,0,0,0,0,1,0,3047.548008370374,0,2025
2025-09-23 03:00:00,292,3,0,3,0,291.0,7606.0,5723.0,30,23,0,0,0,0,1,0,3047.9570771141284,0,2025
2025-09-23 04:00:00,401,3,0,4,0,163.0,7005.0,5957.0,30,23,0,0,0,0,1,0,3048.401390053821,0,2025
2025-09-23 05:00:00,892,3,0,5,0,257.0,7444.0,6215.0,30,23,0,0,0,0,1,0,3048.8166637406957,0,2025
2025-09-23 06:00:00,2003,3,0,6,0,695.0,5852.0,6827.0,30,23,0,0,0,0,1,0,3049.110266094418,0,2025
2025-09-23 07:00:00,3764,3,0,7,0,1569.0,3215.0,7154.0,30,23,0,0,0,0,1,0,3049.175091056182,0,2025
2025-09-23 08:00:00,5157,3,0,8,0,3184.0,1566.0,7463.0,30,23,0,0,0,0,1,0,3049.0079530818907,0,2025
2025-09-23 09:00:00,5498,3,0,9,0,4629.0,590.0,8536.0,30,23,0,0,0,0,1,0,3048.770598968498,0,2025
2025-09-23 10:00:00,5552,3,0,10,0,5399.0,291.0,8289.0,30,23,0,0,0,0,1,0,3048.531333078549,0,2025
2025-09-23 11:00:00,5704,3,0,11,0,5815.0,163.0,7245.0,30,23,0,0,0,0,1,0,3048.2923611476917,0,2025
2025-09-23 12:00:00,6092,3,0,12,0,6106.0,257.0,6954.0,30,23,0,0,0,0,1,0,3048.054920203388,0,2025
2025-09-23 13:00:00,6732,3,0,13,0,6612.0,695.0,7685.0,30,23,0,0,0,0,1,0,3047.8266916032817,0,2025
2025-09-23 14:00:00,6915,3,0,14,0,7484.0,1569.0,6337.0,30,23,0,0,0,0,1,0,3047.630547956808,0,2025
2025-09-23 15:00:00,6859,3,0,15,0,7767.0,3184.0,3766.0,30,23,0,0,0,0,1,0,3047.447472799991,0,2025
2025-09-23 16:00:00,6892,3,0,16,0,7579.0,4629.0,1900.0,30,23,0,0,0,0,1,0,3047.2602563018195,0,2025
2025-09-23 17:00:00,7573,3,0,17,0,7447.0,5399.0,861.0,30,23,0,0,0,0,1,0,3047.075508092846,0,2025
2025-09-23 18:00:00,7811,3,0,18,0,7844.0,5815.0,428.0,30,23,0,0,0,0,1,0,3046.953583799935,0,2025
2025-09-23 19:00:00,7257,3,0,19,0,7896.0,6106.0,292.0,30,23,0,0,0,0,1,0,3046.8592216656607,0,2025
2025-09-23 20:00:00,7288,3,0,20,0,7122.0,6612.0,401.0,30,23,0,0,0,0,1,0,3046.705197297769,0,2025
2025-09-23 21:00:00,8329,3,0,21,0,7072.0,7484.0,892.0,30,23,0,0,0,0,1,0,3046.55410653384,0,2025
2025-09-23 22:00:00,7478,3,0,22,0,7578.0,7767.0,2003.0,30,23,0,0,0,0,1,0,3046.529743555568,0,2025
2025-09-23 23:00:00,4767,3,0,23,0,6376.0,7579.0,3764.0,30,23,0,0,0,0,1,0,3046.3976111579404,0,2025
2025-09-24 00:00:00,2392,3,0,0,0,4177.0,7447.0,5157.0,30,24,0,0,0,0,2,0,3046.170704819726,0,2025
2025-09-24 01:00:00,1059,3,0,1,0,1975.0,7844.0,5498.0,30,24,0,0,0,0,2,0,3046.1713502768957,0,2025
2025-09-24 02:00:00,547,3,0,2,0,776.0,7896.0,5552.0,30,24,0,0,0,0,2,0,3046.4265852400013,0,2025
2025-09-24 03:00:00,389,3,0,3,0,382.0,7122.0,5704.0,30,24,0,0,0,0,2,0,3046.803604279024,0,2025
2025-09-24 04:00:00,519,3,0,4,0,216.0,7072.0,6092.0,30,24,0,0,0,0,2,0,3047.2206281480526,0,2025
2025-09-24 05:00:00,1031,3,0,5,0,339.0,7578.0,6732.0,30,24,0,0,0,0,2,0,3047.6039714966337,0,2025
2025-09-24 06:00:00,2454,3,0,6,0,811.0,6376.0,6915.0,30,24,0,0,0,0,2,0,3047.864341884353,0,2025
2025-09-24 07:00:00,4479,3,0,7,0,1850.0,4177.0,6859.0,30,24,0,0,0,0,2,0,3047.854469423281,0,2025
2025-09-24 08:00:00,5511,3,0,8,0,3814.0,1975.0,6892.0,30,24,0,0,0,0,2,0,3047.639610445194,0,2025
2025-09-24 09:00:00,5947,3,0,9,0,4679.0,776.0,7573.0,30,24,0,0,0,0,2,0,3047.401344066024,0,2025
2025-09-24 10:00:00,5994,3,0,10,0,5461.0,382.0,7811.0,30,24,0,0,0,0,2,0,3047.1696513094344,0,2025
2025-09-24 11:00:00,6305,3,0,11,0,6149.0,216.0,7257.0,30,24,0,0,0,0,2,0,3046.939296205201,0,2025
2025-09-24 12:00:00,6636,3,0,12,0,6615.0,339.0,7288.0,30,24,0,0,0,0,2,0,3046.720349939724,0,2025
2025-09-24 13:00:00,6908,3,0,13,0,6968.0,811.0,8329.0,30,24,0,0,0,0,2,0,3046.518985995773,0,2025
2025-09-24 14:00:00,7318,3,0,14,0,7364.0,1850.0,7478.0,30,24,0,0,0,0,2,0,3046.3362737386774,0,2025
2025-09-24 15:00:00,7690,3,0,15,0,7841.0,3814.0,4767.0,30,24,0,0,0,0,2,0,3046.1888122423848,0,2025
2025-09-24 16:00:00,7511,3,0,16,0,8211.0,4679.0,2392.0,30,24,0,0,0,0,2,0,3046.080770460409,0,2025
2025-09-24 17:00:00,8629,3,0,17,0,8110.0,5461.0,1059.0,30,24,0,0,0,0,2,0,3045.9528746656824,0,2025
2025-09-24 18:00:00,9646,3,0,18,0,8931.0,6149.0,547.0,30,24,0,0,0,0,2,0,3045.975799608092,0,2025
2025-09-24 19:00:00,8978,3,0,19,0,9759.0,6615.0,389.0,30,24,0,0,0,0,2,0,3046.191437396535,0,2025
2025-09-24 20:00:00,9390,3,0,20,0,8826.0,6968.0,519.0,30,24,0,0,0,0,2,0,3046.2742897465605,0,2025
2025-09-24 21:00:00,10624,3,0,21,0,9176.0,7364.0,1031.0,30,24,0,0,0,0,2,0,3046.436044507622,0,2025
2025-09-24 22:00:00,9755,3,0,22,0,9695.0,7841.0,2454.0,30,24,0,0,0,0,2,0,3046.8862556618246,0,2025
2025-09-24 23:00:00,5670,3,0,23,0,7751.0,8211.0,4479.0,30,24,0,0,0,0,2,0,3047.1247578216103,0,2025
2025-09-25 00:00:00,2807,3,0,0,0,4772.0,8110.0,5511.0,30,25,0,0,0,0,3,0,3046.888268880356,0,2025
2025-09-25 01:00:00,1558,3,0,1,0,2521.0,8931.0,5947.0,30,25,0,0,0,0,3,0,3046.828479427083,0,2025
2025-09-25 02:00:00,817,3,0,2,0,1281.0,9759.0,5994.0,30,25,0,0,0,0,3,0,3046.9771564781217,0,2025
2025-09-25 03:00:00,488,3,0,3,0,615.0,8826.0,6305.0,30,25,0,0,0,0,3,0,3047.287045036057,0,2025
2025-09-25 04:00:00,579,3,0,4,0,346.0,9176.0,6636.0,30,25,0,0,0,0,3,0,3047.677262867596,0,2025
2025-09-25 05:00:00,1316,3,0,5,0,371.0,9695.0,6908.0,30,25,0,0,0,0,3,0,3048.044268042907,0,2025
2025-09-25 06:00:00,3090,3,0,6,0,892.0,7751.0,7318.0,30,25,0,0,0,0,3,0,3048.241583896888,0,2025
2025-09-25 07:00:00,5824,3,0,7,0,2021.0,4772.0,7690.0,30,25,0,0,0,0,3,0,3048.145089275819,0,2025
2025-09-25 08:00:00,7004,3,0,8,0,3902.0,2521.0,7511.0,30,25,0,0,0,0,3,0,3047.9112905473576,0,2025
2025-09-25 09:00:00,6750,3,0,9,0,4935.0,1281.0,8629.0,30,25,0,0,0,0,3,0,3047.7363701017084,0,2025
2025-09-25 10:00:00,6510,3,0,10,0,5771.0,615.0,9646.0,30,25,0,0,0,0,3,0,3047.5428042793064,0,2025
2025-09-25 11:00:00,7148,3,0,11,0,6312.0,346.0,8978.0,30,25,0,0,0,0,3,0,3047.334666104371,0,2025
2025-09-25 12:00:00,7513,3,0,12,0,7098.0,371.0,9390.0,30,25,0,0,0,0,3,0,3047.1718798975035,0,2025
2025-09-25 13:00:00,7235,3,0,13,0,7394.0,892.0,10624.0,30,25,0,0,0,0,3,0,3047.04438252853,0,2025
2025-09-25 14:00:00,7783,3,0,14,0,7462.0,2021.0,9755.0,30,25,0,0,0,0,3,0,3046.8894117807085,0,2025
2025-09-25 15:00:00,8451,3,0,15,0,7977.0,3902.0,5670.0,30,25,0,0,0,0,3,0,3046.792378926548,0,2025
2025-09-25 16:00:00,8916,3,0,16,0,8805.0,4935.0,2807.0,30,25,0,0,0,0,3,0,3046.78666466941,0,2025
2025-09-25 17:00:00,10808,3,0,17,0,9236.0,5771.0,1558.0,30,25,0,0,0,0,3,0,3046.8578930909707,0,2025
2025-09-25 18:00:00,11052,3,0,18,0,10498.0,6312.0,817.0,30,25,0,0,0,0,3,0,3047.356091166033,0,2025
2025-09-25 19:00:00,9949,3,0,19,0,10463.0,7098.0,488.0,30,25,0,0,0,0,3,0,3047.922173942835,0,2025
2025-09-25 20:00:00,9837,3,0,20,0,9326.0,7394.0,579.0,30,25,0,0,0,0,3,0,3048.203070988692,0,2025
2025-09-25 21:00:00,10039,3,0,21,0,9469.0,7462.0,1316.0,30,25,0,0,0,0,3,0,3048.4582708359426,0,2025
2025-09-25 22:00:00,9613,3,0,22,0,9367.0,7977.0,3090.0,30,25,0,0,0,0,3,0,3048.759514285134,0,2025
2025-09-25 23:00:00,7810,3,0,23,0,8828.0,8805.0,5824.0,30,25,0,0,0,0,3,0,3048.965302604769,0,2025
2025-09-26 00:00:00,4882,3,0,0,0,6684.0,9236.0,7004.0,30,26,0,0,0,0,4,0,3048.870689232136,0,2025
2025-09-26 01:00:00,2778,3,0,1,0,4375.0,10498.0,6750.0,30,26,0,0,0,0,4,0,3048.64180284902,0,2025
2025-09-26 02:00:00,1641,3,0,2,0,2394.0,10463.0,6510.0,30,26,0,0,0,0,4,0,3048.5863853398973,0,2025
2025-09-26 03:00:00,1067,3,0,3,0,1438.0,9326.0,7148.0,30,26,0,0,0,0,4,0,3048.718519592632,0,2025
2025-09-26 04:00:00,1272,3,0,4,0,818.0,9469.0,7513.0,30,26,0,0,0,0,4,0,3048.9701797669823,0,2025
2025-09-26 05:00:00,1726,3,0,5,0,862.0,9367.0,7235.0,30,26,0,0,0,0,4,0,3049.1769345403127,0,2025
2025-09-26 06:00:00,3017,3,0,6,0,946.0,8828.0,7783.0,30,26,0,0,0,0,4,0,3049.2922343303007,0,2025
2025-09-26 07:00:00,5190,3,0,7,0,1813.0,6684.0,8451.0,30,26,0,0,0,0,4,0,3049.205380287753,0,2025
2025-09-26 08:00:00,6187,3,0,8,0,3753.0,4375.0,8916.0,30,26,0,0,0,0,4,0,3048.9702292868133,0,2025
2025-09-26 09:00:00,5761,3,0,9,0,4824.0,2394.0,10808.0,30,26,0,0,0,0,4,0,3048.74758113734,0,2025
2025-09-26 10:00:00,5819,3,0,10,0,5197.0,1438.0,11052.0,30,26,0,0,0,0,4,0,3048.513472368428,0,2025
2025-09-26 11:00:00,6150,3,0,11,0,5871.0,818.0,9949.0,30,26,0,0,0,0,4,0,3048.2804408391294,0,2025
2025-09-26 12:00:00,6624,3,0,12,0,6302.0,862.0,9837.0,30,26,0,0,0,0,4,0,3048.0565789909447,0,2025
2025-09-26 13:00:00,6962,3,0,13,0,6833.0,946.0,10039.0,30,26,0,0,0,0,4,0,3047.8555296224936,0,2025
2025-09-26 14:00:00,8383,3,0,14,0,6984.0,1813.0,9613.0,30,26,0,0,0,0,4,0,3047.677731076164,0,2025
2025-09-26 15:00:00,8897,3,0,15,0,8219.0,3753.0,7810.0,30,26,0,0,0,0,4,0,3047.661127931547,0,2025
2025-09-26 16:00:00,8914,3,0,16,0,8848.0,4824.0,4882.0,30,26,0,0,0,0,4,0,3047.7280419329927,0,2025
2025-09-26 17:00:00,9984,3,0,17,0,8917.0,5197.0,2778.0,30,26,0,0,0,0,4,0,3047.7978326449165,0,2025
2025-09-26 18:00:00,11591,3,0,18,0,10056.0,5871.0,1641.0,30,26,0,0,0,0,4,0,3048.085397547381,0,2025
2025-09-26 19:00:00,10781,3,0,19,0,11092.0,6302.0,1067.0,30,26,0,0,0,0,4,0,3048.809127892658,0,2025
2025-09-26 20:00:00,9430,3,0,20,0,9908.0,6833.0,1272.0,30,26,0,0,0,0,4,0,3049.295904067222,0,2025
2025-09-26 21:00:00,8803,3,0,21,0,9258.0,6984.0,1726.0,30,26,0,0,0,0,4,0,3049.46249045488,0,2025
2025-09-26 22:00:00,9750,3,0,22,0,9593.0,8219.0,3017.0,30,26,0,0,0,0,4,0,3049.512047376141,0,2025
2025-09-26 23:00:00,9751,3,0,23,0,10039.0,8848.0,5190.0,30,26,0,0,0,0,4,0,3049.7456166519937,0,2025
2025-09-27 00:00:00,8783,3,0,0,0,9365.0,8917.0,6187.0,30,27,0,0,0,0,5,0,3049.9791685869427,0,2025
2025-09-27 01:00:00,6876,3,0,1,0,7575.0,10056.0,5761.0,30,27,0,0,0,0,5,0,3050.024904319837,0,2025
2025-09-27 02:00:00,5134,3,0,2,0,5709.0,11092.0,5819.0,30,27,0,0,0,0,5,0,3049.8402608132897,0,2025
2025-09-27 03:00:00,3363,3,0,3,0,4091.0,9908.0,6150.0,30,27,0,0,0,0,5,0,3049.6066782126272,0,2025
2025-09-27 04:00:00,2030,3,0,4,0,2529.0,9258.0,6624.0,30,27,0,0,0,0,5,0,3049.481277154533,0,2025
2025-09-27 05:00:00,1214,3,0,5,0,1320.0,9593.0,6962.0,30,27,0,0,0,0,5,0,3049.5422291532923,0,2025
2025-09-27 06:00:00,1706,3,0,6,0,797.0,10039.0,8383.0,30,27,0,0,0,0,5,0,3049.7615891091377,0,2025
2025-09-27 07:00:00,2179,3,0,7,0,1022.0,9365.0,8897.0,30,27,0,0,0,0,5,0,3049.881141786921,0,2025
2025-09-27 08:00:00,3337,3,0,8,0,1657.0,7575.0,8914.0,30,27,0,0,0,0,5,0,3049.9164114346117,0,2025
2025-09-27 09:00:00,4746,3,0,9,0,2881.0,5709.0,9984.0,30,27,0,0,0,0,5,0,3049.7935651006296,0,2025
2025-09-27 10:00:00,5750,3,0,10,0,4376.0,4091.0,11591.0,30,27,0,0,0,0,5,0,3049.570193614553,0,2025
2025-09-27 11:00:00,6561,3,0,11,0,5811.0,2529.0,10781.0,30,27,0,0,0,0,5,0,3049.336677985616,0,2025
2025-09-27 12:00:00,7422,3,0,12,0,6678.0,1320.0,9430.0,30,27,0,0,0,0,5,0,3049.132299558717,0,2025
2025-09-27 13:00:00,7886,3,0,13,0,7757.0,797.0,8803.0,30,27,0,0,0,0,5,0,3048.9953207741,0,2025
2025-09-27 14:00:00,7709,3,0,14,0,8404.0,1022.0,9750.0,30,27,0,0,0,0,5,0,3048.91021985008,0,2025
2025-09-27 15:00:00,7976,3,0,15,0,8226.0,1657.0,9751.0,30,27,0,0,0,0,5,0,3048.8040274374785,0,2025
2025-09-27 16:00:00,9114,3,0,16,0,8659.0,2881.0,8783.0,30,27,0,0,0,0,5,0,3048.7302063849274,0,2025
2025-09-27 17:00:00,9507,3,0,17,0,9950.0,4376.0,6876.0,30,27,0,0,0,0,5,0,3048.834839720513,0,2025
2025-09-27 18:00:00,10308,3,0,18,0,10052.0,5811.0,5134.0,30,27,0,0,0,0,5,0,3049.016185414663,0,2025
2025-09-27 19:00:00,10359,3,0,19,0,10509.0,6678.0,3363.0,30,27,0,0,0,0,5,0,3049.378129759927,0,2025
2025-09-27 20:00:00,9149,3,0,20,0,10256.0,7757.0,2030.0,30,27,0,0,0,0,5,0,3049.752340770549,0,2025
2025-09-27 21:00:00,10552,3,0,21,0,9113.0,8404.0,1214.0,30,27,0,0,0,0,5,0,3049.8627342908744,0,2025
2025-09-27 22:00:00,10746,3,0,22,0,10641.0,8226.0,1706.0,30,27,0,0,0,0,5,0,3050.2852259901897,0,2025
2025-09-27 23:00:00,11413,3,0,23,0,9855.0,8659.0,2179.0,30,27,0,0,0,0,5,0,3050.758315523738,0,2025
2025-09-28 00:00:00,10096,3,0,0,0,10098.0,9950.0,3337.0,30,28,0,0,0,0,6,0,3051.420710941034,0,2025
2025-09-28 01:00:00,7455,3,0,1,0,7553.0,10052.0,4746.0,30,28,0,0,0,0,6,0,3051.729659872348,0,2025
2025-09-28 02:00:00,5607,3,0,2,0,5796.0,10509.0,5750.0,30,28,0,0,0,0,6,0,3051.595188646893,0,2025
2025-09-28 03:00:00,3939,3,0,3,0,4701.0,10256.0,6561.0,30,28,0,0,0,0,6,0,3051.36036086698,0,2025
2025-09-28 04:00:00,2569,3,0,4,0,3007.0,9113.0,7422.0,30,28,0,0,0,0,6,0,3051.1832303694,0,2025
2025-09-28 05:00:00,1384,3,0,5,0,1624.0,10641.0,7886.0,30,28,0,0,0,0,6,0,3051.1586240850097,0,2025
2025-09-28 06:00:00,1935,3,0,6,0,832.0,9855.0,7709.0,30,28,0,0,0,0,6,0,3051.3423053391366,0,2025
2025-09-28 07:00:00,2199,3,0,7,0,1138.0,10098.0,7976.0,30,28,0,0,0,0,6,0,3051.4201297264995,0,2025
2025-09-28 08:00:00,3278,3,0,8,0,1697.0,7553.0,9114.0,30,28,0,0,0,0,6,0,3051.452655842477,0,2025
2025-09-28 09:00:00,4621,3,0,9,0,2757.0,5796.0,9507.0,30,28,0,0,0,0,6,0,3051.337094221924,0,2025
2025-09-28 10:00:00,5941,3,0,10,0,4096.0,4701.0,10308.0,30,28,0,0,0,0,6,0,3051.1194900384808,0,2025
2025-09-28 11:00:00,6936,3,0,11,0,5364.0,3007.0,10359.0,30,28,0,0,0,0,6,0,3050.8904090821047,0,2025
2025-09-28 12:00:00,7724,3,0,12,0,6370.0,1624.0,9149.0,30,28,0,0,0,0,6,0,3050.7108432561663,0,2025
2025-09-28 13:00:00,7798,3,0,13,0,7192.0,832.0,10552.0,30,28,0,0,0,0,6,0,3050.6059314179547,0,2025
2025-09-28 14:00:00,8166,3,0,14,0,7633.0,1138.0,10746.0,30,28,0,0,0,0,6,0,3050.509624051565,0,2025
2025-09-28 15:00:00,7571,3,0,15,0,8338.0,1697.0,11413.0,30,28,0,0,0,0,6,0,3050.4602393549703,0,2025
2025-09-28 16:00:00,7825,3,0,16,0,7593.0,2757.0,10096.0,30,28,0,0,0,0,6,0,3050.33834996732,0,2025
2025-09-28 17:00:00,8005,3,0,17,0,8155.0,4096.0,7455.0,30,28,0,0,0,0,6,0,3050.2451990447053,0,2025
2025-09-28 18:00:00,7613,3,0,18,0,8249.0,5364.0,5607.0,30,28,0,0,0,0,6,0,3050.1743624438386,0,2025
2025-09-28 19:00:00,7279,3,0,19,0,7772.0,6370.0,3939.0,30,28,0,0,0,0,6,0,3050.0569713834434,0,2025
2025-09-28 20:00:00,6458,3,0,20,0,7068.0,7192.0,2569.0,30,28,0,0,0,0,6,0,3049.90606074693,0,2025
2025-09-28 21:00:00,5921,3,0,21,0,6412.0,7633.0,1384.0,30,28,0,0,0,0,6,0,3049.6967134809083,0,2025
2025-09-28 22:00:00,4490,3,0,22,0,6053.0,8338.0,1935.0,30,28,0,0,0,0,6,0,3049.4675741002334,0,2025
2025-09-28 23:00:00,3390,3,0,23,0,4447.0,7593.0,2199.0,30,28,0,0,0,0,6,0,3049.256652299728,0,2025
2025-09-29 00:00:00,2029,3,0,0,0,3142.0,8155.0,3278.0,30,29,0,0,0,0,0,0,3049.12992263566,0,2025
2025-09-29 01:00:00,931,3,0,1,0,1731.0,8249.0,4621.0,30,29,0,0,0,0,0,0,3049.1917055432323,0,2025
2025-09-29 02:00:00,573,3,0,2,0,721.0,7772.0,5941.0,30,29,0,0,0,0,0,0,3049.4734420357736,0,2025
2025-09-29 03:00:00,431,3,0,3,0,422.0,7068.0,6936.0,30,29,0,0,0,0,0,0,3049.839758069179,0,2025
2025-09-29 04:00:00,683,3,0,4,0,289.0,6412.0,7724.0,30,29,0,0,0,0,0,0,3050.2411619875265,0,2025
2025-09-29 05:00:00,1347,3,0,5,0,414.0,6053.0,7798.0,30,29,0,0,0,0,0,0,3050.58004597688,0,2025
2025-09-29 06:00:00,2833,3,0,6,0,892.0,4447.0,8166.0,30,29,0,0,0,0,0,0,3050.770229986257,0,2025
2025-09-29 07:00:00,5258,3,0,7,0,1945.0,3142.0,7571.0,30,29,0,0,0,0,0,0,3050.708657704144,0,2025
2025-09-29 08:00:00,6631,3,0,8,0,3980.0,1731.0,7825.0,30,29,0,0,0,0,0,0,3050.4753249979917,0,2025
2025-09-29 09:00:00,6223,3,0,9,0,5013.0,721.0,8005.0,30,29,0,0,0,0,0,0,3050.2760684072964,0,2025
2025-09-29 10:00:00,5585,3,0,10,0,5349.0,422.0,7613.0,30,29,0,0,0,0,0,0,3050.0568354255097,0,2025
2025-09-29 11:00:00,5695,3,0,11,0,5596.0,289.0,7279.0,30,29,0,0,0,0,0,0,3049.823152608169,0,2025
2025-09-29 12:00:00,6024,3,0,12,0,5873.0,414.0,6458.0,30,29,0,0,0,0,0,0,3049.5905612274883,0,2025
2025-09-29 13:00:00,6646,3,0,13,0,6184.0,892.0,5921.0,30,29,0,0,0,0,0,0,3049.3647598653065,0,2025
2025-09-29 14:00:00,7299,3,0,14,0,7098.0,1945.0,4490.0,30,29,0,0,0,0,0,0,3049.1666227297887,0,2025
2025-09-29 15:00:00,7883,3,0,15,0,7833.0,3980.0,3390.0,30,29,0,0,0,0,0,0,3049.0184478371384,0,2025
2025-09-29 16:00:00,7751,3,0,16,0,8440.0,5013.0,2029.0,30,29,0,0,0,0,0,0,3048.933091252953,0,2025
2025-09-29 17:00:00,9002,3,0,17,0,8190.0,5349.0,931.0,30,29,0,0,0,0,0,0,3048.832020839716,0,2025
2025-09-29 18:00:00,9228,3,0,18,0,9264.0,5596.0,573.0,30,29,0,0,0,0,0,0,3048.9148115197627,0,2025
2025-09-29 19:00:00,8174,3,0,19,0,9449.0,5873.0,431.0,30,29,0,0,0,0,0,0,3049.0390737238527,0,2025
2025-09-29 20:00:00,7568,3,0,20,0,8436.0,6184.0,683.0,30,29,0,0,0,0,0,0,3048.9911903410093,0,2025
2025-09-29 21:00:00,7097,3,0,21,0,7555.0,7098.0,1347.0,30,29,0,0,0,0,0,0,3048.869681457401,0,2025
2025-09-29 22:00:00,5918,3,0,22,0,6715.0,7833.0,2833.0,30,29,0,0,0,0,0,0,3048.7037412802565,0,2025
2025-09-29 23:00:00,3433,3,0,23,0,5660.0,8440.0,5258.0,30,29,0,0,0,0,0,0,3048.4755153553497,0,2025
2025-09-30 00:00:00,2015,3,0,0,0,3175.0,8190.0,6631.0,30,30,0,0,0,1,1,0,3048.3448134319856,0,2025
2025-09-30 01:00:00,757,3,0,1,0,1750.0,9264.0,6223.0,30,30,0,0,0,1,1,0,3048.4087435514684,0,2025
2025-09-30 02:00:00,446,3,0,2,0,565.0,9449.0,5585.0,30,30,0,0,0,1,1,0,3048.729705472801,0,2025
2025-09-30 03:00:00,289,3,0,3,0,343.0,8436.0,5695.0,30,30,0,0,0,1,1,0,3049.126156904093,0,2025
2025-09-30 04:00:00,401,3,0,4,0,168.0,7555.0,6024.0,30,30,0,0,0,1,1,0,3049.5623305433173,0,2025
2025-09-30 05:00:00,1035,3,0,5,0,260.0,6715.0,6646.0,30,30,0,0,0,1,1,0,3049.96939210904,0,2025
2025-09-30 06:00:00,2516,3,0,6,0,840.0,5660.0,7299.0,30,30,0,0,0,1,1,0,3050.225484120357,0,2025
2025-09-30 07:00:00,5223,3,0,7,0,1963.0,3175.0,7883.0,30,30,0,0,0,1,1,0,3050.2082193091937,0,2025
2025-09-30 08:00:00,6728,3,0,8,0,4245.0,1750.0,7751.0,30,30,0,0,0,1,1,0,3049.976139771091,0,2025
2025-09-30 09:00:00,6611,3,0,9,0,5362.0,565.0,9002.0,30,30,0,0,0,1,1,0,3049.7837085879364,0,2025
2025-09-30 10:00:00,6471,3,0,10,0,5921.0,343.0,9228.0,30,30,0,0,0,1,1,0,3049.584162408756,0,2025
2025-09-30 11:00:00,6463,3,0,11,0,6453.0,168.0,8174.0,30,30,0,0,0,1,1,0,3049.3770034608806,0,2025
2025-09-30 12:00:00,6904,3,0,12,0,6725.0,260.0,7568.0,30,30,0,0,0,1,1,0,3049.1694784522497,0,2025
2025-09-30 13:00:00,7016,3,0,13,0,7236.0,840.0,7097.0,30,30,0,0,0,1,1,0,3048.9892338534764,0,2025
2025-09-30 14:00:00,7824,3,0,14,0,7367.0,1963.0,5918.0,30,30,0,0,0,1,1,0,3048.8174860764543,0,2025
2025-09-30 15:00:00,8148,3,0,15,0,8323.0,4245.0,3433.0,30,30,0,0,0,1,1,0,3048.725473154024,0,2025
2025-09-30 16:00:00,8391,3,0,16,0,8605.0,5362.0,2015.0,30,30,0,0,0,1,1,0,3048.674587276973,0,2025
2025-09-30 17:00:00,10464,3,0,17,0,8686.0,5921.0,757.0,30,30,0,0,0,1,1,0,3048.657962036777,0,2025
2025-09-30 18:00:00,10881,3,0,18,0,10446.0,6453.0,446.0,30,30,0,0,0,1,1,0,3049.05406731172,0,2025
2025-09-30 19:00:00,9779,3,0,19,0,10642.0,6725.0,289.0,30,30,0,0,0,1,1,0,3049.558801357308,0,2025
2025-09-30 20:00:00,9539,3,0,20,0,9595.0,7236.0,401.0,30,30,0,0,0,1,1,0,3049.7940664805974,0,2025
2025-09-30 21:00:00,9965,3,0,21,0,8882.0,7367.0,1035.0,30,30,0,0,0,1,1,0,3049.978593582026,0,2025
2025-09-30 22:00:00,8001,3,0,22,0,9048.0,8323.0,2516.0,30,30,0,0,0,1,1,0,3050.2545222869085,0,2025
2025-09-30 23:00:00,4587,3,0,23,0,7026.0,8605.0,5223.0,30,30,0,0,0,1,1,0,3050.183629479906,0,2025
